id_proposta,data_proposta,valor_bem,valor_entrada_desejada,pct_entrada_desejada,valor_financiado_desejado,ltv_desejado,prazo_desejado_meses,canal_originacao,ano_modelo,idade_veiculo_anos,idade_cliente,ocupacao,renda_mensal_declarada,tempo_emprego_meses,tipo_residencia,score_bureau,qtd_restricoes_ativas,qtd_consultas_bureau_3m,possui_avalista,qtd_parcelas_em_atraso_12m
P000001,2025-11-01,22000.0,880.0,0.04,21120.0,0.96,60,Revenda multimarca,2017,8,35,CLT,2277.4,,Alugada,468.0,0,2,Não,0
P000002,2025-12-01,43700.0,3089.59,0.0707,40610.41,0.9293,48,Concessionária,2022,3,35,CLT,2048.06,19.0,Financiada,616.0,1,4,Não,0
P000003,2025-12-01,22000.0,5434.0,0.247,16566.0,0.753,24,Revenda multimarca,2013,12,27,CLT,1600.0,108.0,Financiada,634.0,1,1,Não,0
P000004,2025-09-01,36000.0,2620.8,0.0728,33379.2,0.9272,36,Concessionária,2016,9,75,Aposentado,3463.5,48.0,Financiada,420.0,1,0,Sim,0
P000005,2025-08-01,71700.0,3398.58,0.0474,68301.42,0.9526,60,Correspondente bancário,2023,2,26,Autônomo,5379.87,18.0,Própria,817.0,0,2,Não,0
P000006,2025-11-01,54700.0,2073.13,0.0379,52626.87,0.9621,36,Concessionária,2021,4,32,CLT,4602.14,18.0,Própria,802.0,0,2,Não,0
P000007,2025-07-01,57400.0,7806.4,0.136,49593.6,0.864,48,Digital,2022,3,40,Empresário,9031.6,34.0,Própria,702.0,0,0,Não,0
P000008,2025-11-01,45500.0,14710.15,0.3233,30789.85,0.6767,60,Digital,2019,6,47,CLT,3976.73,59.0,Alugada,595.0,0,1,Não,0
P000009,2025-08-01,35000.0,3692.5,0.1055,31307.5,0.8945,36,Concessionária,2023,2,22,CLT,4138.49,28.0,Financiada,532.0,2,3,Sim,0
P000010,2025-11-01,43900.0,7405.93,0.1687,36494.07,0.8313,48,Correspondente bancário,2021,4,41,Empresário,7400.25,19.0,Financiada,705.0,0,1,Não,0
P000011,2025-08-01,32600.0,4182.58,0.1283,28417.42,0.8717,36,Revenda multimarca,2023,2,34,Autônomo,2187.84,6.0,Própria,429.0,3,3,Não,0
P000012,2025-09-01,50100.0,8922.81,0.1781,41177.19,0.8219,48,Revenda multimarca,2024,1,24,CLT,3899.31,30.0,Própria,482.0,3,3,Não,0
P000013,2025-09-01,45100.0,11667.37,0.2587,33432.63,0.7413,36,Concessionária,2020,5,59,Empresário,8062.21,101.0,Familiar,430.0,1,1,Não,0
P000014,2025-11-01,45300.0,7981.86,0.1762,37318.14,0.8238,60,Concessionária,2023,2,47,CLT,9701.63,,Financiada,472.0,3,5,Não,0
P000015,2025-09-01,31300.0,3853.03,0.1231,27446.97,0.8769,60,Concessionária,2024,1,46,CLT,5413.7,25.0,Própria,634.0,4,1,Sim,0
P000016,2025-10-01,31400.0,8446.6,0.269,22953.4,0.731,48,Concessionária,2020,5,51,CLT,3137.87,73.0,Própria,558.0,0,1,Não,0
P000017,2025-11-01,91400.0,1828.0,0.02,89572.0,0.98,24,Concessionária,2016,9,36,Empresário,5079.89,83.0,Alugada,539.0,2,3,Sim,0
P000018,2025-11-01,37000.0,7311.2,0.1976,29688.8,0.8024,60,Concessionária,2022,3,55,Aposentado,3440.99,227.0,Alugada,590.0,1,1,Não,0
P000019,2025-11-01,22000.0,13173.6,0.5988,8826.4,0.4012,48,Correspondente bancário,2019,6,63,Autônomo,4839.23,2.0,Própria,522.0,0,1,Não,0
P000020,2025-08-01,22000.0,2871.0,0.1305,19129.0,0.8695,60,Digital,2016,9,35,Empresário,2715.42,35.0,Alugada,372.0,2,7,Não,0
P000021,2025-09-01,69400.0,6912.24,0.0996,62487.76,0.9004,48,Concessionária,2023,2,46,Empresário,9343.65,19.0,Familiar,622.0,0,1,Não,0
P000022,2025-09-01,86300.0,35900.8,0.416,50399.2,0.584,60,Concessionária,2022,3,75,Aposentado,5217.45,270.0,Própria,563.0,1,1,Sim,0
P000023,2025-12-01,72200.0,14367.8,0.199,57832.2,0.801,24,Correspondente bancário,2022,3,32,CLT,11512.56,,Alugada,785.0,0,1,Não,0
P000024,2025-09-01,32600.0,3191.54,0.0979,29408.46,0.9021,60,Concessionária,2020,5,23,Empresário,,60.0,Alugada,734.0,0,1,Não,0
P000025,2025-10-01,25300.0,10927.07,0.4319,14372.93,0.5681,60,Correspondente bancário,2023,2,23,Autônomo,4236.51,20.0,Própria,532.0,1,1,Não,0
P000026,2025-08-01,32400.0,8355.96,0.2579,24044.04,0.7421,36,Correspondente bancário,2021,4,33,Servidor público,,153.0,Alugada,414.0,2,2,Não,0
P000027,2025-12-01,40000.0,10060.0,0.2515,29940.0,0.7485,24,Concessionária,2022,3,34,Autônomo,1600.0,27.0,Alugada,590.0,0,1,Não,0
P000028,2025-11-01,59300.0,10294.48,0.1736,49005.52,0.8264,60,Digital,2022,3,28,Servidor público,,106.0,Própria,445.0,5,4,Não,0
P000029,2025-10-01,46300.0,15353.08,0.3316,30946.92,0.6684,60,Correspondente bancário,2021,4,41,CLT,6977.23,13.0,Financiada,643.0,2,0,Não,0
P000030,2025-08-01,24900.0,8724.96,0.3504,16175.04,0.6496,60,Concessionária,2021,4,36,CLT,4349.96,127.0,Familiar,500.0,0,6,Sim,0
P000031,2025-11-01,46500.0,13485.0,0.29,33015.0,0.71,48,Correspondente bancário,2023,2,37,CLT,6456.98,7.0,Própria,727.0,0,2,Não,0
P000032,2025-10-01,25300.0,2535.06,0.1002,22764.94,0.8998,36,Digital,2017,8,57,Autônomo,,68.0,Familiar,244.0,5,2,Sim,0
P000033,2025-11-01,23800.0,2180.08,0.0916,21619.92,0.9084,36,Digital,2021,4,50,Empresário,3235.57,32.0,Própria,98.0,5,9,Não,0
P000034,2025-09-01,40200.0,20112.06,0.5003,20087.94,0.4997,36,Revenda multimarca,2023,2,27,Servidor público,,19.0,Financiada,550.0,1,3,Não,0
P000035,2025-08-01,62100.0,5179.14,0.0834,56920.86,0.9166,24,Correspondente bancário,2022,3,27,CLT,12461.07,17.0,Própria,791.0,0,0,Não,0
P000036,2025-12-01,22000.0,6498.8,0.2954,15501.2,0.7046,24,Concessionária,2021,4,60,Autônomo,4602.99,70.0,Alugada,588.0,0,1,Não,0
P000037,2025-10-01,31600.0,1390.4,0.044,30209.6,0.956,48,Revenda multimarca,2022,3,32,Autônomo,,,Alugada,505.0,0,2,Sim,0
P000038,2025-09-01,41300.0,2911.65,0.0705,38388.35,0.9295,36,Correspondente bancário,2022,3,43,CLT,5401.66,40.0,Própria,605.0,0,4,Não,0
P000039,2025-12-01,22000.0,3080.0,0.14,18920.0,0.86,24,Concessionária,2020,5,31,CLT,2935.1,22.0,Alugada,593.0,0,0,Não,0
P000040,2025-11-01,60900.0,3988.95,0.0655,56911.05,0.9345,60,Correspondente bancário,2020,5,46,CLT,4401.15,101.0,Alugada,457.0,0,0,Não,0
P000041,2025-12-01,22000.0,4917.0,0.2235,17083.0,0.7765,36,Concessionária,2024,1,25,Autônomo,1600.0,62.0,Própria,415.0,5,1,Não,0
P000042,2025-11-01,22500.0,5294.25,0.2353,17205.75,0.7647,48,Correspondente bancário,2020,5,33,Autônomo,1600.0,70.0,Alugada,385.0,5,2,Sim,0
P000043,2025-11-01,34800.0,4920.72,0.1414,29879.28,0.8586,60,Revenda multimarca,2024,1,62,CLT,2603.68,16.0,Familiar,166.0,5,6,Sim,0
P000044,2025-10-01,54000.0,22971.6,0.4254,31028.4,0.5746,36,Digital,2022,3,33,CLT,5169.5,15.0,Financiada,725.0,1,2,Não,0
P000045,2025-07-01,22000.0,10208.0,0.464,11792.0,0.536,24,Concessionária,2017,8,45,Autônomo,1636.91,101.0,Financiada,661.0,0,0,Não,0
P000046,2025-08-01,27900.0,3029.94,0.1086,24870.06,0.8914,48,Correspondente bancário,2023,2,36,CLT,4937.08,97.0,Própria,405.0,5,5,Não,0
P000047,2025-09-01,35700.0,15465.24,0.4332,20234.76,0.5668,36,Revenda multimarca,2021,4,43,CLT,2748.43,136.0,Financiada,429.0,1,0,Não,0
P000048,2025-12-01,24100.0,865.19,0.0359,23234.81,0.9641,48,Digital,2021,4,56,Autônomo,,15.0,Familiar,355.0,1,5,Não,0
P000049,2025-10-01,27900.0,558.0,0.02,27342.0,0.98,60,Concessionária,2023,2,51,Autônomo,2035.87,26.0,Familiar,703.0,0,0,Não,0
P000050,2025-11-01,52600.0,20466.66,0.3891,32133.34,0.6109,36,Correspondente bancário,2022,3,48,Servidor público,3150.3,68.0,Alugada,623.0,0,2,Sim,0
P000051,2025-12-01,22000.0,3412.2,0.1551,18587.8,0.8449,48,Revenda multimarca,2016,9,28,CLT,1806.64,20.0,Financiada,360.0,2,3,Sim,0
P000052,2025-07-01,41100.0,10735.32,0.2612,30364.68,0.7388,48,Correspondente bancário,2024,1,53,Aposentado,3921.47,5.0,Própria,648.0,1,3,Não,0
P000053,2025-07-01,22000.0,440.0,0.02,21560.0,0.98,48,Concessionária,2016,9,35,Servidor público,5198.54,,Familiar,277.0,5,5,Sim,0
P000054,2025-08-01,22000.0,5130.4,0.2332,16869.6,0.7668,60,Concessionária,2024,1,31,Autônomo,2000.11,25.0,Própria,538.0,3,0,Não,0
P000055,2025-07-01,42500.0,12448.25,0.2929,30051.75,0.7071,60,Revenda multimarca,2024,1,47,CLT,6168.21,64.0,Financiada,545.0,3,3,Não,0
P000056,2025-09-01,32100.0,10117.92,0.3152,21982.08,0.6848,36,Revenda multimarca,2019,6,38,CLT,2955.82,47.0,Familiar,396.0,2,2,Não,0
P000057,2025-08-01,39500.0,2255.45,0.0571,37244.55,0.9429,60,Digital,2018,7,28,CLT,2502.89,48.0,Própria,702.0,0,1,Não,0
P000058,2025-08-01,22000.0,660.0,0.03,21340.0,0.97,60,Correspondente bancário,2022,3,61,Servidor público,1844.96,56.0,Alugada,101.0,5,5,Sim,0
P000059,2025-08-01,22000.0,10194.8,0.4634,11805.2,0.5366,48,Concessionária,2013,12,45,CLT,3114.18,23.0,Própria,438.0,3,1,Sim,0
P000060,2025-10-01,36400.0,5456.36,0.1499,30943.64,0.8501,60,Concessionária,2024,1,39,CLT,6116.38,47.0,Própria,648.0,0,0,Não,0
P000061,2025-10-01,22000.0,2547.6,0.1158,19452.4,0.8842,36,Digital,2022,3,26,CLT,1600.0,68.0,Familiar,388.0,3,0,Sim,0
P000062,2025-11-01,22000.0,4439.6,0.2018,17560.4,0.7982,48,Concessionária,2015,10,29,Autônomo,1600.0,,Familiar,585.0,1,3,Não,0
P000063,2025-11-01,29600.0,2054.24,0.0694,27545.76,0.9306,60,Digital,2024,1,24,Autônomo,,32.0,Própria,882.0,0,0,Não,0
P000064,2025-10-01,50000.0,5790.0,0.1158,44210.0,0.8842,24,Concessionária,2024,1,33,CLT,5269.08,46.0,Financiada,510.0,2,0,Não,0
P000065,2025-10-01,33200.0,6128.72,0.1846,27071.28,0.8154,36,Concessionária,2015,10,59,CLT,5038.47,39.0,Própria,568.0,0,3,Não,0
P000066,2025-10-01,28700.0,9571.45,0.3335,19128.55,0.6665,24,Revenda multimarca,2022,3,30,CLT,1938.64,48.0,Própria,365.0,5,0,Não,0
P000067,2025-08-01,22000.0,1060.4,0.0482,20939.6,0.9518,48,Correspondente bancário,2015,10,34,Autônomo,1600.0,94.0,Própria,652.0,0,1,Não,0
P000068,2025-07-01,24100.0,4764.57,0.1977,19335.43,0.8023,48,Digital,2022,3,27,CLT,3321.74,13.0,Própria,545.0,2,2,Não,0
P000069,2025-07-01,22400.0,4674.88,0.2087,17725.12,0.7913,60,Concessionária,2014,11,34,Autônomo,2101.06,37.0,Financiada,662.0,2,1,Não,0
P000070,2025-12-01,22400.0,6498.24,0.2901,15901.76,0.7099,24,Correspondente bancário,2017,8,34,CLT,3338.41,111.0,Própria,531.0,4,1,Não,0
P000071,2025-10-01,45100.0,16470.52,0.3652,28629.48,0.6348,60,Revenda multimarca,2021,4,55,CLT,2536.12,246.0,Alugada,414.0,3,4,Não,0
P000072,2025-12-01,109600.0,34282.88,0.3128,75317.12,0.6872,36,Concessionária,2020,5,27,Servidor público,,46.0,Familiar,643.0,0,0,Não,0
P000073,2025-09-01,33300.0,6610.05,0.1985,26689.95,0.8015,60,Revenda multimarca,2015,10,25,CLT,4205.66,7.0,Alugada,573.0,0,1,Não,0
P000074,2025-08-01,57600.0,12234.24,0.2124,45365.76,0.7876,48,Concessionária,2023,2,25,Servidor público,5876.46,,Alugada,495.0,1,1,Não,0
P000075,2025-12-01,75700.0,11854.62,0.1566,63845.38,0.8434,60,Concessionária,2017,8,75,CLT,,,Familiar,596.0,2,1,Não,0
P000076,2025-09-01,54400.0,13730.56,0.2524,40669.44,0.7476,48,Concessionária,2018,7,40,Autônomo,3854.93,21.0,Familiar,738.0,1,1,Sim,0
P000077,2025-11-01,60100.0,16040.69,0.2669,44059.31,0.7331,36,Concessionária,2013,12,51,CLT,3076.14,31.0,Própria,458.0,2,4,Não,0
P000078,2025-07-01,27100.0,11371.16,0.4196,15728.84,0.5804,36,Concessionária,2024,1,46,Servidor público,3198.53,22.0,Alugada,493.0,4,0,Sim,0
P000079,2025-08-01,43200.0,8868.96,0.2053,34331.04,0.7947,36,Concessionária,2019,6,59,CLT,,36.0,Alugada,424.0,0,2,Não,0
P000080,2025-10-01,22000.0,5398.8,0.2454,16601.2,0.7546,60,Correspondente bancário,2013,12,57,Autônomo,5816.53,59.0,Financiada,388.0,3,3,Não,0
P000081,2025-10-01,22000.0,4028.2,0.1831,17971.8,0.8169,60,Concessionária,2022,3,47,CLT,4907.14,20.0,Financiada,553.0,0,2,Não,0
P000082,2025-12-01,22500.0,7033.5,0.3126,15466.5,0.6874,36,Correspondente bancário,2017,8,29,CLT,3573.99,132.0,Alugada,499.0,5,1,Não,0
P000083,2025-10-01,30300.0,4763.16,0.1572,25536.84,0.8428,60,Concessionária,2025,0,26,Empresário,3272.71,18.0,Alugada,577.0,0,1,Não,0
P000084,2025-11-01,24900.0,2534.82,0.1018,22365.18,0.8982,48,Revenda multimarca,2023,2,32,CLT,2764.0,87.0,Alugada,140.0,5,8,Não,0
P000085,2025-08-01,84400.0,14601.2,0.173,69798.8,0.827,36,Revenda multimarca,2022,3,32,CLT,15158.77,127.0,Familiar,874.0,0,1,Não,0
P000086,2025-10-01,22000.0,6424.0,0.292,15576.0,0.708,36,Concessionária,2019,6,46,Empresário,2471.07,7.0,Alugada,292.0,5,1,Não,0
P000087,2025-07-01,69200.0,33575.84,0.4852,35624.16,0.5148,60,Revenda multimarca,2024,1,27,Autônomo,7055.67,108.0,Própria,853.0,0,0,Não,0
P000088,2025-07-01,29700.0,3320.46,0.1118,26379.54,0.8882,36,Revenda multimarca,2013,12,44,Autônomo,3584.88,29.0,Própria,435.0,3,1,Sim,0
P000089,2025-11-01,26600.0,9945.74,0.3739,16654.26,0.6261,24,Digital,2020,5,47,CLT,6314.34,71.0,Alugada,526.0,1,3,Não,0
P000090,2025-08-01,92700.0,32296.68,0.3484,60403.32,0.6516,24,Concessionária,2021,4,51,Autônomo,14413.85,,Alugada,731.0,1,1,Não,0
P000091,2025-07-01,39800.0,9213.7,0.2315,30586.3,0.7685,48,Correspondente bancário,2021,4,27,Autônomo,3603.82,13.0,Familiar,,0,0,Não,0
P000092,2025-07-01,41400.0,4516.74,0.1091,36883.26,0.8909,48,Concessionária,2021,4,36,CLT,4892.87,60.0,Alugada,826.0,0,1,Sim,0
P000093,2025-12-01,31300.0,12695.28,0.4056,18604.72,0.5944,60,Concessionária,2013,12,37,CLT,,31.0,Própria,483.0,2,7,Não,0
P000094,2025-07-01,51800.0,32064.2,0.619,19735.8,0.381,60,Concessionária,2015,10,34,Autônomo,3283.63,37.0,Familiar,341.0,5,3,Sim,0
P000095,2025-09-01,22000.0,5900.4,0.2682,16099.6,0.7318,24,Digital,2023,2,34,Autônomo,1600.0,19.0,Alugada,619.0,1,2,Não,0
P000096,2025-09-01,23600.0,5779.64,0.2449,17820.36,0.7551,60,Concessionária,2013,12,75,CLT,1604.68,37.0,Alugada,285.0,4,4,Sim,0
P000097,2025-10-01,27000.0,2805.3,0.1039,24194.7,0.8961,36,Correspondente bancário,2022,3,40,Autônomo,4057.29,22.0,Própria,,0,0,Não,0
P000098,2025-07-01,72900.0,1924.56,0.0264,70975.44,0.9736,36,Concessionária,2016,9,33,CLT,6458.94,44.0,Própria,548.0,1,4,Não,0
P000099,2025-12-01,26500.0,8034.8,0.3032,18465.2,0.6968,24,Correspondente bancário,2020,5,27,Servidor público,4385.0,57.0,Própria,415.0,1,2,Não,0
P000100,2025-12-01,22000.0,2906.2,0.1321,19093.8,0.8679,48,Concessionária,2013,12,47,Autônomo,1810.63,,Alugada,456.0,1,1,Não,0
P000101,2025-12-01,22000.0,4738.8,0.2154,17261.2,0.7846,48,Correspondente bancário,2024,1,46,Servidor público,1781.2,25.0,Financiada,382.0,2,2,Sim,0
P000102,2025-08-01,45900.0,6885.0,0.15,39015.0,0.85,60,Concessionária,2021,4,44,Autônomo,5935.0,52.0,Familiar,582.0,2,2,Não,0
P000103,2025-07-01,37100.0,2296.49,0.0619,34803.51,0.9381,24,Concessionária,2024,1,51,Autônomo,5478.03,26.0,Financiada,387.0,1,2,Sim,0
P000104,2025-12-01,48300.0,7317.45,0.1515,40982.55,0.8485,24,Correspondente bancário,2023,2,36,Empresário,12752.8,67.0,Própria,543.0,2,2,Sim,0
P000105,2025-09-01,33100.0,2916.11,0.0881,30183.89,0.9119,36,Concessionária,2021,4,25,CLT,6666.22,38.0,Própria,513.0,0,1,Sim,0
P000106,2025-07-01,22000.0,4246.0,0.193,17754.0,0.807,36,Concessionária,2023,2,29,Empresário,3536.03,81.0,Financiada,221.0,5,3,Sim,0
P000107,2025-07-01,22000.0,4857.6,0.2208,17142.4,0.7792,24,Concessionária,2023,2,31,CLT,2265.51,88.0,Própria,680.0,0,2,Não,0
P000108,2025-09-01,56100.0,9834.33,0.1753,46265.67,0.8247,36,Concessionária,2023,2,32,CLT,3792.28,34.0,Familiar,691.0,0,2,Não,0
P000109,2025-12-01,45400.0,18972.66,0.4179,26427.34,0.5821,36,Concessionária,2013,12,41,Servidor público,4488.48,27.0,Própria,475.0,1,2,Sim,0
P000110,2025-11-01,80300.0,25302.53,0.3151,54997.47,0.6849,60,Correspondente bancário,2024,1,34,Servidor público,4149.69,70.0,Familiar,472.0,1,3,Não,0
P000111,2025-08-01,29800.0,10915.74,0.3663,18884.26,0.6337,60,Revenda multimarca,2022,3,55,Empresário,4100.88,,Própria,166.0,5,4,Sim,0
P000112,2025-07-01,22000.0,5266.8,0.2394,16733.2,0.7606,24,Revenda multimarca,2013,12,38,CLT,1600.0,44.0,Própria,258.0,5,6,Sim,0
P000113,2025-07-01,57000.0,19471.2,0.3416,37528.8,0.6584,24,Concessionária,2022,3,23,CLT,3756.62,,Alugada,816.0,1,1,Não,0
P000114,2025-11-01,25200.0,6247.08,0.2479,18952.92,0.7521,24,Correspondente bancário,2022,3,75,Aposentado,3371.0,159.0,Própria,316.0,5,1,Sim,0
P000115,2025-12-01,40100.0,3897.72,0.0972,36202.28,0.9028,60,Digital,2013,12,38,CLT,2060.32,21.0,Financiada,426.0,3,3,Sim,0
P000116,2025-11-01,54000.0,15211.8,0.2817,38788.2,0.7183,60,Digital,2021,4,31,Autônomo,10336.93,56.0,Alugada,920.0,0,0,Não,0
P000117,2025-10-01,45700.0,6717.9,0.147,38982.1,0.853,60,Digital,2022,3,27,CLT,,77.0,Alugada,,2,2,Não,0
P000118,2025-08-01,32800.0,6274.64,0.1913,26525.36,0.8087,60,Revenda multimarca,2023,2,38,CLT,4608.4,95.0,Familiar,690.0,1,0,Não,0
P000119,2025-12-01,31200.0,13609.44,0.4362,17590.56,0.5638,60,Revenda multimarca,2023,2,33,CLT,2399.16,65.0,Alugada,572.0,1,0,Não,0
P000120,2025-08-01,34500.0,6244.5,0.181,28255.5,0.819,48,Concessionária,2020,5,43,Servidor público,4167.06,70.0,Alugada,355.0,5,8,Sim,0
P000121,2025-11-01,34900.0,2474.41,0.0709,32425.59,0.9291,60,Concessionária,2013,12,33,Autônomo,,96.0,Própria,430.0,4,5,Sim,0
P000122,2025-08-01,22000.0,1210.0,0.055,20790.0,0.945,48,Concessionária,2019,6,24,Autônomo,2644.52,14.0,Familiar,576.0,0,1,Não,0
P000123,2025-09-01,22000.0,13131.8,0.5969,8868.2,0.4031,60,Concessionária,2020,5,29,Autônomo,2671.67,92.0,Alugada,773.0,0,0,Não,0
P000124,2025-12-01,42800.0,5752.32,0.1344,37047.68,0.8656,60,Digital,2023,2,27,Empresário,5653.83,6.0,Própria,736.0,0,1,Não,0
P000125,2025-09-01,44000.0,13349.6,0.3034,30650.4,0.6966,24,Concessionária,2020,5,61,CLT,3443.24,82.0,Própria,624.0,1,4,Não,0
P000126,2025-12-01,35100.0,11586.51,0.3301,23513.49,0.6699,48,Revenda multimarca,2022,3,33,CLT,6034.58,76.0,Própria,548.0,1,2,Não,0
P000127,2025-08-01,31300.0,1784.1,0.057,29515.9,0.943,36,Revenda multimarca,2025,0,35,Servidor público,9712.97,84.0,Financiada,512.0,1,2,Sim,0
P000128,2025-09-01,36800.0,2616.48,0.0711,34183.52,0.9289,48,Concessionária,2023,2,54,CLT,7989.94,6.0,Familiar,389.0,5,3,Não,0
P000129,2025-12-01,23500.0,9832.4,0.4184,13667.6,0.5816,60,Revenda multimarca,2020,5,25,Autônomo,,,Alugada,454.0,5,3,Não,0
P000130,2025-10-01,48000.0,36000.0,0.75,12000.0,0.25,36,Digital,2022,3,45,CLT,21117.3,8.0,Familiar,822.0,1,1,Não,0
P000131,2025-08-01,25100.0,3227.86,0.1286,21872.14,0.8714,48,Correspondente bancário,2013,12,31,CLT,1600.0,156.0,Própria,226.0,5,2,Sim,0
P000132,2025-12-01,65900.0,15499.68,0.2352,50400.32,0.7648,24,Concessionária,2023,2,44,CLT,9087.71,107.0,Própria,753.0,0,2,Não,0
P000133,2025-10-01,56300.0,17571.23,0.3121,38728.77,0.6879,48,Digital,2020,5,31,CLT,2710.11,19.0,Familiar,468.0,2,1,Sim,0
P000134,2025-10-01,22000.0,5680.4,0.2582,16319.6,0.7418,36,Revenda multimarca,2022,3,36,CLT,2318.23,61.0,Financiada,303.0,5,0,Não,0
P000135,2025-12-01,26000.0,17373.2,0.6682,8626.8,0.3318,60,Revenda multimarca,2015,10,59,Autônomo,2914.47,46.0,Alugada,571.0,1,2,Não,0
P000136,2025-09-01,28800.0,8133.12,0.2824,20666.88,0.7176,60,Concessionária,2019,6,53,Servidor público,8001.52,30.0,Alugada,416.0,2,3,Não,0
P000137,2025-08-01,22000.0,440.0,0.02,21560.0,0.98,24,Digital,2024,1,28,Autônomo,2688.1,22.0,Própria,493.0,1,3,Sim,0
P000138,2025-10-01,27800.0,3155.3,0.1135,24644.7,0.8865,48,Correspondente bancário,2023,2,23,CLT,3239.4,14.0,Própria,294.0,5,4,Não,0
P000139,2025-08-01,51500.0,4712.25,0.0915,46787.75,0.9085,36,Correspondente bancário,2023,2,31,Autônomo,6559.33,13.0,Própria,515.0,3,2,Não,0
P000140,2025-09-01,55500.0,11460.75,0.2065,44039.25,0.7935,36,Concessionária,2020,5,45,CLT,6060.48,18.0,Alugada,435.0,3,4,Sim,0
P000141,2025-08-01,39200.0,6648.32,0.1696,32551.68,0.8304,60,Concessionária,2017,8,38,Autônomo,,64.0,Financiada,389.0,4,2,Não,0
P000142,2025-08-01,50300.0,11357.74,0.2258,38942.26,0.7742,36,Concessionária,2013,12,66,Empresário,6253.55,40.0,Familiar,372.0,4,1,Não,0
P000143,2025-12-01,23300.0,15729.83,0.6751,7570.17,0.3249,60,Revenda multimarca,2023,2,40,Servidor público,2132.61,70.0,Própria,472.0,0,4,Não,0
P000144,2025-10-01,22000.0,440.0,0.02,21560.0,0.98,60,Revenda multimarca,2015,10,28,CLT,2327.96,,Financiada,384.0,4,4,Sim,0
P000145,2025-11-01,27800.0,7155.72,0.2574,20644.28,0.7426,36,Correspondente bancário,2017,8,53,CLT,3597.91,,Própria,,0,3,Não,0
P000146,2025-11-01,22000.0,7715.4,0.3507,14284.6,0.6493,48,Concessionária,2013,12,75,CLT,1600.0,51.0,Financiada,199.0,5,3,Não,0
P000147,2025-10-01,26100.0,6660.72,0.2552,19439.28,0.7448,60,Revenda multimarca,2024,1,66,Aposentado,2235.26,86.0,Financiada,633.0,1,2,Não,0
P000148,2025-12-01,56500.0,29193.55,0.5167,27306.45,0.4833,60,Revenda multimarca,2016,9,27,CLT,8502.53,17.0,Alugada,376.0,3,4,Não,0
P000149,2025-07-01,34900.0,9377.63,0.2687,25522.37,0.7313,24,Concessionária,2023,2,49,CLT,1836.0,48.0,Própria,519.0,3,4,Não,0
P000150,2025-12-01,22000.0,8709.8,0.3959,13290.2,0.6041,48,Concessionária,2013,12,50,Autônomo,3483.02,87.0,Financiada,586.0,0,2,Não,0
P000151,2025-12-01,37100.0,6514.76,0.1756,30585.24,0.8244,36,Revenda multimarca,2022,3,47,CLT,3830.44,78.0,Familiar,574.0,2,1,Não,0
P000152,2025-10-01,43600.0,21263.72,0.4877,22336.28,0.5123,60,Concessionária,2020,5,42,Autônomo,9547.72,41.0,Financiada,588.0,0,1,Não,0
P000153,2025-12-01,22000.0,3522.2,0.1601,18477.8,0.8399,60,Concessionária,2024,1,45,CLT,4043.17,67.0,Alugada,554.0,2,0,Não,0
P000154,2025-07-01,62300.0,19886.16,0.3192,42413.84,0.6808,36,Digital,2022,3,32,CLT,3042.56,8.0,Alugada,349.0,2,3,Sim,0
P000155,2025-08-01,25800.0,892.68,0.0346,24907.32,0.9654,60,Concessionária,2019,6,37,CLT,2472.45,46.0,Própria,416.0,5,4,Não,0
P000156,2025-07-01,38000.0,10047.2,0.2644,27952.8,0.7356,36,Revenda multimarca,2020,5,58,CLT,4427.77,455.0,Alugada,689.0,0,4,Não,0
P000157,2025-07-01,86600.0,17579.8,0.203,69020.2,0.797,24,Correspondente bancário,2024,1,61,Empresário,16961.18,35.0,Própria,752.0,0,0,Não,0
P000158,2025-08-01,56900.0,22065.82,0.3878,34834.18,0.6122,36,Concessionária,2017,8,47,CLT,8922.96,176.0,Familiar,587.0,1,2,Não,0
P000159,2025-08-01,31100.0,9314.45,0.2995,21785.55,0.7005,48,Concessionária,2021,4,29,CLT,3278.45,53.0,Própria,483.0,3,3,Sim,0
P000160,2025-10-01,25600.0,9812.48,0.3833,15787.52,0.6167,60,Revenda multimarca,2023,2,67,CLT,3801.05,44.0,Própria,648.0,1,3,Sim,0
P000161,2025-09-01,32200.0,4556.3,0.1415,27643.7,0.8585,24,Revenda multimarca,2020,5,33,CLT,6142.99,114.0,Familiar,597.0,1,2,Sim,0
P000162,2025-10-01,30000.0,1821.0,0.0607,28179.0,0.9393,36,Concessionária,2013,12,23,CLT,6336.68,45.0,Financiada,562.0,0,1,Sim,0
P000163,2025-12-01,46900.0,20687.59,0.4411,26212.41,0.5589,24,Concessionária,2020,5,32,CLT,3365.81,46.0,Financiada,626.0,0,1,Não,0
P000164,2025-12-01,22000.0,6692.4,0.3042,15307.6,0.6958,48,Revenda multimarca,2023,2,33,Servidor público,2233.84,114.0,Própria,247.0,3,3,Sim,0
P000165,2025-10-01,51300.0,13281.57,0.2589,38018.43,0.7411,24,Concessionária,2024,1,45,CLT,,104.0,Alugada,721.0,0,0,Não,0
P000166,2025-08-01,59200.0,6742.88,0.1139,52457.12,0.8861,60,Concessionária,2019,6,42,CLT,6284.04,59.0,Própria,704.0,0,1,Sim,0
P000167,2025-08-01,41900.0,8819.95,0.2105,33080.05,0.7895,24,Concessionária,2021,4,64,Aposentado,5332.58,238.0,Familiar,733.0,0,5,Não,0
P000168,2025-12-01,28900.0,8210.49,0.2841,20689.51,0.7159,24,Correspondente bancário,2022,3,31,CLT,3504.73,31.0,Alugada,661.0,0,2,Não,0
P000169,2025-09-01,35100.0,8129.16,0.2316,26970.84,0.7684,48,Concessionária,2024,1,56,Autônomo,,59.0,Própria,501.0,3,3,Não,0
P000170,2025-07-01,42000.0,13217.4,0.3147,28782.6,0.6853,36,Concessionária,2021,4,32,Servidor público,7007.12,85.0,Própria,587.0,1,0,Sim,0
P000171,2025-08-01,143900.0,41126.62,0.2858,102773.38,0.7142,36,Concessionária,2025,0,30,Servidor público,22656.66,15.0,Própria,1000.0,1,0,Não,0
P000172,2025-09-01,47700.0,2008.17,0.0421,45691.83,0.9579,60,Digital,2021,4,30,CLT,3363.79,106.0,Própria,584.0,1,3,Não,0
P000173,2025-10-01,61800.0,3887.22,0.0629,57912.78,0.9371,60,Revenda multimarca,2022,3,28,Servidor público,8939.43,105.0,Familiar,444.0,2,2,Não,0
P000174,2025-10-01,26500.0,10684.8,0.4032,15815.2,0.5968,24,Concessionária,2017,8,28,CLT,3649.09,28.0,Familiar,701.0,0,0,Não,0
P000175,2025-10-01,85300.0,24131.37,0.2829,61168.63,0.7171,36,Revenda multimarca,2021,4,39,CLT,9475.45,84.0,Financiada,680.0,0,2,Não,0
P000176,2025-10-01,107900.0,22162.66,0.2054,85737.34,0.7946,36,Revenda multimarca,2022,3,47,Empresário,10121.76,43.0,Familiar,711.0,1,0,Não,0
P000177,2025-07-01,35400.0,13090.92,0.3698,22309.08,0.6302,48,Concessionária,2023,2,41,Autônomo,8324.1,35.0,Familiar,725.0,0,2,Não,0
P000178,2025-07-01,22000.0,4059.0,0.1845,17941.0,0.8155,48,Digital,2023,2,44,Autônomo,1600.0,12.0,Própria,188.0,4,4,Sim,0
P000179,2025-09-01,34800.0,4050.72,0.1164,30749.28,0.8836,36,Correspondente bancário,2016,9,31,CLT,2018.47,141.0,Própria,426.0,0,5,Sim,0
P000180,2025-12-01,57200.0,17062.76,0.2983,40137.24,0.7017,48,Concessionária,2017,8,33,CLT,4238.83,28.0,Financiada,478.0,1,3,Não,0
P000181,2025-07-01,25400.0,2192.02,0.0863,23207.98,0.9137,36,Concessionária,2021,4,24,Autônomo,1600.0,21.0,Própria,484.0,1,5,Não,0
P000182,2025-09-01,32000.0,16716.8,0.5224,15283.2,0.4776,36,Concessionária,2024,1,48,Servidor público,2051.11,106.0,Financiada,708.0,1,3,Não,0
P000183,2025-12-01,40200.0,16216.68,0.4034,23983.32,0.5966,48,Revenda multimarca,2023,2,27,CLT,3705.59,30.0,Própria,465.0,3,5,Sim,0
P000184,2025-11-01,91500.0,16909.2,0.1848,74590.8,0.8152,24,Revenda multimarca,2024,1,53,Empresário,5333.11,18.0,Financiada,790.0,0,3,Não,0
P000185,2025-12-01,39400.0,11768.78,0.2987,27631.22,0.7013,60,Concessionária,2022,3,25,CLT,,84.0,Alugada,600.0,1,0,Não,0
P000186,2025-07-01,27900.0,13707.27,0.4913,14192.73,0.5087,24,Concessionária,2021,4,41,Autônomo,1600.0,101.0,Alugada,453.0,5,1,Não,0
P000187,2025-12-01,47700.0,10494.0,0.22,37206.0,0.78,36,Digital,2021,4,36,CLT,,31.0,Própria,613.0,3,1,Não,0
P000188,2025-10-01,57400.0,3581.76,0.0624,53818.24,0.9376,60,Revenda multimarca,2013,12,43,CLT,4852.23,59.0,Própria,454.0,3,1,Sim,0
P000189,2025-12-01,57400.0,16674.7,0.2905,40725.3,0.7095,48,Concessionária,2024,1,39,Servidor público,14861.11,59.0,Alugada,782.0,0,1,Não,0
P000190,2025-07-01,65300.0,20406.25,0.3125,44893.75,0.6875,60,Digital,2023,2,50,Autônomo,4417.32,34.0,Alugada,679.0,0,0,Não,0
P000191,2025-08-01,29300.0,3653.71,0.1247,25646.29,0.8753,48,Revenda multimarca,2023,2,56,Aposentado,5294.11,131.0,Familiar,390.0,5,0,Sim,0
P000192,2025-09-01,44800.0,14770.56,0.3297,30029.44,0.6703,60,Correspondente bancário,2022,3,34,Servidor público,7737.86,78.0,Alugada,572.0,0,1,Sim,0
P000193,2025-07-01,24400.0,1754.36,0.0719,22645.64,0.9281,36,Correspondente bancário,2020,5,22,Servidor público,2719.18,22.0,Própria,496.0,1,0,Sim,0
P000194,2025-10-01,76500.0,10067.4,0.1316,66432.6,0.8684,24,Concessionária,2024,1,57,CLT,13451.88,51.0,Própria,938.0,1,1,Não,0
P000195,2025-07-01,49900.0,2160.67,0.0433,47739.33,0.9567,60,Digital,2024,1,36,Servidor público,,60.0,Financiada,429.0,2,1,Não,0
P000196,2025-09-01,125000.0,17600.0,0.1408,107400.0,0.8592,36,Revenda multimarca,2020,5,33,Empresário,11520.37,47.0,Alugada,725.0,0,1,Não,0
P000197,2025-11-01,36200.0,7710.6,0.213,28489.4,0.787,48,Concessionária,2022,3,27,CLT,1658.6,13.0,Alugada,390.0,0,3,Sim,0
P000198,2025-10-01,30600.0,6000.66,0.1961,24599.34,0.8039,48,Concessionária,2013,12,34,CLT,3013.25,44.0,Própria,504.0,3,2,Não,0
P000199,2025-11-01,42400.0,10676.32,0.2518,31723.68,0.7482,36,Concessionária,2022,3,23,Empresário,4053.89,60.0,Alugada,548.0,0,2,Sim,0
P000200,2025-09-01,50100.0,9699.36,0.1936,40400.64,0.8064,60,Correspondente bancário,2023,2,58,Aposentado,3561.51,236.0,Financiada,526.0,1,1,Não,0
P000201,2025-07-01,33200.0,2616.16,0.0788,30583.84,0.9212,48,Correspondente bancário,2024,1,46,Empresário,12452.21,12.0,Financiada,,1,1,Não,0
P000202,2025-09-01,32600.0,4169.54,0.1279,28430.46,0.8721,48,Concessionária,2020,5,41,CLT,2227.28,39.0,Alugada,373.0,4,3,Não,0
P000203,2025-11-01,65700.0,1576.8,0.024,64123.2,0.976,24,Concessionária,2019,6,48,Empresário,3336.74,12.0,Financiada,532.0,3,2,Não,0
P000204,2025-07-01,62300.0,5152.21,0.0827,57147.79,0.9173,48,Correspondente bancário,2017,8,45,Empresário,4549.69,18.0,Alugada,245.0,5,5,Sim,0
P000205,2025-11-01,98500.0,3388.4,0.0344,95111.6,0.9656,24,Digital,2020,5,30,CLT,5442.87,24.0,Alugada,537.0,2,2,Não,0
P000206,2025-09-01,26500.0,2968.0,0.112,23532.0,0.888,48,Revenda multimarca,2016,9,36,CLT,3208.02,36.0,Financiada,337.0,5,3,Não,0
P000207,2025-12-01,41300.0,4943.61,0.1197,36356.39,0.8803,60,Correspondente bancário,2020,5,49,CLT,5080.99,,Alugada,527.0,1,2,Sim,0
P000208,2025-09-01,33000.0,2069.1,0.0627,30930.9,0.9373,60,Concessionária,2013,12,32,Autônomo,1600.0,111.0,Alugada,412.0,2,6,Sim,0
P000209,2025-11-01,33200.0,4120.12,0.1241,29079.88,0.8759,24,Correspondente bancário,2013,12,29,CLT,2776.59,68.0,Própria,478.0,2,2,Não,0
P000210,2025-11-01,41800.0,19591.66,0.4687,22208.34,0.5313,36,Concessionária,2020,5,73,Aposentado,3384.12,16.0,Financiada,566.0,0,4,Sim,0
P000211,2025-12-01,32900.0,658.0,0.02,32242.0,0.98,36,Revenda multimarca,2024,1,61,CLT,2753.46,48.0,Financiada,322.0,5,1,Sim,0
P000212,2025-12-01,65900.0,2820.52,0.0428,63079.48,0.9572,48,Concessionária,2013,12,55,Aposentado,5910.07,58.0,Familiar,480.0,1,3,Não,0
P000213,2025-11-01,22600.0,15026.74,0.6649,7573.26,0.3351,60,Correspondente bancário,2014,11,37,CLT,3329.4,12.0,Alugada,467.0,4,4,Não,0
P000214,2025-10-01,115400.0,32531.26,0.2819,82868.74,0.7181,48,Revenda multimarca,2013,12,44,Autônomo,3357.3,,Familiar,577.0,1,3,Não,0
P000215,2025-12-01,24200.0,3804.24,0.1572,20395.76,0.8428,60,Revenda multimarca,2017,8,34,CLT,,19.0,Familiar,619.0,0,1,Não,0
P000216,2025-09-01,28200.0,12258.54,0.4347,15941.46,0.5653,60,Revenda multimarca,2015,10,33,Autônomo,3443.09,19.0,Familiar,667.0,1,1,Não,0
P000217,2025-08-01,24300.0,9112.5,0.375,15187.5,0.625,36,Correspondente bancário,2014,11,52,CLT,6509.33,33.0,Própria,452.0,1,5,Sim,0
P000218,2025-08-01,25200.0,3669.12,0.1456,21530.88,0.8544,36,Concessionária,2013,12,39,Autônomo,2551.06,5.0,Própria,479.0,2,3,Não,0
P000219,2025-10-01,24600.0,1891.74,0.0769,22708.26,0.9231,48,Concessionária,2025,0,26,Servidor público,1600.0,96.0,Própria,519.0,2,3,Sim,0
P000220,2025-08-01,29600.0,13920.88,0.4703,15679.12,0.5297,24,Digital,2014,11,61,CLT,3788.69,,Alugada,504.0,5,1,Não,0
P000221,2025-09-01,42200.0,9532.98,0.2259,32667.02,0.7741,60,Digital,2018,7,26,CLT,4123.61,56.0,Financiada,717.0,0,4,Não,0
P000222,2025-11-01,108500.0,38908.1,0.3586,69591.9,0.6414,24,Concessionária,2023,2,33,CLT,8821.39,30.0,Alugada,834.0,0,2,Não,0
P000223,2025-10-01,34100.0,9612.79,0.2819,24487.21,0.7181,48,Concessionária,2015,10,23,Servidor público,2964.39,38.0,Familiar,590.0,1,2,Sim,0
P000224,2025-10-01,32300.0,7093.08,0.2196,25206.92,0.7804,24,Concessionária,2020,5,37,Empresário,4246.87,4.0,Familiar,401.0,3,2,Não,0
P000225,2025-08-01,28700.0,1980.3,0.069,26719.7,0.931,48,Correspondente bancário,2022,3,24,CLT,1726.52,29.0,Familiar,545.0,3,3,Não,0
P000226,2025-08-01,38000.0,1637.8,0.0431,36362.2,0.9569,48,Concessionária,2022,3,30,CLT,2853.11,14.0,Alugada,,2,0,Não,0
P000227,2025-12-01,44200.0,7969.26,0.1803,36230.74,0.8197,36,Digital,2023,2,35,CLT,3727.09,23.0,Familiar,243.0,5,5,Sim,0
P000228,2025-09-01,106100.0,29633.73,0.2793,76466.27,0.7207,36,Concessionária,2021,4,50,Autônomo,6559.57,60.0,Própria,743.0,1,3,Não,0
P000229,2025-07-01,56800.0,21328.4,0.3755,35471.6,0.6245,36,Digital,2021,4,46,Autônomo,7273.27,,Familiar,797.0,0,4,Não,0
P000230,2025-07-01,50300.0,23434.77,0.4659,26865.23,0.5341,60,Correspondente bancário,2021,4,33,CLT,7605.02,,Própria,729.0,1,1,Não,0
P000231,2025-09-01,58600.0,16624.82,0.2837,41975.18,0.7163,24,Concessionária,2013,12,42,Empresário,4389.65,32.0,Financiada,593.0,0,5,Não,0
P000232,2025-11-01,22000.0,1892.0,0.086,20108.0,0.914,48,Concessionária,2019,6,74,Aposentado,2154.41,51.0,Alugada,314.0,5,5,Não,0
P000233,2025-10-01,43700.0,19446.5,0.445,24253.5,0.555,60,Digital,2024,1,68,Aposentado,9533.45,71.0,Alugada,783.0,0,1,Não,0
P000234,2025-10-01,91600.0,13529.32,0.1477,78070.68,0.8523,36,Concessionária,2024,1,29,CLT,30173.48,92.0,Própria,689.0,0,0,Sim,0
P000235,2025-07-01,22000.0,3256.0,0.148,18744.0,0.852,36,Revenda multimarca,2019,6,30,Servidor público,3106.24,62.0,Própria,332.0,5,2,Sim,0
P000236,2025-09-01,22000.0,6342.6,0.2883,15657.4,0.7117,36,Revenda multimarca,2015,10,34,CLT,1600.0,2.0,Alugada,124.0,5,7,Não,0
P000237,2025-09-01,22000.0,4967.6,0.2258,17032.4,0.7742,24,Concessionária,2020,5,44,Autônomo,2951.07,75.0,Alugada,293.0,5,10,Sim,0
P000238,2025-07-01,22000.0,1214.4,0.0552,20785.6,0.9448,60,Digital,2020,5,45,CLT,1600.0,,Familiar,93.0,5,9,Sim,0
P000239,2025-09-01,30300.0,4196.55,0.1385,26103.45,0.8615,24,Concessionária,2021,4,58,CLT,1718.98,44.0,Alugada,397.0,5,2,Sim,0
P000240,2025-11-01,64100.0,15319.9,0.239,48780.1,0.761,36,Digital,2020,5,51,CLT,6381.6,6.0,Própria,555.0,1,0,Não,0
P000241,2025-07-01,32300.0,2965.14,0.0918,29334.86,0.9082,60,Digital,2013,12,35,CLT,3501.28,,Própria,476.0,0,2,Sim,0
P000242,2025-09-01,37100.0,1042.51,0.0281,36057.49,0.9719,60,Concessionária,2018,7,28,CLT,3015.48,105.0,Alugada,517.0,0,1,Não,0
P000243,2025-12-01,22000.0,5108.4,0.2322,16891.6,0.7678,48,Concessionária,2015,10,32,CLT,1646.51,40.0,Financiada,531.0,0,6,Não,0
P000244,2025-11-01,83600.0,43940.16,0.5256,39659.84,0.4744,24,Concessionária,2023,2,31,Servidor público,,152.0,Alugada,966.0,0,1,Não,0
P000245,2025-12-01,30100.0,689.29,0.0229,29410.71,0.9771,48,Concessionária,2020,5,48,CLT,2664.51,35.0,Financiada,392.0,5,3,Sim,0
P000246,2025-07-01,55400.0,10481.68,0.1892,44918.32,0.8108,24,Correspondente bancário,2018,7,39,CLT,2583.79,44.0,Familiar,667.0,0,0,Não,0
P000247,2025-08-01,27700.0,6664.62,0.2406,21035.38,0.7594,60,Concessionária,2020,5,47,Autônomo,,,Alugada,597.0,0,3,Não,0
P000248,2025-08-01,34700.0,4958.63,0.1429,29741.37,0.8571,60,Concessionária,2022,3,37,Empresário,6518.52,20.0,Alugada,638.0,0,0,Não,0
P000249,2025-08-01,26200.0,524.0,0.02,25676.0,0.98,36,Correspondente bancário,2017,8,42,CLT,5690.7,27.0,Própria,652.0,1,2,Não,0
P000250,2025-07-01,26200.0,1427.9,0.0545,24772.1,0.9455,60,Correspondente bancário,2024,1,29,Empresário,5466.51,75.0,Familiar,538.0,2,1,Não,0
P000251,2025-10-01,22000.0,11635.8,0.5289,10364.2,0.4711,48,Concessionária,2013,12,38,CLT,1759.82,41.0,Própria,250.0,5,4,Sim,0
P000252,2025-07-01,39900.0,10832.85,0.2715,29067.15,0.7285,24,Correspondente bancário,2020,5,26,CLT,,,Alugada,,3,1,Não,0
P000253,2025-08-01,105700.0,31276.63,0.2959,74423.37,0.7041,36,Concessionária,2020,5,39,CLT,12028.41,22.0,Financiada,710.0,0,3,Não,0
P000254,2025-09-01,48200.0,18658.22,0.3871,29541.78,0.6129,24,Concessionária,2016,9,40,Autônomo,4183.27,43.0,Própria,712.0,1,2,Não,0
P000255,2025-10-01,29400.0,2937.06,0.0999,26462.94,0.9001,36,Correspondente bancário,2021,4,46,CLT,2698.74,,Alugada,557.0,2,1,Não,0
P000256,2025-12-01,58800.0,1775.76,0.0302,57024.24,0.9698,60,Correspondente bancário,2021,4,39,Empresário,11596.67,22.0,Própria,426.0,2,8,Não,0
P000257,2025-10-01,54600.0,12055.68,0.2208,42544.32,0.7792,24,Concessionária,2024,1,27,CLT,5235.64,5.0,Alugada,744.0,0,0,Não,0
P000258,2025-09-01,25800.0,5789.52,0.2244,20010.48,0.7756,60,Correspondente bancário,2018,7,46,Empresário,6463.92,20.0,Própria,556.0,0,2,Sim,0
P000259,2025-07-01,86800.0,10042.76,0.1157,76757.24,0.8843,60,Revenda multimarca,2021,4,26,Empresário,11400.37,10.0,Própria,633.0,0,1,Não,0
P000260,2025-12-01,67300.0,5922.4,0.088,61377.6,0.912,60,Digital,2023,2,39,CLT,5509.58,54.0,Própria,532.0,3,5,Sim,0
P000261,2025-09-01,39500.0,29625.0,0.75,9875.0,0.25,36,Digital,2023,2,42,Servidor público,12531.63,65.0,Financiada,461.0,1,6,Não,0
P000262,2025-08-01,28500.0,1521.9,0.0534,26978.1,0.9466,60,Concessionária,2023,2,53,CLT,3624.79,,Alugada,578.0,1,1,Não,0
P000263,2025-09-01,47500.0,8431.25,0.1775,39068.75,0.8225,48,Digital,2017,8,47,CLT,6678.79,6.0,Própria,424.0,4,6,Sim,0
P000264,2025-10-01,52800.0,22228.8,0.421,30571.2,0.579,60,Correspondente bancário,2025,0,37,Autônomo,2785.21,49.0,Financiada,706.0,0,2,Não,0
P000265,2025-09-01,46800.0,23830.56,0.5092,22969.44,0.4908,36,Digital,2024,1,24,Autônomo,2014.42,18.0,Alugada,526.0,3,3,Não,0
P000266,2025-10-01,51300.0,27496.8,0.536,23803.2,0.464,36,Correspondente bancário,2024,1,35,Servidor público,8491.36,137.0,Financiada,826.0,0,1,Sim,0
P000267,2025-09-01,50100.0,17169.27,0.3427,32930.73,0.6573,48,Concessionária,2022,3,36,CLT,5609.62,43.0,Alugada,627.0,2,2,Não,0
P000268,2025-07-01,35100.0,21516.3,0.613,13583.7,0.387,60,Digital,2013,12,48,CLT,4826.08,17.0,Familiar,734.0,1,0,Não,0
P000269,2025-11-01,62500.0,17987.5,0.2878,44512.5,0.7122,24,Concessionária,2024,1,34,Autônomo,7169.51,11.0,Financiada,738.0,0,1,Não,0
P000270,2025-11-01,49600.0,6785.28,0.1368,42814.72,0.8632,48,Digital,2023,2,29,CLT,,19.0,Familiar,716.0,0,2,Não,0
P000271,2025-12-01,43800.0,10752.9,0.2455,33047.1,0.7545,36,Concessionária,2014,11,26,Servidor público,10487.72,45.0,Própria,772.0,0,1,Não,0
P000272,2025-10-01,22000.0,4809.2,0.2186,17190.8,0.7814,24,Concessionária,2022,3,33,Servidor público,2607.13,22.0,Própria,435.0,2,1,Não,0
P000273,2025-08-01,24100.0,12117.48,0.5028,11982.52,0.4972,36,Correspondente bancário,2022,3,53,CLT,6018.34,9.0,Familiar,497.0,0,3,Não,0
P000274,2025-09-01,22300.0,4611.64,0.2068,17688.36,0.7932,48,Digital,2017,8,26,CLT,1600.0,5.0,Alugada,361.0,5,4,Não,0
P000275,2025-12-01,45000.0,4419.0,0.0982,40581.0,0.9018,48,Concessionária,2025,0,26,Empresário,4575.2,78.0,Própria,437.0,2,0,Não,0
P000276,2025-07-01,39100.0,12226.57,0.3127,26873.43,0.6873,36,Revenda multimarca,2024,1,25,CLT,4530.84,,Alugada,566.0,1,1,Não,0
P000277,2025-07-01,84700.0,46627.35,0.5505,38072.65,0.4495,36,Digital,2022,3,48,Autônomo,7393.86,21.0,Própria,768.0,0,0,Não,0
P000278,2025-08-01,74900.0,28589.33,0.3817,46310.67,0.6183,48,Revenda multimarca,2024,1,40,CLT,6524.24,48.0,Própria,560.0,2,5,Não,0
P000279,2025-12-01,24100.0,3063.11,0.1271,21036.89,0.8729,36,Concessionária,2022,3,27,CLT,3515.64,104.0,Alugada,,0,3,Não,0
P000280,2025-09-01,36700.0,2998.39,0.0817,33701.61,0.9183,60,Revenda multimarca,2023,2,43,Autônomo,2275.57,5.0,Familiar,520.0,1,1,Sim,0
P000281,2025-11-01,22000.0,2043.8,0.0929,19956.2,0.9071,48,Correspondente bancário,2014,11,35,CLT,1739.83,24.0,Alugada,229.0,5,2,Sim,0
P000282,2025-09-01,30700.0,6259.73,0.2039,24440.27,0.7961,60,Digital,2024,1,75,Aposentado,5892.96,319.0,Própria,471.0,2,2,Não,0
P000283,2025-08-01,25200.0,4437.72,0.1761,20762.28,0.8239,36,Revenda multimarca,2017,8,53,Autônomo,6144.73,122.0,Própria,770.0,0,0,Sim,0
P000284,2025-10-01,31100.0,10185.25,0.3275,20914.75,0.6725,24,Correspondente bancário,2020,5,36,CLT,3644.81,126.0,Própria,680.0,0,1,Não,0
P000285,2025-10-01,22000.0,10700.8,0.4864,11299.2,0.5136,24,Concessionária,2021,4,39,Autônomo,1600.0,66.0,Própria,529.0,1,2,Não,0
P000286,2025-11-01,56900.0,5775.35,0.1015,51124.65,0.8985,60,Digital,2019,6,30,Servidor público,11595.55,35.0,Alugada,693.0,1,4,Não,0
P000287,2025-11-01,22000.0,688.6,0.0313,21311.4,0.9687,60,Revenda multimarca,2013,12,37,Autônomo,1600.0,68.0,Alugada,229.0,5,5,Sim,0
P000288,2025-09-01,22000.0,1240.8,0.0564,20759.2,0.9436,48,Correspondente bancário,2022,3,32,CLT,3184.18,10.0,Familiar,439.0,2,3,Sim,0
P000289,2025-08-01,53300.0,27636.05,0.5185,25663.95,0.4815,36,Correspondente bancário,2023,2,42,Servidor público,9228.02,13.0,Financiada,701.0,0,1,Não,0
P000290,2025-07-01,79300.0,20752.81,0.2617,58547.19,0.7383,48,Concessionária,2023,2,57,Servidor público,21204.93,75.0,Própria,,1,1,Sim,0
P000291,2025-11-01,49300.0,16303.51,0.3307,32996.49,0.6693,36,Revenda multimarca,2020,5,43,CLT,5813.15,29.0,Alugada,464.0,4,2,Não,0
P000292,2025-11-01,22700.0,3055.42,0.1346,19644.58,0.8654,60,Concessionária,2021,4,32,Autônomo,,24.0,Alugada,709.0,0,2,Sim,0
P000293,2025-08-01,99000.0,18027.9,0.1821,80972.1,0.8179,36,Digital,2020,5,60,CLT,10923.11,70.0,Alugada,582.0,2,1,Não,0
P000294,2025-11-01,22200.0,3489.84,0.1572,18710.16,0.8428,48,Revenda multimarca,2023,2,44,CLT,2208.44,71.0,Alugada,628.0,2,4,Não,0
P000295,2025-11-01,53300.0,9258.21,0.1737,44041.79,0.8263,36,Concessionária,2013,12,27,CLT,,32.0,Alugada,533.0,0,1,Não,0
P000296,2025-07-01,37400.0,748.0,0.02,36652.0,0.98,60,Digital,2019,6,47,CLT,2006.78,58.0,Financiada,807.0,0,0,Não,0
P000297,2025-07-01,68400.0,3577.32,0.0523,64822.68,0.9477,48,Revenda multimarca,2023,2,31,Autônomo,5528.22,26.0,Alugada,692.0,2,0,Não,0
P000298,2025-12-01,41800.0,2006.4,0.048,39793.6,0.952,60,Concessionária,2021,4,38,Autônomo,2718.38,29.0,Familiar,,3,0,Não,0
P000299,2025-07-01,42500.0,16252.0,0.3824,26248.0,0.6176,60,Revenda multimarca,2022,3,36,CLT,5331.93,82.0,Própria,504.0,3,1,Sim,0
P000300,2025-12-01,37100.0,7553.56,0.2036,29546.44,0.7964,60,Concessionária,2017,8,46,Autônomo,2161.44,134.0,Própria,323.0,5,3,Não,0
P000301,2025-08-01,41800.0,15884.0,0.38,25916.0,0.62,36,Concessionária,2024,1,29,CLT,4625.22,132.0,Alugada,844.0,0,0,Não,0
P000302,2025-11-01,30800.0,13108.48,0.4256,17691.52,0.5744,36,Concessionária,2022,3,35,CLT,2377.56,162.0,Alugada,656.0,0,2,Não,0
P000303,2025-11-01,23400.0,2948.4,0.126,20451.6,0.874,48,Digital,2021,4,36,CLT,3228.78,61.0,Própria,375.0,2,2,Não,0
P000304,2025-11-01,59800.0,15847.0,0.265,43953.0,0.735,48,Digital,2023,2,75,Aposentado,8684.64,172.0,Financiada,690.0,0,4,Não,0
P000305,2025-07-01,23300.0,1570.42,0.0674,21729.58,0.9326,60,Digital,2021,4,34,Autônomo,4116.91,59.0,Alugada,,5,8,Sim,0
P000306,2025-08-01,47700.0,3992.49,0.0837,43707.51,0.9163,36,Concessionária,2019,6,45,CLT,5886.03,39.0,Familiar,917.0,0,0,Não,0
P000307,2025-10-01,34200.0,11050.02,0.3231,23149.98,0.6769,48,Digital,2018,7,31,CLT,5430.78,10.0,Própria,,0,0,Não,0
P000308,2025-09-01,35100.0,15149.16,0.4316,19950.84,0.5684,36,Revenda multimarca,2022,3,49,CLT,3218.76,15.0,Alugada,537.0,1,1,Não,0
P000309,2025-11-01,42700.0,12677.63,0.2969,30022.37,0.7031,48,Concessionária,2023,2,34,Autônomo,2650.4,188.0,Própria,197.0,1,3,Não,0
P000310,2025-07-01,39900.0,5909.19,0.1481,33990.81,0.8519,60,Concessionária,2020,5,33,CLT,2558.04,13.0,Própria,753.0,1,1,Não,0
P000311,2025-12-01,116100.0,28212.3,0.243,87887.7,0.757,48,Digital,2024,1,61,CLT,6852.21,5.0,Própria,712.0,0,1,Não,0
P000312,2025-11-01,78600.0,10768.2,0.137,67831.8,0.863,60,Revenda multimarca,2019,6,47,CLT,11777.83,24.0,Alugada,655.0,0,0,Não,0
P000313,2025-11-01,50200.0,22499.64,0.4482,27700.36,0.5518,48,Correspondente bancário,2021,4,29,Servidor público,4796.96,,Alugada,512.0,0,2,Não,0
P000314,2025-09-01,22000.0,3740.0,0.17,18260.0,0.83,60,Revenda multimarca,2018,7,75,Aposentado,1600.0,163.0,Familiar,233.0,5,4,Sim,0
P000315,2025-08-01,58400.0,2026.48,0.0347,56373.52,0.9653,48,Concessionária,2023,2,33,CLT,4866.71,12.0,Financiada,636.0,1,3,Não,0
P000316,2025-10-01,23700.0,15265.17,0.6441,8434.83,0.3559,60,Digital,2019,6,29,CLT,2063.18,122.0,Alugada,418.0,4,1,Não,0
P000317,2025-08-01,74300.0,4643.75,0.0625,69656.25,0.9375,36,Concessionária,2022,3,39,CLT,7215.78,22.0,Própria,931.0,0,1,Não,0
P000318,2025-08-01,37200.0,2425.44,0.0652,34774.56,0.9348,36,Concessionária,2023,2,39,Servidor público,4859.48,196.0,Financiada,,4,1,Não,0
P000319,2025-11-01,64000.0,3852.8,0.0602,60147.2,0.9398,36,Digital,2024,1,32,CLT,7848.13,56.0,Financiada,719.0,0,2,Não,0
P000320,2025-09-01,59700.0,2143.23,0.0359,57556.77,0.9641,48,Concessionária,2019,6,36,CLT,5191.96,12.0,Familiar,526.0,1,1,Não,0
P000321,2025-08-01,22000.0,4776.2,0.2171,17223.8,0.7829,36,Concessionária,2021,4,31,CLT,3273.23,52.0,Própria,238.0,5,5,Não,0
P000322,2025-10-01,22000.0,6468.0,0.294,15532.0,0.706,36,Revenda multimarca,2014,11,33,Autônomo,2534.63,,Alugada,440.0,4,2,Não,0
P000323,2025-08-01,22000.0,2503.6,0.1138,19496.4,0.8862,24,Revenda multimarca,2016,9,41,CLT,1600.0,96.0,Familiar,340.0,5,2,Não,0
P000324,2025-09-01,80500.0,28279.65,0.3513,52220.35,0.6487,60,Concessionária,2022,3,33,CLT,6016.87,88.0,Própria,748.0,1,2,Não,0
P000325,2025-12-01,70000.0,13482.0,0.1926,56518.0,0.8074,60,Revenda multimarca,2021,4,31,Servidor público,9701.91,61.0,Própria,468.0,4,1,Sim,0
P000326,2025-11-01,55800.0,14245.74,0.2553,41554.26,0.7447,48,Concessionária,2013,12,31,CLT,4329.95,15.0,Familiar,642.0,0,1,Não,0
P000327,2025-08-01,24300.0,2221.02,0.0914,22078.98,0.9086,48,Correspondente bancário,2015,10,28,Servidor público,1659.34,62.0,Alugada,385.0,5,3,Não,0
P000328,2025-08-01,24700.0,2264.99,0.0917,22435.01,0.9083,48,Digital,2020,5,25,Autônomo,3083.23,14.0,Própria,493.0,2,2,Não,0
P000329,2025-12-01,32300.0,6543.98,0.2026,25756.02,0.7974,48,Revenda multimarca,2021,4,35,Autônomo,4347.19,104.0,Própria,470.0,2,3,Não,0
P000330,2025-07-01,45200.0,18116.16,0.4008,27083.84,0.5992,24,Concessionária,2017,8,29,CLT,4160.21,27.0,Alugada,499.0,1,1,Não,0
P000331,2025-09-01,25200.0,1711.08,0.0679,23488.92,0.9321,36,Correspondente bancário,2022,3,43,Autônomo,2176.84,77.0,Financiada,502.0,2,2,Não,0
P000332,2025-09-01,49700.0,21003.22,0.4226,28696.78,0.5774,36,Correspondente bancário,2023,2,59,Autônomo,1600.0,43.0,Própria,637.0,2,1,Não,0
P000333,2025-10-01,28100.0,7244.18,0.2578,20855.82,0.7422,48,Correspondente bancário,2020,5,27,CLT,3820.15,108.0,Própria,942.0,0,0,Não,0
P000334,2025-12-01,33300.0,24975.0,0.75,8325.0,0.25,24,Concessionária,2023,2,41,CLT,3345.97,30.0,Própria,801.0,0,0,Não,0
P000335,2025-07-01,42500.0,12469.5,0.2934,30030.5,0.7066,60,Revenda multimarca,2023,2,25,Servidor público,9164.08,,Alugada,739.0,0,0,Não,0
P000336,2025-09-01,34000.0,5504.6,0.1619,28495.4,0.8381,36,Concessionária,2021,4,33,Autônomo,1600.0,30.0,Alugada,519.0,0,3,Não,0
P000337,2025-11-01,41700.0,19448.88,0.4664,22251.12,0.5336,24,Digital,2013,12,31,Autônomo,1937.26,,Própria,538.0,0,3,Não,0
P000338,2025-12-01,32600.0,10634.12,0.3262,21965.88,0.6738,60,Revenda multimarca,2023,2,33,CLT,4980.27,40.0,Alugada,714.0,1,0,Não,0
P000339,2025-07-01,111400.0,21633.88,0.1942,89766.12,0.8058,36,Digital,2023,2,59,CLT,17473.75,,Própria,849.0,2,2,Não,0
P000340,2025-07-01,26800.0,7051.08,0.2631,19748.92,0.7369,36,Correspondente bancário,2018,7,37,CLT,2838.28,48.0,Alugada,533.0,1,2,Não,0
P000341,2025-10-01,31600.0,3276.92,0.1037,28323.08,0.8963,36,Revenda multimarca,2023,2,53,CLT,6648.13,36.0,Própria,434.0,3,1,Não,0
P000342,2025-10-01,128700.0,19021.86,0.1478,109678.14,0.8522,48,Concessionária,2022,3,30,Empresário,21401.21,2.0,Financiada,591.0,1,0,Não,0
P000343,2025-10-01,32700.0,10771.38,0.3294,21928.62,0.6706,48,Concessionária,2013,12,33,CLT,1600.0,59.0,Familiar,484.0,0,1,Não,0
P000344,2025-09-01,35300.0,5263.23,0.1491,30036.77,0.8509,60,Digital,2022,3,47,CLT,3449.19,19.0,Alugada,802.0,1,3,Não,0
P000345,2025-09-01,32400.0,13420.08,0.4142,18979.92,0.5858,60,Correspondente bancário,2021,4,42,Autônomo,5328.95,85.0,Financiada,631.0,0,4,Não,0
P000346,2025-09-01,68400.0,15294.24,0.2236,53105.76,0.7764,60,Correspondente bancário,2020,5,34,CLT,1600.0,156.0,Alugada,509.0,0,0,Não,0
P000347,2025-08-01,77500.0,6060.5,0.0782,71439.5,0.9218,24,Revenda multimarca,2023,2,32,Servidor público,9841.05,69.0,Própria,670.0,0,5,Sim,0
P000348,2025-09-01,32300.0,11298.54,0.3498,21001.46,0.6502,48,Digital,2020,5,38,CLT,2579.56,37.0,Alugada,568.0,1,2,Não,0
P000349,2025-09-01,59200.0,13657.44,0.2307,45542.56,0.7693,48,Digital,2020,5,40,CLT,5050.77,20.0,Alugada,673.0,0,1,Não,0
P000350,2025-07-01,39000.0,15681.9,0.4021,23318.1,0.5979,60,Concessionária,2019,6,48,CLT,4039.9,49.0,Financiada,624.0,2,1,Não,0
P000351,2025-10-01,57500.0,9596.75,0.1669,47903.25,0.8331,48,Revenda multimarca,2015,10,42,CLT,,26.0,Alugada,493.0,2,3,Não,0
P000352,2025-07-01,22000.0,11070.4,0.5032,10929.6,0.4968,60,Correspondente bancário,2013,12,27,Autônomo,,20.0,Alugada,499.0,2,1,Não,0
P000353,2025-10-01,23200.0,1095.04,0.0472,22104.96,0.9528,48,Revenda multimarca,2018,7,37,CLT,2641.47,36.0,Financiada,179.0,5,2,Sim,0
P000354,2025-10-01,23300.0,6770.98,0.2906,16529.02,0.7094,48,Digital,2024,1,34,CLT,2892.53,53.0,Alugada,429.0,5,5,Sim,0
P000355,2025-09-01,63400.0,10074.26,0.1589,53325.74,0.8411,60,Concessionária,2022,3,40,CLT,2331.33,61.0,Alugada,656.0,0,0,Não,0
P000356,2025-10-01,22000.0,10258.6,0.4663,11741.4,0.5337,36,Concessionária,2022,3,36,Autônomo,5244.4,27.0,Alugada,325.0,5,6,Sim,0
P000357,2025-11-01,47700.0,5404.41,0.1133,42295.59,0.8867,48,Digital,2017,8,42,CLT,4590.7,101.0,Familiar,531.0,1,2,Não,0
P000358,2025-09-01,25700.0,3685.38,0.1434,22014.62,0.8566,60,Concessionária,2022,3,51,CLT,4206.17,,Alugada,567.0,0,2,Não,0
P000359,2025-07-01,84500.0,13410.15,0.1587,71089.85,0.8413,48,Revenda multimarca,2020,5,41,CLT,5740.93,63.0,Financiada,707.0,0,2,Não,0
P000360,2025-10-01,86600.0,24836.88,0.2868,61763.12,0.7132,24,Revenda multimarca,2025,0,30,Empresário,14768.06,3.0,Familiar,505.0,0,0,Não,0
P000361,2025-07-01,54700.0,11607.34,0.2122,43092.66,0.7878,60,Revenda multimarca,2021,4,42,CLT,5585.24,47.0,Financiada,708.0,1,5,Não,0
P000362,2025-08-01,31300.0,3039.23,0.0971,28260.77,0.9029,24,Revenda multimarca,2015,10,45,Servidor público,3207.36,143.0,Própria,407.0,1,1,Não,0
P000363,2025-12-01,28500.0,1011.75,0.0355,27488.25,0.9645,60,Revenda multimarca,2021,4,40,Autônomo,1892.08,91.0,Financiada,439.0,0,4,Sim,0
P000364,2025-10-01,42700.0,4047.96,0.0948,38652.04,0.9052,60,Digital,2023,2,40,CLT,3369.5,67.0,Financiada,319.0,5,3,Não,0
P000365,2025-11-01,44800.0,3194.24,0.0713,41605.76,0.9287,48,Digital,2022,3,53,CLT,3961.29,39.0,Própria,723.0,0,0,Não,0
P000366,2025-09-01,28900.0,6612.32,0.2288,22287.68,0.7712,48,Correspondente bancário,2023,2,28,CLT,7657.58,46.0,Alugada,710.0,0,3,Não,0
P000367,2025-12-01,43300.0,2775.53,0.0641,40524.47,0.9359,60,Concessionária,2020,5,40,Autônomo,2676.29,34.0,Familiar,548.0,0,4,Não,0
P000368,2025-10-01,62800.0,20133.68,0.3206,42666.32,0.6794,36,Concessionária,2018,7,75,Aposentado,9439.76,163.0,Alugada,794.0,0,4,Não,0
P000369,2025-10-01,22900.0,12851.48,0.5612,10048.52,0.4388,24,Concessionária,2019,6,66,Aposentado,4884.32,48.0,Própria,765.0,0,1,Não,0
P000370,2025-11-01,74200.0,17548.3,0.2365,56651.7,0.7635,60,Digital,2018,7,42,CLT,3895.44,10.0,Financiada,354.0,4,3,Não,0
P000371,2025-10-01,22000.0,1599.4,0.0727,20400.6,0.9273,48,Digital,2013,12,47,Autônomo,1600.0,11.0,Alugada,199.0,5,8,Sim,0
P000372,2025-11-01,47200.0,5182.56,0.1098,42017.44,0.8902,24,Concessionária,2024,1,72,Aposentado,4117.93,173.0,Própria,688.0,2,0,Sim,0
P000373,2025-10-01,38100.0,5722.62,0.1502,32377.38,0.8498,24,Revenda multimarca,2019,6,31,CLT,1600.0,18.0,Própria,431.0,3,3,Não,0
P000374,2025-08-01,48800.0,11009.28,0.2256,37790.72,0.7744,48,Correspondente bancário,2017,8,33,CLT,6220.34,15.0,Familiar,676.0,0,0,Sim,0
P000375,2025-08-01,22000.0,2534.4,0.1152,19465.6,0.8848,48,Concessionária,2019,6,46,CLT,1600.0,174.0,Própria,204.0,5,4,Sim,0
P000376,2025-10-01,127200.0,14742.48,0.1159,112457.52,0.8841,48,Digital,2014,11,31,Servidor público,17091.34,112.0,Alugada,547.0,1,1,Não,0
P000377,2025-08-01,46600.0,9539.02,0.2047,37060.98,0.7953,48,Concessionária,2024,1,40,CLT,,74.0,Alugada,741.0,0,0,Não,0
P000378,2025-09-01,42900.0,11076.78,0.2582,31823.22,0.7418,24,Digital,2021,4,39,Empresário,6067.14,21.0,Financiada,349.0,2,3,Sim,0
P000379,2025-09-01,29400.0,4201.26,0.1429,25198.74,0.8571,24,Digital,2023,2,52,Autônomo,,117.0,Própria,721.0,0,3,Não,0
P000380,2025-12-01,22000.0,10562.2,0.4801,11437.8,0.5199,48,Revenda multimarca,2022,3,30,CLT,1831.42,132.0,Familiar,151.0,5,1,Sim,0
P000381,2025-12-01,38300.0,12550.91,0.3277,25749.09,0.6723,60,Correspondente bancário,2018,7,28,Servidor público,3797.98,43.0,Familiar,556.0,1,2,Não,0
P000382,2025-11-01,42300.0,5071.77,0.1199,37228.23,0.8801,48,Concessionária,2021,4,58,CLT,7348.78,,Própria,826.0,0,1,Não,0
P000383,2025-10-01,34100.0,6448.31,0.1891,27651.69,0.8109,48,Correspondente bancário,2024,1,27,CLT,1600.0,64.0,Própria,366.0,5,1,Sim,0
P000384,2025-10-01,74600.0,2051.5,0.0275,72548.5,0.9725,48,Digital,2023,2,40,CLT,6676.15,21.0,Familiar,875.0,0,0,Não,0
P000385,2025-12-01,82600.0,31487.12,0.3812,51112.88,0.6188,48,Correspondente bancário,2025,0,42,CLT,11887.79,43.0,Própria,,1,2,Não,0
P000386,2025-08-01,24500.0,4542.3,0.1854,19957.7,0.8146,48,Concessionária,2022,3,43,CLT,4498.74,74.0,Alugada,472.0,1,1,Não,0
P000387,2025-07-01,52800.0,3432.0,0.065,49368.0,0.935,60,Revenda multimarca,2013,12,54,CLT,3278.28,56.0,Própria,354.0,5,4,Não,0
P000388,2025-10-01,35000.0,3552.5,0.1015,31447.5,0.8985,24,Concessionária,2024,1,30,Autônomo,3277.11,129.0,Própria,408.0,5,1,Não,0
P000389,2025-12-01,29900.0,4837.82,0.1618,25062.18,0.8382,60,Revenda multimarca,2022,3,25,Empresário,4199.72,44.0,Alugada,531.0,1,0,Não,0
P000390,2025-10-01,179000.0,20048.0,0.112,158952.0,0.888,48,Concessionária,2024,1,49,Empresário,,40.0,Própria,848.0,2,0,Não,0
P000391,2025-12-01,66100.0,32051.89,0.4849,34048.11,0.5151,48,Correspondente bancário,2023,2,33,CLT,6097.21,16.0,Própria,911.0,0,1,Não,0
P000392,2025-08-01,29600.0,7844.0,0.265,21756.0,0.735,60,Concessionária,2024,1,35,CLT,3026.82,31.0,Familiar,555.0,3,2,Não,0
P000393,2025-10-01,41500.0,6361.95,0.1533,35138.05,0.8467,60,Revenda multimarca,2013,12,30,Servidor público,3988.57,65.0,Própria,607.0,0,0,Sim,0
P000394,2025-07-01,22000.0,5728.8,0.2604,16271.2,0.7396,24,Digital,2023,2,41,Autônomo,2923.47,27.0,Familiar,411.0,1,1,Não,0
P000395,2025-11-01,40300.0,4013.88,0.0996,36286.12,0.9004,60,Digital,2020,5,30,CLT,4132.27,30.0,Familiar,519.0,1,3,Não,0
P000396,2025-12-01,22000.0,6179.8,0.2809,15820.2,0.7191,48,Digital,2019,6,38,Autônomo,1633.32,15.0,Familiar,478.0,2,1,Não,0
P000397,2025-10-01,31500.0,11050.2,0.3508,20449.8,0.6492,48,Correspondente bancário,2023,2,42,CLT,2154.33,114.0,Própria,407.0,0,3,Não,0
P000398,2025-10-01,27000.0,9822.6,0.3638,17177.4,0.6362,48,Digital,2024,1,68,Aposentado,4957.54,200.0,Alugada,579.0,0,0,Não,0
P000399,2025-10-01,22000.0,440.0,0.02,21560.0,0.98,60,Concessionária,2023,2,30,Servidor público,2777.79,144.0,Própria,501.0,1,6,Não,0
P000400,2025-12-01,28700.0,3260.32,0.1136,25439.68,0.8864,60,Revenda multimarca,2022,3,27,Servidor público,2967.53,108.0,Própria,476.0,1,4,Sim,0
P000401,2025-10-01,64400.0,24697.4,0.3835,39702.6,0.6165,60,Revenda multimarca,2021,4,33,CLT,4399.71,19.0,Alugada,595.0,0,2,Não,0
P000402,2025-12-01,36000.0,6224.4,0.1729,29775.6,0.8271,24,Correspondente bancário,2023,2,39,CLT,9499.94,61.0,Própria,611.0,1,0,Não,0
P000403,2025-11-01,22000.0,3073.4,0.1397,18926.6,0.8603,48,Concessionária,2021,4,52,CLT,3474.61,40.0,Própria,539.0,1,1,Sim,0
P000404,2025-10-01,39500.0,2622.8,0.0664,36877.2,0.9336,60,Revenda multimarca,2020,5,34,Empresário,5300.54,,Alugada,441.0,3,3,Sim,0
P000405,2025-10-01,67200.0,8352.96,0.1243,58847.04,0.8757,48,Revenda multimarca,2013,12,42,Servidor público,8123.1,,Alugada,,2,1,Sim,0
P000406,2025-10-01,37000.0,13553.1,0.3663,23446.9,0.6337,48,Concessionária,2023,2,27,CLT,2078.74,79.0,Própria,603.0,1,3,Não,0
P000407,2025-08-01,22000.0,5123.8,0.2329,16876.2,0.7671,60,Correspondente bancário,2016,9,26,CLT,3248.41,65.0,Familiar,617.0,0,0,Não,0
P000408,2025-11-01,58100.0,18347.98,0.3158,39752.02,0.6842,36,Concessionária,2022,3,39,CLT,7780.54,89.0,Financiada,449.0,0,1,Sim,0
P000409,2025-09-01,51100.0,18912.11,0.3701,32187.89,0.6299,60,Concessionária,2018,7,43,Empresário,11737.46,,Financiada,647.0,0,1,Não,0
P000410,2025-12-01,100100.0,25445.42,0.2542,74654.58,0.7458,48,Concessionária,2025,0,60,Servidor público,15646.85,64.0,Própria,614.0,0,2,Não,0
P000411,2025-07-01,260000.0,20826.0,0.0801,239174.0,0.9199,60,Digital,2024,1,36,Empresário,21657.79,27.0,Alugada,714.0,0,3,Não,0
P000412,2025-09-01,23200.0,2781.68,0.1199,20418.32,0.8801,24,Correspondente bancário,2025,0,46,Autônomo,4997.55,46.0,Alugada,490.0,3,2,Não,0
P000413,2025-10-01,32600.0,11449.12,0.3512,21150.88,0.6488,60,Concessionária,2021,4,24,CLT,4961.29,72.0,Financiada,625.0,2,0,Não,0
P000414,2025-11-01,64100.0,28736.03,0.4483,35363.97,0.5517,60,Digital,2024,1,28,CLT,5936.56,6.0,Própria,661.0,1,0,Não,0
P000415,2025-08-01,40400.0,6197.36,0.1534,34202.64,0.8466,24,Digital,2018,7,46,Autônomo,,14.0,Própria,871.0,0,2,Não,0
P000416,2025-10-01,31100.0,9731.19,0.3129,21368.81,0.6871,60,Digital,2017,8,64,Aposentado,2995.06,52.0,Própria,396.0,1,5,Não,0
P000417,2025-08-01,37800.0,10674.72,0.2824,27125.28,0.7176,60,Concessionária,2018,7,55,CLT,,34.0,Familiar,820.0,1,1,Não,0
P000418,2025-11-01,41800.0,12109.46,0.2897,29690.54,0.7103,48,Concessionária,2020,5,26,Servidor público,6036.37,96.0,Familiar,354.0,5,3,Sim,0
P000419,2025-12-01,28400.0,12814.08,0.4512,15585.92,0.5488,48,Revenda multimarca,2018,7,31,CLT,1666.29,59.0,Própria,462.0,2,5,Sim,0
P000420,2025-12-01,31100.0,9721.86,0.3126,21378.14,0.6874,48,Digital,2018,7,41,CLT,4653.47,54.0,Alugada,662.0,0,0,Não,0
P000421,2025-08-01,22000.0,5002.8,0.2274,16997.2,0.7726,36,Revenda multimarca,2023,2,44,CLT,1600.0,55.0,Alugada,645.0,0,2,Não,0
P000422,2025-08-01,22000.0,2939.2,0.1336,19060.8,0.8664,24,Concessionária,2023,2,45,CLT,3388.03,61.0,Própria,508.0,1,2,Não,0
P000423,2025-08-01,26400.0,1565.52,0.0593,24834.48,0.9407,36,Revenda multimarca,2018,7,39,Autônomo,2514.8,103.0,Própria,584.0,0,4,Sim,0
P000424,2025-11-01,67600.0,5725.72,0.0847,61874.28,0.9153,48,Correspondente bancário,2015,10,73,Aposentado,6491.47,,Própria,374.0,5,2,Sim,0
P000425,2025-11-01,25100.0,9186.6,0.366,15913.4,0.634,48,Revenda multimarca,2019,6,29,Autônomo,3024.54,39.0,Alugada,409.0,4,3,Não,0
P000426,2025-11-01,79700.0,38550.89,0.4837,41149.11,0.5163,24,Correspondente bancário,2023,2,25,CLT,7687.05,29.0,Própria,635.0,0,1,Não,0
P000427,2025-10-01,26100.0,6149.16,0.2356,19950.84,0.7644,48,Correspondente bancário,2020,5,23,Autônomo,1600.0,39.0,Própria,424.0,5,2,Não,0
P000428,2025-10-01,25900.0,3613.05,0.1395,22286.95,0.8605,48,Digital,2023,2,27,CLT,3183.26,28.0,Alugada,358.0,5,3,Não,0
P000429,2025-08-01,55100.0,1272.81,0.0231,53827.19,0.9769,48,Correspondente bancário,2023,2,29,Empresário,,75.0,Familiar,609.0,1,2,Não,0
P000430,2025-10-01,22000.0,1581.8,0.0719,20418.2,0.9281,60,Revenda multimarca,2016,9,43,Autônomo,2552.78,25.0,Alugada,470.0,2,5,Não,0
P000431,2025-09-01,34900.0,5727.09,0.1641,29172.91,0.8359,24,Digital,2020,5,75,Aposentado,2815.67,221.0,Própria,496.0,0,0,Não,0
P000432,2025-09-01,29200.0,7846.04,0.2687,21353.96,0.7313,48,Concessionária,2022,3,35,CLT,3236.29,65.0,Alugada,499.0,0,0,Sim,0
P000433,2025-12-01,22000.0,655.6,0.0298,21344.4,0.9702,48,Correspondente bancário,2022,3,63,Aposentado,3538.42,379.0,Própria,603.0,0,1,Não,0
P000434,2025-08-01,22400.0,1095.36,0.0489,21304.64,0.9511,48,Revenda multimarca,2018,7,43,CLT,2918.44,29.0,Financiada,551.0,0,6,Sim,0
P000435,2025-10-01,35600.0,2652.2,0.0745,32947.8,0.9255,48,Correspondente bancário,2017,8,39,CLT,2978.65,55.0,Familiar,470.0,5,0,Não,0
P000436,2025-10-01,46300.0,5176.34,0.1118,41123.66,0.8882,36,Correspondente bancário,2023,2,35,Empresário,4780.65,41.0,Própria,359.0,4,1,Não,0
P000437,2025-12-01,22000.0,1315.6,0.0598,20684.4,0.9402,48,Digital,2020,5,37,Autônomo,1600.0,75.0,Alugada,301.0,5,3,Sim,0
P000438,2025-07-01,63200.0,20818.08,0.3294,42381.92,0.6706,48,Concessionária,2023,2,45,Servidor público,9152.87,64.0,Financiada,859.0,1,0,Não,0
P000439,2025-11-01,43600.0,3174.08,0.0728,40425.92,0.9272,24,Concessionária,2024,1,63,CLT,8738.91,26.0,Alugada,684.0,0,0,Sim,0
P000440,2025-08-01,23200.0,3468.4,0.1495,19731.6,0.8505,48,Concessionária,2018,7,36,CLT,2100.5,50.0,Alugada,620.0,1,2,Não,0
P000441,2025-09-01,25700.0,6229.68,0.2424,19470.32,0.7576,48,Digital,2013,12,32,Autônomo,2419.33,25.0,Própria,320.0,2,4,Sim,0
P000442,2025-11-01,52900.0,7310.78,0.1382,45589.22,0.8618,36,Digital,2022,3,42,Servidor público,13361.18,120.0,Própria,478.0,2,2,Não,0
P000443,2025-10-01,31900.0,1189.87,0.0373,30710.13,0.9627,36,Concessionária,2023,2,35,CLT,1600.0,46.0,Alugada,642.0,1,3,Não,0
P000444,2025-07-01,22000.0,1493.8,0.0679,20506.2,0.9321,60,Revenda multimarca,2013,12,28,CLT,1940.68,45.0,Familiar,230.0,5,3,Sim,0
P000445,2025-11-01,81100.0,5571.57,0.0687,75528.43,0.9313,48,Digital,2020,5,25,Servidor público,9109.92,83.0,Própria,534.0,0,0,Não,0
P000446,2025-12-01,59800.0,9849.06,0.1647,49950.94,0.8353,24,Digital,2021,4,28,CLT,4821.29,99.0,Alugada,522.0,2,3,Sim,0
P000447,2025-09-01,33300.0,1445.22,0.0434,31854.78,0.9566,60,Concessionária,2021,4,22,Autônomo,1600.0,48.0,Própria,381.0,3,3,Não,0
P000448,2025-10-01,31300.0,5574.53,0.1781,25725.47,0.8219,24,Concessionária,2021,4,48,Autônomo,1984.48,9.0,Própria,,1,0,Não,0
P000449,2025-07-01,44900.0,14462.29,0.3221,30437.71,0.6779,36,Revenda multimarca,2023,2,43,CLT,4764.74,61.0,Financiada,483.0,5,0,Não,0
P000450,2025-10-01,44000.0,13173.6,0.2994,30826.4,0.7006,36,Correspondente bancário,2024,1,45,Empresário,10511.17,62.0,Financiada,787.0,0,2,Não,0
P000451,2025-08-01,23500.0,11207.15,0.4769,12292.85,0.5231,48,Correspondente bancário,2023,2,50,Autônomo,,,Própria,348.0,4,2,Não,0
P000452,2025-08-01,22000.0,1331.0,0.0605,20669.0,0.9395,48,Digital,2017,8,40,CLT,2678.94,6.0,Própria,487.0,2,1,Não,0
P000453,2025-07-01,37300.0,6990.02,0.1874,30309.98,0.8126,60,Revenda multimarca,2018,7,65,Aposentado,1916.96,88.0,Familiar,438.0,5,4,Sim,0
P000454,2025-10-01,22000.0,622.6,0.0283,21377.4,0.9717,48,Correspondente bancário,2023,2,46,CLT,4082.76,18.0,Financiada,528.0,0,3,Não,0
P000455,2025-12-01,122300.0,9527.17,0.0779,112772.83,0.9221,48,Concessionária,2023,2,75,Aposentado,11953.2,36.0,Própria,791.0,0,2,Não,0
P000456,2025-10-01,27200.0,7395.68,0.2719,19804.32,0.7281,24,Correspondente bancário,2013,12,36,Autônomo,1600.0,7.0,Familiar,313.0,5,10,Sim,0
P000457,2025-11-01,92600.0,15112.32,0.1632,77487.68,0.8368,60,Concessionária,2024,1,69,Empresário,13402.51,11.0,Familiar,419.0,5,3,Sim,0
P000458,2025-08-01,22000.0,7066.4,0.3212,14933.6,0.6788,48,Revenda multimarca,2022,3,29,CLT,2019.44,37.0,Familiar,492.0,3,2,Sim,0
P000459,2025-12-01,70500.0,9432.9,0.1338,61067.1,0.8662,24,Revenda multimarca,2024,1,43,CLT,12178.74,83.0,Alugada,671.0,0,0,Não,0
P000460,2025-12-01,30000.0,8259.0,0.2753,21741.0,0.7247,36,Correspondente bancário,2019,6,34,CLT,2002.77,65.0,Familiar,545.0,1,2,Não,0
P000461,2025-07-01,82000.0,3157.0,0.0385,78843.0,0.9615,36,Digital,2021,4,38,Empresário,11456.18,75.0,Própria,504.0,1,3,Sim,0
P000462,2025-08-01,23500.0,4655.35,0.1981,18844.65,0.8019,36,Correspondente bancário,2023,2,27,Servidor público,6708.3,74.0,Própria,575.0,1,2,Não,0
P000463,2025-11-01,61500.0,22017.0,0.358,39483.0,0.642,24,Concessionária,2024,1,27,Autônomo,8747.22,,Própria,900.0,0,1,Não,0
P000464,2025-08-01,65300.0,14457.42,0.2214,50842.58,0.7786,24,Concessionária,2024,1,53,Aposentado,7299.41,85.0,Própria,1000.0,0,2,Não,0
P000465,2025-10-01,28100.0,3189.35,0.1135,24910.65,0.8865,36,Revenda multimarca,2023,2,37,Autônomo,1600.0,18.0,Financiada,460.0,3,2,Sim,0
P000466,2025-12-01,41400.0,7182.9,0.1735,34217.1,0.8265,24,Correspondente bancário,2021,4,53,Autônomo,2275.85,25.0,Financiada,711.0,1,0,Não,0
P000467,2025-11-01,31200.0,6789.12,0.2176,24410.88,0.7824,48,Concessionária,2022,3,47,CLT,,26.0,Alugada,513.0,2,1,Não,0
P000468,2025-10-01,80500.0,21557.9,0.2678,58942.1,0.7322,48,Concessionária,2023,2,56,Autônomo,8579.13,46.0,Própria,781.0,0,0,Não,0
P000469,2025-08-01,22000.0,6129.2,0.2786,15870.8,0.7214,48,Concessionária,2023,2,52,Autônomo,3416.38,4.0,Alugada,592.0,1,1,Não,0
P000470,2025-07-01,47100.0,6603.42,0.1402,40496.58,0.8598,60,Revenda multimarca,2024,1,22,CLT,3353.31,,Financiada,906.0,0,1,Não,0
P000471,2025-08-01,46500.0,9746.4,0.2096,36753.6,0.7904,48,Digital,2017,8,62,CLT,2259.06,22.0,Própria,637.0,0,1,Não,0
P000472,2025-07-01,31900.0,11994.4,0.376,19905.6,0.624,60,Concessionária,2021,4,35,CLT,6336.62,12.0,Familiar,664.0,0,2,Sim,0
P000473,2025-12-01,22000.0,10764.6,0.4893,11235.4,0.5107,48,Concessionária,2020,5,28,CLT,1600.0,107.0,Própria,542.0,2,1,Não,0
P000474,2025-10-01,29100.0,5302.02,0.1822,23797.98,0.8178,24,Concessionária,2024,1,33,Autônomo,5266.71,,Própria,668.0,0,1,Não,0
P000475,2025-09-01,22000.0,8984.8,0.4084,13015.2,0.5916,36,Revenda multimarca,2023,2,32,CLT,1600.0,23.0,Própria,415.0,3,3,Sim,0
P000476,2025-11-01,91700.0,31067.96,0.3388,60632.04,0.6612,36,Concessionária,2024,1,28,CLT,14015.55,43.0,Própria,978.0,0,0,Não,0
P000477,2025-09-01,53800.0,7198.44,0.1338,46601.56,0.8662,24,Concessionária,2017,8,35,Autônomo,3762.11,27.0,Própria,647.0,1,1,Não,0
P000478,2025-12-01,42600.0,7041.78,0.1653,35558.22,0.8347,60,Correspondente bancário,2022,3,51,CLT,1600.0,12.0,Alugada,452.0,3,3,Não,0
P000479,2025-09-01,28700.0,12005.21,0.4183,16694.79,0.5817,60,Revenda multimarca,2024,1,26,Empresário,7359.42,30.0,Própria,649.0,0,2,Sim,0
P000480,2025-09-01,47200.0,19880.64,0.4212,27319.36,0.5788,24,Digital,2022,3,39,CLT,2651.29,65.0,Alugada,605.0,0,3,Não,0
P000481,2025-09-01,33300.0,4838.49,0.1453,28461.51,0.8547,36,Revenda multimarca,2023,2,34,CLT,4385.0,3.0,Alugada,476.0,0,3,Sim,0
P000482,2025-12-01,22000.0,2486.0,0.113,19514.0,0.887,60,Concessionária,2022,3,33,CLT,1600.0,119.0,Alugada,549.0,1,2,Não,0
P000483,2025-12-01,36200.0,14997.66,0.4143,21202.34,0.5857,48,Concessionária,2013,12,30,Empresário,5017.86,22.0,Alugada,592.0,0,0,Não,0
P000484,2025-08-01,44600.0,6984.36,0.1566,37615.64,0.8434,60,Revenda multimarca,2022,3,52,CLT,6254.71,83.0,Própria,888.0,0,1,Não,0
P000485,2025-07-01,98100.0,2118.96,0.0216,95981.04,0.9784,36,Concessionária,2022,3,48,CLT,,167.0,Alugada,409.0,3,3,Sim,0
P000486,2025-11-01,63100.0,8259.79,0.1309,54840.21,0.8691,36,Digital,2018,7,46,Empresário,14099.45,38.0,Própria,419.0,2,4,Não,0
P000487,2025-08-01,22000.0,2171.4,0.0987,19828.6,0.9013,60,Revenda multimarca,2015,10,35,Empresário,1810.32,40.0,Alugada,446.0,1,0,Não,0
P000488,2025-10-01,56800.0,12206.32,0.2149,44593.68,0.7851,36,Concessionária,2018,7,48,CLT,4294.26,46.0,Alugada,456.0,4,1,Não,0
P000489,2025-07-01,51900.0,4074.15,0.0785,47825.85,0.9215,48,Concessionária,2025,0,55,CLT,5196.32,30.0,Própria,387.0,5,3,Não,0
P000490,2025-12-01,60500.0,11737.0,0.194,48763.0,0.806,48,Correspondente bancário,2024,1,27,Autônomo,4484.79,3.0,Familiar,,0,1,Não,0
P000491,2025-09-01,43000.0,21216.2,0.4934,21783.8,0.5066,48,Concessionária,2019,6,29,CLT,9653.06,52.0,Própria,566.0,1,1,Não,0
P000492,2025-12-01,43300.0,10145.19,0.2343,33154.81,0.7657,48,Revenda multimarca,2019,6,27,CLT,3740.98,22.0,Financiada,567.0,2,4,Não,0
P000493,2025-10-01,62800.0,15429.96,0.2457,47370.04,0.7543,60,Correspondente bancário,2020,5,28,Autônomo,4579.96,53.0,Financiada,576.0,0,2,Sim,0
P000494,2025-12-01,23600.0,7339.6,0.311,16260.4,0.689,60,Revenda multimarca,2020,5,35,Autônomo,1600.0,18.0,Alugada,362.0,5,3,Sim,0
P000495,2025-11-01,91200.0,29813.28,0.3269,61386.72,0.6731,48,Revenda multimarca,2022,3,40,Autônomo,4442.78,42.0,Familiar,684.0,4,2,Não,0
P000496,2025-11-01,44400.0,4186.92,0.0943,40213.08,0.9057,60,Concessionária,2013,12,32,Autônomo,1600.0,26.0,Própria,414.0,5,3,Sim,0
P000497,2025-12-01,77900.0,28410.13,0.3647,49489.87,0.6353,48,Concessionária,2024,1,31,CLT,19991.14,26.0,Financiada,883.0,1,1,Não,0
P000498,2025-07-01,29900.0,13742.04,0.4596,16157.96,0.5404,24,Revenda multimarca,2024,1,41,CLT,,,Financiada,546.0,3,0,Não,0
P000499,2025-07-01,22000.0,2235.2,0.1016,19764.8,0.8984,60,Concessionária,2013,12,29,Servidor público,3292.4,132.0,Própria,566.0,2,2,Não,0
P000500,2025-12-01,29600.0,2302.88,0.0778,27297.12,0.9222,36,Revenda multimarca,2021,4,29,Autônomo,1600.0,60.0,Alugada,606.0,1,2,Não,0
P000501,2025-12-01,42400.0,6661.04,0.1571,35738.96,0.8429,48,Correspondente bancário,2023,2,34,CLT,3573.17,5.0,Própria,771.0,0,0,Não,0
P000502,2025-08-01,35300.0,1182.55,0.0335,34117.45,0.9665,24,Revenda multimarca,2023,2,48,CLT,,28.0,Própria,661.0,1,0,Não,0
P000503,2025-12-01,42500.0,24709.5,0.5814,17790.5,0.4186,60,Digital,2020,5,52,Servidor público,9833.75,31.0,Alugada,578.0,1,2,Não,0
P000504,2025-12-01,40000.0,1824.0,0.0456,38176.0,0.9544,36,Concessionária,2024,1,75,Autônomo,4398.58,12.0,Alugada,529.0,0,0,Sim,0
P000505,2025-10-01,37700.0,3819.01,0.1013,33880.99,0.8987,60,Concessionária,2014,11,68,CLT,7622.73,41.0,Própria,448.0,3,2,Não,0
P000506,2025-12-01,34600.0,5902.76,0.1706,28697.24,0.8294,36,Revenda multimarca,2020,5,41,CLT,2382.71,90.0,Alugada,504.0,1,3,Não,0
P000507,2025-08-01,48400.0,5507.92,0.1138,42892.08,0.8862,36,Concessionária,2024,1,33,CLT,6614.81,54.0,Própria,707.0,0,1,Não,0
P000508,2025-11-01,22000.0,1432.2,0.0651,20567.8,0.9349,24,Concessionária,2019,6,45,CLT,1840.8,38.0,Financiada,515.0,2,3,Sim,0
P000509,2025-08-01,22000.0,4919.2,0.2236,17080.8,0.7764,60,Digital,2022,3,34,Autônomo,2461.68,35.0,Própria,356.0,3,0,Sim,0
P000510,2025-07-01,22000.0,9130.0,0.415,12870.0,0.585,48,Concessionária,2018,7,61,Autônomo,2543.12,30.0,Familiar,440.0,4,5,Sim,0
P000511,2025-07-01,31800.0,1450.08,0.0456,30349.92,0.9544,48,Concessionária,2019,6,29,Servidor público,4700.59,,Própria,379.0,1,3,Não,0
P000512,2025-11-01,22000.0,3467.2,0.1576,18532.8,0.8424,48,Correspondente bancário,2020,5,49,Autônomo,1600.0,9.0,Própria,555.0,2,0,Sim,0
P000513,2025-11-01,37400.0,12880.56,0.3444,24519.44,0.6556,60,Concessionária,2024,1,43,CLT,5515.99,66.0,Familiar,639.0,0,2,Sim,0
P000514,2025-11-01,32400.0,11129.4,0.3435,21270.6,0.6565,24,Revenda multimarca,2021,4,33,Servidor público,4118.45,180.0,Própria,699.0,1,0,Não,0
P000515,2025-08-01,82800.0,31960.8,0.386,50839.2,0.614,48,Concessionária,2025,0,32,CLT,,73.0,Alugada,845.0,0,2,Não,0
P000516,2025-07-01,39800.0,11100.22,0.2789,28699.78,0.7211,24,Revenda multimarca,2013,12,28,CLT,5863.21,9.0,Própria,498.0,0,1,Não,0
P000517,2025-11-01,54900.0,4392.0,0.08,50508.0,0.92,36,Concessionária,2018,7,51,CLT,5980.93,27.0,Financiada,241.0,5,4,Sim,0
P000518,2025-09-01,51000.0,10521.3,0.2063,40478.7,0.7937,60,Digital,2020,5,54,CLT,6914.73,6.0,Própria,603.0,3,7,Sim,0
P000519,2025-10-01,22000.0,3905.0,0.1775,18095.0,0.8225,48,Correspondente bancário,2024,1,49,CLT,3758.19,,Própria,431.0,2,4,Não,0
P000520,2025-10-01,42500.0,12801.0,0.3012,29699.0,0.6988,48,Digital,2024,1,22,Servidor público,9655.73,20.0,Familiar,645.0,0,1,Não,0
P000521,2025-12-01,33200.0,664.0,0.02,32536.0,0.98,24,Revenda multimarca,2018,7,71,CLT,5588.24,44.0,Alugada,,0,3,Não,0
P000522,2025-07-01,39800.0,10467.4,0.263,29332.6,0.737,60,Digital,2022,3,41,Autônomo,8006.16,28.0,Própria,490.0,2,2,Não,0
P000523,2025-11-01,44400.0,10993.44,0.2476,33406.56,0.7524,48,Digital,2022,3,32,CLT,2484.32,54.0,Financiada,414.0,3,4,Não,0
P000524,2025-10-01,52900.0,5924.8,0.112,46975.2,0.888,36,Concessionária,2017,8,55,Autônomo,6215.97,69.0,Alugada,328.0,2,1,Sim,0
P000525,2025-08-01,73000.0,15008.8,0.2056,57991.2,0.7944,36,Concessionária,2025,0,33,CLT,10907.69,81.0,Financiada,740.0,0,2,Não,0
P000526,2025-12-01,47800.0,2103.2,0.044,45696.8,0.956,48,Concessionária,2019,6,46,CLT,6179.33,89.0,Própria,443.0,0,7,Não,0
P000527,2025-08-01,42800.0,15335.24,0.3583,27464.76,0.6417,60,Revenda multimarca,2021,4,47,Servidor público,5919.37,90.0,Alugada,363.0,2,2,Não,0
P000528,2025-09-01,39700.0,13243.92,0.3336,26456.08,0.6664,24,Digital,2020,5,30,CLT,5896.39,48.0,Alugada,750.0,0,2,Não,0
P000529,2025-12-01,73400.0,11105.42,0.1513,62294.58,0.8487,36,Revenda multimarca,2025,0,75,Aposentado,5434.62,314.0,Financiada,766.0,0,3,Não,0
P000530,2025-11-01,62400.0,13334.88,0.2137,49065.12,0.7863,24,Concessionária,2022,3,58,Empresário,7186.84,63.0,Alugada,452.0,4,0,Não,0
P000531,2025-08-01,24700.0,7498.92,0.3036,17201.08,0.6964,48,Concessionária,2025,0,31,Autônomo,6657.29,21.0,Familiar,618.0,0,1,Não,0
P000532,2025-07-01,45700.0,5456.58,0.1194,40243.42,0.8806,36,Digital,2017,8,32,CLT,3574.28,5.0,Alugada,702.0,0,3,Não,0
P000533,2025-07-01,50100.0,2314.62,0.0462,47785.38,0.9538,48,Revenda multimarca,2022,3,29,CLT,5791.91,34.0,Familiar,784.0,0,0,Não,0
P000534,2025-08-01,53100.0,5761.35,0.1085,47338.65,0.8915,48,Revenda multimarca,2015,10,35,CLT,3221.5,30.0,Familiar,672.0,0,0,Não,0
P000535,2025-07-01,29400.0,2325.54,0.0791,27074.46,0.9209,48,Correspondente bancário,2020,5,45,CLT,2399.22,,Familiar,528.0,2,2,Não,0
P000536,2025-07-01,31900.0,7818.69,0.2451,24081.31,0.7549,24,Concessionária,2020,5,42,CLT,4822.3,,Alugada,691.0,1,1,Não,0
P000537,2025-07-01,78500.0,28283.55,0.3603,50216.45,0.6397,24,Revenda multimarca,2013,12,40,Autônomo,5408.84,11.0,Própria,588.0,0,1,Não,0
P000538,2025-07-01,44400.0,6602.28,0.1487,37797.72,0.8513,60,Correspondente bancário,2022,3,25,Autônomo,2448.95,23.0,Familiar,393.0,1,4,Não,0
P000539,2025-09-01,67400.0,9220.32,0.1368,58179.68,0.8632,48,Concessionária,2023,2,36,CLT,6490.43,31.0,Própria,501.0,5,1,Sim,0
P000540,2025-12-01,55700.0,12443.38,0.2234,43256.62,0.7766,36,Concessionária,2023,2,57,Autônomo,5990.14,,Familiar,822.0,0,0,Não,0
P000541,2025-12-01,22000.0,3311.0,0.1505,18689.0,0.8495,60,Revenda multimarca,2021,4,51,CLT,,71.0,Alugada,332.0,5,1,Sim,0
P000542,2025-11-01,23800.0,7370.86,0.3097,16429.14,0.6903,60,Concessionária,2022,3,24,CLT,2509.18,21.0,Financiada,409.0,3,1,Não,0
P000543,2025-08-01,39400.0,11004.42,0.2793,28395.58,0.7207,60,Digital,2020,5,25,CLT,2916.08,14.0,Familiar,404.0,3,8,Não,0
P000544,2025-12-01,26800.0,8852.04,0.3303,17947.96,0.6697,48,Correspondente bancário,2020,5,46,Autônomo,3019.62,58.0,Financiada,449.0,2,3,Sim,0
P000545,2025-11-01,41400.0,4301.46,0.1039,37098.54,0.8961,36,Digital,2022,3,24,Autônomo,,22.0,Familiar,442.0,1,6,Não,0
P000546,2025-09-01,32900.0,7214.97,0.2193,25685.03,0.7807,24,Revenda multimarca,2023,2,41,Autônomo,1938.92,3.0,Familiar,741.0,1,2,Não,0
P000547,2025-07-01,65200.0,2360.24,0.0362,62839.76,0.9638,60,Revenda multimarca,2022,3,35,CLT,9382.39,18.0,Financiada,546.0,2,3,Não,0
P000548,2025-09-01,27600.0,5887.08,0.2133,21712.92,0.7867,48,Digital,2022,3,36,Autônomo,4333.43,12.0,Alugada,480.0,3,5,Sim,0
P000549,2025-11-01,58300.0,4984.65,0.0855,53315.35,0.9145,60,Concessionária,2024,1,43,CLT,7179.59,22.0,Própria,672.0,1,1,Não,0
P000550,2025-12-01,67300.0,10256.52,0.1524,57043.48,0.8476,48,Revenda multimarca,2024,1,25,Empresário,5896.49,19.0,Alugada,,3,2,Não,0
P000551,2025-10-01,81300.0,23292.45,0.2865,58007.55,0.7135,24,Revenda multimarca,2022,3,45,Autônomo,8396.54,23.0,Alugada,406.0,2,2,Não,0
P000552,2025-07-01,44100.0,14416.29,0.3269,29683.71,0.6731,48,Concessionária,2018,7,30,Empresário,6091.21,16.0,Própria,429.0,0,3,Sim,0
P000553,2025-10-01,66700.0,10651.99,0.1597,56048.01,0.8403,24,Concessionária,2022,3,28,Autônomo,4878.39,25.0,Própria,849.0,0,1,Não,0
P000554,2025-11-01,42600.0,19208.34,0.4509,23391.66,0.5491,60,Correspondente bancário,2022,3,24,CLT,4404.15,27.0,Financiada,818.0,1,2,Não,0
P000555,2025-09-01,22000.0,1353.0,0.0615,20647.0,0.9385,48,Concessionária,2022,3,44,CLT,4956.42,58.0,Familiar,279.0,5,6,Sim,0
P000556,2025-07-01,47600.0,6116.6,0.1285,41483.4,0.8715,36,Revenda multimarca,2020,5,27,CLT,3065.89,25.0,Própria,504.0,1,0,Não,0
P000557,2025-12-01,61900.0,26425.11,0.4269,35474.89,0.5731,48,Concessionária,2025,0,39,Servidor público,5739.69,17.0,Própria,1000.0,0,0,Não,0
P000558,2025-07-01,56500.0,8870.5,0.157,47629.5,0.843,24,Concessionária,2021,4,27,CLT,4632.72,108.0,Alugada,724.0,2,0,Não,0
P000559,2025-12-01,22000.0,567.6,0.0258,21432.4,0.9742,48,Revenda multimarca,2019,6,26,Empresário,7868.73,24.0,Financiada,368.0,3,4,Não,0
P000560,2025-10-01,58700.0,18396.58,0.3134,40303.42,0.6866,60,Concessionária,2024,1,36,Servidor público,5845.09,115.0,Familiar,560.0,1,3,Não,0
P000561,2025-10-01,43300.0,3251.83,0.0751,40048.17,0.9249,60,Concessionária,2020,5,31,Servidor público,5197.48,105.0,Alugada,796.0,0,1,Não,0
P000562,2025-10-01,34300.0,17949.19,0.5233,16350.81,0.4767,36,Concessionária,2018,7,53,Aposentado,4025.34,,Alugada,415.0,3,0,Sim,0
P000563,2025-07-01,37100.0,5045.6,0.136,32054.4,0.864,48,Revenda multimarca,2024,1,37,CLT,,61.0,Alugada,581.0,2,3,Não,0
P000564,2025-10-01,24300.0,3997.35,0.1645,20302.65,0.8355,48,Revenda multimarca,2023,2,37,CLT,3011.02,15.0,Alugada,471.0,1,1,Não,0
P000565,2025-10-01,35200.0,14446.08,0.4104,20753.92,0.5896,36,Revenda multimarca,2021,4,75,Aposentado,5853.57,135.0,Própria,690.0,1,3,Não,0
P000566,2025-09-01,22000.0,3317.6,0.1508,18682.4,0.8492,36,Concessionária,2022,3,65,Aposentado,1600.0,140.0,Própria,211.0,5,2,Não,0
P000567,2025-08-01,37200.0,4493.76,0.1208,32706.24,0.8792,60,Concessionária,2021,4,44,CLT,3803.21,21.0,Própria,541.0,1,2,Não,0
P000568,2025-12-01,56400.0,4308.96,0.0764,52091.04,0.9236,24,Revenda multimarca,2022,3,31,Empresário,7478.64,148.0,Própria,,1,3,Sim,0
P000569,2025-09-01,37400.0,15479.86,0.4139,21920.14,0.5861,24,Concessionária,2022,3,30,Servidor público,,51.0,Própria,462.0,3,3,Sim,0
P000570,2025-12-01,30400.0,15735.04,0.5176,14664.96,0.4824,60,Concessionária,2024,1,40,CLT,4797.21,31.0,Própria,704.0,2,1,Não,0
P000571,2025-10-01,38600.0,12714.84,0.3294,25885.16,0.6706,36,Concessionária,2024,1,27,Empresário,6359.16,30.0,Financiada,,0,5,Não,0
P000572,2025-07-01,29800.0,1492.98,0.0501,28307.02,0.9499,60,Concessionária,2022,3,37,CLT,1600.0,24.0,Familiar,514.0,4,7,Não,0
P000573,2025-11-01,39600.0,15190.56,0.3836,24409.44,0.6164,36,Concessionária,2023,2,43,CLT,,211.0,Familiar,502.0,1,3,Não,0
P000574,2025-11-01,97500.0,46887.75,0.4809,50612.25,0.5191,48,Concessionária,2020,5,27,Empresário,4706.62,24.0,Familiar,,1,0,Não,0
P000575,2025-09-01,22000.0,5638.6,0.2563,16361.4,0.7437,24,Digital,2019,6,40,Autônomo,2271.22,36.0,Própria,282.0,5,2,Sim,0
P000576,2025-08-01,22000.0,7037.8,0.3199,14962.2,0.6801,60,Concessionária,2021,4,31,CLT,1873.73,,Própria,595.0,1,2,Não,0
P000577,2025-08-01,29300.0,4093.21,0.1397,25206.79,0.8603,48,Revenda multimarca,2015,10,38,CLT,2779.61,70.0,Própria,244.0,5,7,Sim,0
P000578,2025-09-01,33000.0,4092.0,0.124,28908.0,0.876,60,Revenda multimarca,2022,3,28,Servidor público,3718.11,37.0,Própria,498.0,4,1,Não,0
P000579,2025-07-01,30900.0,1943.61,0.0629,28956.39,0.9371,48,Revenda multimarca,2020,5,41,CLT,2225.08,75.0,Própria,652.0,1,1,Não,0
P000580,2025-09-01,23000.0,7925.8,0.3446,15074.2,0.6554,48,Digital,2021,4,48,CLT,2594.42,52.0,Própria,634.0,2,2,Não,0
P000581,2025-10-01,25900.0,4757.83,0.1837,21142.17,0.8163,60,Concessionária,2013,12,52,Autônomo,2554.71,23.0,Financiada,586.0,3,2,Não,0
P000582,2025-08-01,22000.0,12570.8,0.5714,9429.2,0.4286,36,Digital,2023,2,39,CLT,1600.0,69.0,Financiada,768.0,2,0,Não,0
P000583,2025-08-01,76300.0,4616.15,0.0605,71683.85,0.9395,48,Concessionária,2021,4,24,Autônomo,4955.66,72.0,Própria,,1,1,Não,0
P000584,2025-12-01,22000.0,2611.4,0.1187,19388.6,0.8813,48,Digital,2022,3,34,CLT,2503.61,80.0,Alugada,386.0,5,2,Não,0
P000585,2025-12-01,40700.0,9173.78,0.2254,31526.22,0.7746,60,Correspondente bancário,2016,9,29,Empresário,7801.27,23.0,Financiada,515.0,2,0,Sim,0
P000586,2025-12-01,77200.0,5774.56,0.0748,71425.44,0.9252,48,Concessionária,2023,2,53,CLT,6224.76,,Própria,567.0,3,0,Não,0
P000587,2025-07-01,54500.0,23849.2,0.4376,30650.8,0.5624,60,Digital,2023,2,50,CLT,7347.78,112.0,Financiada,875.0,0,0,Não,0
P000588,2025-08-01,40800.0,9840.96,0.2412,30959.04,0.7588,36,Revenda multimarca,2022,3,48,Autônomo,11465.65,19.0,Alugada,593.0,2,0,Não,0
P000589,2025-11-01,45000.0,6637.5,0.1475,38362.5,0.8525,48,Concessionária,2015,10,43,CLT,3311.69,145.0,Alugada,732.0,0,0,Não,0
P000590,2025-08-01,22000.0,3696.0,0.168,18304.0,0.832,60,Concessionária,2019,6,35,CLT,2097.27,161.0,Familiar,448.0,3,4,Não,0
P000591,2025-10-01,24300.0,11559.51,0.4757,12740.49,0.5243,36,Revenda multimarca,2013,12,24,Autônomo,1600.0,37.0,Financiada,,5,6,Não,0
P000592,2025-11-01,26500.0,15756.9,0.5946,10743.1,0.4054,48,Correspondente bancário,2023,2,63,Aposentado,2966.13,387.0,Financiada,274.0,5,5,Não,0
P000593,2025-08-01,53200.0,5250.84,0.0987,47949.16,0.9013,60,Digital,2018,7,36,Autônomo,4150.57,20.0,Financiada,874.0,0,1,Não,0
P000594,2025-10-01,26600.0,2840.88,0.1068,23759.12,0.8932,48,Concessionária,2020,5,32,Autônomo,,7.0,Própria,495.0,2,1,Sim,0
P000595,2025-10-01,47800.0,12796.06,0.2677,35003.94,0.7323,60,Correspondente bancário,2022,3,46,CLT,4445.46,7.0,Familiar,532.0,0,1,Não,0
P000596,2025-10-01,33600.0,4146.24,0.1234,29453.76,0.8766,36,Correspondente bancário,2013,12,41,Servidor público,4300.54,213.0,Financiada,672.0,2,1,Não,0
P000597,2025-07-01,22700.0,2485.65,0.1095,20214.35,0.8905,60,Revenda multimarca,2018,7,33,Autônomo,1600.0,29.0,Alugada,240.0,4,3,Sim,0
P000598,2025-11-01,27200.0,2458.88,0.0904,24741.12,0.9096,48,Correspondente bancário,2016,9,31,CLT,3503.43,56.0,Familiar,423.0,2,3,Sim,0
P000599,2025-12-01,33800.0,17346.16,0.5132,16453.84,0.4868,48,Concessionária,2013,12,34,CLT,1671.09,48.0,Própria,442.0,1,1,Não,0
P000600,2025-11-01,23800.0,3424.82,0.1439,20375.18,0.8561,36,Revenda multimarca,2022,3,45,Servidor público,10518.09,91.0,Alugada,725.0,0,2,Não,0
P000601,2025-11-01,22000.0,4111.8,0.1869,17888.2,0.8131,36,Revenda multimarca,2017,8,44,CLT,2171.6,185.0,Própria,574.0,0,2,Não,0
P000602,2025-09-01,28900.0,3733.88,0.1292,25166.12,0.8708,48,Correspondente bancário,2021,4,40,CLT,3498.55,14.0,Própria,,5,1,Sim,0
P000603,2025-10-01,34800.0,5954.28,0.1711,28845.72,0.8289,48,Revenda multimarca,2022,3,42,Autônomo,4395.06,100.0,Familiar,527.0,4,3,Não,0
P000604,2025-09-01,54400.0,8997.76,0.1654,45402.24,0.8346,48,Concessionária,2023,2,75,Aposentado,7648.17,210.0,Alugada,582.0,0,1,Sim,0
P000605,2025-11-01,22000.0,3988.6,0.1813,18011.4,0.8187,60,Digital,2023,2,24,Autônomo,1600.0,47.0,Própria,628.0,1,0,Não,0
P000606,2025-12-01,22000.0,9805.4,0.4457,12194.6,0.5543,60,Digital,2021,4,22,Autônomo,1889.25,41.0,Própria,,1,4,Não,0
P000607,2025-10-01,77100.0,18820.11,0.2441,58279.89,0.7559,24,Digital,2019,6,26,CLT,4424.57,11.0,Própria,581.0,3,0,Sim,0
P000608,2025-11-01,27400.0,5841.68,0.2132,21558.32,0.7868,60,Concessionária,2023,2,45,CLT,1600.0,82.0,Própria,359.0,5,4,Sim,0
P000609,2025-07-01,38300.0,766.0,0.02,37534.0,0.98,48,Revenda multimarca,2022,3,48,CLT,9314.0,3.0,Alugada,453.0,2,2,Não,0
P000610,2025-12-01,66800.0,20227.04,0.3028,46572.96,0.6972,48,Concessionária,2019,6,28,CLT,10820.34,46.0,Própria,710.0,1,1,Sim,0
P000611,2025-10-01,35600.0,1765.76,0.0496,33834.24,0.9504,48,Concessionária,2023,2,35,Servidor público,8573.64,132.0,Familiar,348.0,5,6,Sim,0
P000612,2025-07-01,60600.0,11556.42,0.1907,49043.58,0.8093,60,Concessionária,2024,1,48,CLT,5005.21,63.0,Familiar,577.0,1,5,Não,0
P000613,2025-09-01,50000.0,8915.0,0.1783,41085.0,0.8217,36,Concessionária,2021,4,44,CLT,5679.47,4.0,Familiar,645.0,0,2,Não,0
P000614,2025-09-01,26000.0,4781.4,0.1839,21218.6,0.8161,24,Concessionária,2014,11,35,Autônomo,1600.0,101.0,Própria,165.0,5,9,Sim,0
P000615,2025-08-01,67200.0,10281.6,0.153,56918.4,0.847,24,Revenda multimarca,2018,7,31,Autônomo,10747.66,86.0,Alugada,757.0,2,1,Não,0
P000616,2025-07-01,22000.0,4098.6,0.1863,17901.4,0.8137,36,Concessionária,2020,5,29,CLT,2189.25,62.0,Própria,484.0,0,5,Sim,0
P000617,2025-10-01,25500.0,619.65,0.0243,24880.35,0.9757,24,Concessionária,2024,1,43,CLT,3093.51,186.0,Familiar,611.0,1,0,Não,0
P000618,2025-07-01,64200.0,22720.38,0.3539,41479.62,0.6461,24,Correspondente bancário,2021,4,29,Autônomo,4957.64,17.0,Própria,682.0,1,2,Não,0
P000619,2025-07-01,29300.0,3457.4,0.118,25842.6,0.882,36,Concessionária,2018,7,37,Servidor público,2429.9,32.0,Familiar,325.0,5,2,Sim,0
P000620,2025-07-01,58500.0,24610.95,0.4207,33889.05,0.5793,36,Correspondente bancário,2016,9,26,Autônomo,1914.21,13.0,Própria,669.0,1,1,Não,0
P000621,2025-12-01,146500.0,13053.15,0.0891,133446.85,0.9109,60,Digital,2021,4,54,CLT,12184.74,23.0,Alugada,506.0,0,4,Não,0
P000622,2025-09-01,22000.0,5724.4,0.2602,16275.6,0.7398,60,Correspondente bancário,2013,12,51,Autônomo,2085.69,,Própria,432.0,4,2,Sim,0
P000623,2025-12-01,43000.0,11524.0,0.268,31476.0,0.732,48,Correspondente bancário,2016,9,28,Autônomo,7140.34,13.0,Própria,550.0,1,1,Sim,0
P000624,2025-08-01,40200.0,10480.14,0.2607,29719.86,0.7393,48,Digital,2021,4,43,Empresário,,29.0,Alugada,536.0,1,0,Não,0
P000625,2025-08-01,55400.0,9767.02,0.1763,45632.98,0.8237,60,Revenda multimarca,2020,5,38,CLT,3558.07,7.0,Própria,399.0,3,0,Sim,0
P000626,2025-12-01,46500.0,18367.5,0.395,28132.5,0.605,48,Digital,2021,4,31,CLT,6898.65,29.0,Alugada,517.0,1,1,Não,0
P000627,2025-09-01,24500.0,1470.0,0.06,23030.0,0.94,36,Concessionária,2017,8,26,CLT,1600.0,2.0,Alugada,480.0,2,2,Não,0
P000628,2025-10-01,42900.0,10175.88,0.2372,32724.12,0.7628,48,Revenda multimarca,2021,4,42,CLT,3419.65,80.0,Própria,594.0,0,1,Sim,0
P000629,2025-12-01,32000.0,3308.8,0.1034,28691.2,0.8966,36,Digital,2024,1,38,CLT,3152.91,12.0,Própria,642.0,3,1,Sim,0
P000630,2025-12-01,50700.0,18312.84,0.3612,32387.16,0.6388,48,Revenda multimarca,2022,3,57,Autônomo,4215.83,32.0,Alugada,587.0,0,2,Não,0
P000631,2025-12-01,63400.0,32543.22,0.5133,30856.78,0.4867,36,Correspondente bancário,2024,1,29,Servidor público,16898.02,112.0,Alugada,580.0,0,0,Não,0
P000632,2025-12-01,108700.0,46643.17,0.4291,62056.83,0.5709,48,Concessionária,2025,0,39,CLT,21582.01,12.0,Própria,822.0,1,1,Não,0
P000633,2025-08-01,88600.0,11526.86,0.1301,77073.14,0.8699,36,Concessionária,2020,5,39,CLT,6755.65,138.0,Própria,664.0,0,1,Não,0
P000634,2025-10-01,38400.0,8213.76,0.2139,30186.24,0.7861,60,Revenda multimarca,2019,6,33,CLT,,35.0,Financiada,454.0,2,3,Não,0
P000635,2025-11-01,35600.0,14215.08,0.3993,21384.92,0.6007,48,Digital,2018,7,34,Empresário,,1.0,Alugada,569.0,1,4,Não,0
P000636,2025-07-01,34000.0,5079.6,0.1494,28920.4,0.8506,60,Digital,2020,5,38,Empresário,6569.55,95.0,Alugada,364.0,1,2,Sim,0
P000637,2025-12-01,25600.0,14154.24,0.5529,11445.76,0.4471,60,Revenda multimarca,2024,1,28,CLT,4243.17,3.0,Familiar,850.0,0,0,Não,0
P000638,2025-12-01,32100.0,11992.56,0.3736,20107.44,0.6264,48,Digital,2023,2,48,CLT,5509.31,82.0,Alugada,,0,1,Não,0
P000639,2025-12-01,26000.0,2139.8,0.0823,23860.2,0.9177,24,Revenda multimarca,2018,7,45,CLT,1691.85,42.0,Alugada,320.0,4,0,Não,0
P000640,2025-09-01,31300.0,8344.58,0.2666,22955.42,0.7334,60,Correspondente bancário,2024,1,36,CLT,3498.69,13.0,Própria,565.0,1,2,Não,0
P000641,2025-07-01,22000.0,5145.8,0.2339,16854.2,0.7661,48,Correspondente bancário,2019,6,35,CLT,1758.83,2.0,Financiada,345.0,4,3,Não,0
P000642,2025-11-01,22000.0,2169.2,0.0986,19830.8,0.9014,60,Correspondente bancário,2021,4,43,Autônomo,1600.0,24.0,Própria,346.0,4,1,Não,0
P000643,2025-07-01,66800.0,13607.16,0.2037,53192.84,0.7963,60,Concessionária,2023,2,30,Servidor público,5371.91,,Financiada,708.0,1,4,Não,0
P000644,2025-11-01,61000.0,4758.0,0.078,56242.0,0.922,48,Concessionária,2021,4,28,Autônomo,11175.9,,Financiada,882.0,0,0,Não,0
P000645,2025-07-01,56900.0,5655.86,0.0994,51244.14,0.9006,36,Revenda multimarca,2014,11,23,Empresário,9433.59,,Própria,,1,3,Não,0
P000646,2025-08-01,33100.0,8288.24,0.2504,24811.76,0.7496,60,Correspondente bancário,2023,2,55,Autônomo,3570.09,66.0,Alugada,705.0,0,1,Não,0
P000647,2025-11-01,43900.0,9096.08,0.2072,34803.92,0.7928,36,Revenda multimarca,2020,5,25,CLT,1600.0,36.0,Alugada,124.0,5,4,Sim,0
P000648,2025-08-01,36800.0,2896.16,0.0787,33903.84,0.9213,48,Concessionária,2024,1,35,Autônomo,6623.39,,Financiada,588.0,1,4,Não,0
P000649,2025-09-01,22000.0,633.6,0.0288,21366.4,0.9712,48,Concessionária,2018,7,26,Empresário,3400.9,96.0,Alugada,437.0,2,0,Sim,0
P000650,2025-07-01,37500.0,10503.75,0.2801,26996.25,0.7199,60,Revenda multimarca,2021,4,36,Autônomo,5906.31,43.0,Própria,827.0,0,0,Não,0
P000651,2025-10-01,31300.0,6623.08,0.2116,24676.92,0.7884,24,Digital,2023,2,36,CLT,5474.62,23.0,Familiar,585.0,1,1,Sim,0
P000652,2025-07-01,88100.0,1814.86,0.0206,86285.14,0.9794,48,Correspondente bancário,2023,2,37,CLT,6425.72,,Financiada,629.0,1,1,Não,0
P000653,2025-11-01,27200.0,2597.6,0.0955,24602.4,0.9045,48,Concessionária,2019,6,33,Autônomo,2933.97,8.0,Familiar,424.0,1,1,Não,0
P000654,2025-09-01,49400.0,17828.46,0.3609,31571.54,0.6391,60,Concessionária,2020,5,54,Autônomo,2329.89,55.0,Financiada,552.0,0,1,Sim,0
P000655,2025-10-01,57100.0,25809.2,0.452,31290.8,0.548,48,Revenda multimarca,2017,8,48,Autônomo,4731.39,4.0,Própria,494.0,1,1,Sim,0
P000656,2025-11-01,54300.0,5207.37,0.0959,49092.63,0.9041,36,Correspondente bancário,2016,9,33,CLT,6467.83,55.0,Alugada,561.0,3,2,Sim,0
P000657,2025-09-01,59800.0,15027.74,0.2513,44772.26,0.7487,60,Concessionária,2022,3,55,Aposentado,,138.0,Alugada,711.0,0,2,Sim,0
P000658,2025-10-01,41400.0,13268.7,0.3205,28131.3,0.6795,48,Revenda multimarca,2023,2,33,CLT,5823.37,61.0,Alugada,432.0,2,3,Não,0
P000659,2025-11-01,35500.0,4973.55,0.1401,30526.45,0.8599,48,Revenda multimarca,2016,9,29,CLT,2595.58,132.0,Alugada,412.0,3,3,Não,0
P000660,2025-11-01,59900.0,5600.65,0.0935,54299.35,0.9065,60,Correspondente bancário,2024,1,28,CLT,7467.08,120.0,Própria,533.0,0,5,Sim,0
P000661,2025-10-01,59100.0,8894.55,0.1505,50205.45,0.8495,48,Revenda multimarca,2019,6,36,Autônomo,2663.17,52.0,Própria,394.0,3,1,Não,0
P000662,2025-12-01,22000.0,7469.0,0.3395,14531.0,0.6605,24,Digital,2020,5,49,Autônomo,,,Própria,227.0,5,4,Sim,0
P000663,2025-08-01,36500.0,5708.6,0.1564,30791.4,0.8436,24,Concessionária,2020,5,64,Aposentado,3238.87,110.0,Financiada,423.0,1,1,Não,0
P000664,2025-09-01,44600.0,8117.2,0.182,36482.8,0.818,60,Digital,2019,6,35,CLT,5619.3,13.0,Própria,534.0,1,1,Não,0
P000665,2025-11-01,29700.0,7745.76,0.2608,21954.24,0.7392,60,Digital,2022,3,58,Aposentado,4816.08,,Própria,489.0,0,1,Não,0
P000666,2025-12-01,37200.0,4371.0,0.1175,32829.0,0.8825,36,Correspondente bancário,2019,6,42,Autônomo,1942.68,17.0,Alugada,512.0,2,0,Não,0
P000667,2025-09-01,49100.0,3947.64,0.0804,45152.36,0.9196,48,Concessionária,2020,5,40,CLT,2867.05,,Própria,832.0,0,0,Não,0
P000668,2025-10-01,32500.0,6753.5,0.2078,25746.5,0.7922,60,Digital,2021,4,33,Empresário,9708.14,3.0,Alugada,271.0,4,1,Não,0
P000669,2025-07-01,41300.0,826.0,0.02,40474.0,0.98,36,Revenda multimarca,2023,2,39,CLT,6468.11,42.0,Alugada,431.0,2,1,Não,0
P000670,2025-10-01,50400.0,7791.84,0.1546,42608.16,0.8454,48,Concessionária,2022,3,36,Servidor público,13701.29,216.0,Alugada,587.0,1,1,Não,0
P000671,2025-09-01,52400.0,6691.48,0.1277,45708.52,0.8723,36,Concessionária,2024,1,23,CLT,2983.09,22.0,Alugada,393.0,2,0,Sim,0
P000672,2025-11-01,22000.0,1953.6,0.0888,20046.4,0.9112,60,Digital,2019,6,58,Autônomo,2896.61,40.0,Própria,565.0,0,3,Não,0
P000673,2025-10-01,51200.0,21934.08,0.4284,29265.92,0.5716,36,Revenda multimarca,2021,4,41,CLT,4953.05,14.0,Própria,664.0,1,5,Não,0
P000674,2025-09-01,90200.0,1804.0,0.02,88396.0,0.98,60,Concessionária,2024,1,42,Empresário,20140.65,31.0,Própria,757.0,0,3,Sim,0
P000675,2025-08-01,45000.0,2880.0,0.064,42120.0,0.936,36,Digital,2021,4,55,Aposentado,4147.62,34.0,Alugada,604.0,2,1,Não,0
P000676,2025-08-01,22000.0,2996.4,0.1362,19003.6,0.8638,48,Digital,2018,7,44,Autônomo,1600.0,18.0,Própria,434.0,2,3,Não,0
P000677,2025-12-01,63000.0,19643.4,0.3118,43356.6,0.6882,48,Concessionária,2023,2,58,CLT,7263.36,23.0,Financiada,654.0,1,1,Sim,0
P000678,2025-12-01,22000.0,5060.0,0.23,16940.0,0.77,48,Concessionária,2021,4,52,CLT,4202.23,38.0,Familiar,376.0,5,1,Não,0
P000679,2025-07-01,54000.0,8002.8,0.1482,45997.2,0.8518,60,Concessionária,2021,4,58,Empresário,17308.68,34.0,Familiar,748.0,1,2,Não,0
P000680,2025-07-01,38600.0,28587.16,0.7406,10012.84,0.2594,48,Correspondente bancário,2022,3,39,Servidor público,7216.34,83.0,Financiada,733.0,0,1,Não,0
P000681,2025-11-01,24700.0,6767.8,0.274,17932.2,0.726,48,Concessionária,2017,8,50,CLT,6847.21,19.0,Própria,757.0,0,1,Não,0
P000682,2025-07-01,22000.0,5847.6,0.2658,16152.4,0.7342,24,Correspondente bancário,2024,1,39,CLT,4289.11,106.0,Alugada,453.0,4,2,Sim,0
P000683,2025-10-01,44600.0,24641.5,0.5525,19958.5,0.4475,36,Correspondente bancário,2016,9,40,CLT,,8.0,Própria,687.0,1,1,Não,0
P000684,2025-12-01,28900.0,7857.91,0.2719,21042.09,0.7281,48,Concessionária,2017,8,25,Servidor público,3507.8,11.0,Familiar,,3,3,Não,0
P000685,2025-07-01,76800.0,5690.88,0.0741,71109.12,0.9259,48,Correspondente bancário,2022,3,30,Empresário,14581.38,26.0,Financiada,516.0,1,2,Sim,0
P000686,2025-12-01,44100.0,16956.45,0.3845,27143.55,0.6155,60,Concessionária,2018,7,34,Autônomo,3666.85,59.0,Familiar,684.0,1,0,Não,0
P000687,2025-09-01,46500.0,15916.95,0.3423,30583.05,0.6577,24,Revenda multimarca,2023,2,47,Autônomo,9357.97,51.0,Financiada,570.0,0,0,Sim,0
P000688,2025-09-01,26100.0,10750.59,0.4119,15349.41,0.5881,36,Concessionária,2022,3,37,CLT,4339.95,,Própria,716.0,1,1,Não,0
P000689,2025-09-01,45800.0,5509.74,0.1203,40290.26,0.8797,60,Revenda multimarca,2020,5,48,CLT,3840.05,48.0,Própria,655.0,0,3,Não,0
P000690,2025-11-01,31800.0,4331.16,0.1362,27468.84,0.8638,48,Correspondente bancário,2018,7,75,CLT,4816.47,34.0,Financiada,502.0,1,3,Não,0
P000691,2025-10-01,24700.0,7911.41,0.3203,16788.59,0.6797,48,Concessionária,2024,1,48,CLT,5802.08,,Familiar,458.0,1,0,Não,0
P000692,2025-08-01,22000.0,7607.6,0.3458,14392.4,0.6542,48,Digital,2013,12,46,Autônomo,3643.12,49.0,Familiar,680.0,1,1,Não,0
P000693,2025-09-01,51200.0,22062.08,0.4309,29137.92,0.5691,36,Concessionária,2022,3,75,CLT,18231.89,27.0,Própria,854.0,0,0,Não,0
P000694,2025-08-01,30800.0,1284.36,0.0417,29515.64,0.9583,48,Concessionária,2024,1,22,CLT,2609.57,16.0,Alugada,672.0,1,0,Não,0
P000695,2025-12-01,86100.0,47940.48,0.5568,38159.52,0.4432,48,Revenda multimarca,2023,2,53,CLT,5410.1,27.0,Alugada,617.0,1,3,Não,0
P000696,2025-08-01,22000.0,10808.6,0.4913,11191.4,0.5087,48,Concessionária,2016,9,40,CLT,1600.0,75.0,Alugada,346.0,1,5,Sim,0
P000697,2025-11-01,57900.0,34288.38,0.5922,23611.62,0.4078,48,Concessionária,2020,5,50,CLT,2866.11,36.0,Própria,765.0,0,0,Não,0
P000698,2025-07-01,43400.0,4157.72,0.0958,39242.28,0.9042,36,Correspondente bancário,2022,3,28,Servidor público,2868.62,60.0,Própria,412.0,3,5,Não,0
P000699,2025-09-01,36300.0,12686.85,0.3495,23613.15,0.6505,48,Revenda multimarca,2023,2,70,Autônomo,4841.71,44.0,Alugada,,3,1,Não,0
P000700,2025-12-01,22000.0,2695.0,0.1225,19305.0,0.8775,60,Correspondente bancário,2024,1,32,CLT,1600.0,125.0,Financiada,350.0,3,3,Sim,0
P000701,2025-10-01,37800.0,7231.14,0.1913,30568.86,0.8087,48,Revenda multimarca,2020,5,51,CLT,6309.28,,Alugada,632.0,0,3,Não,0
P000702,2025-11-01,56700.0,7473.06,0.1318,49226.94,0.8682,36,Digital,2023,2,36,Servidor público,6774.38,29.0,Alugada,602.0,0,2,Não,0
P000703,2025-08-01,35800.0,3365.2,0.094,32434.8,0.906,60,Digital,2021,4,44,CLT,4856.61,73.0,Familiar,409.0,3,4,Sim,0
P000704,2025-08-01,24300.0,9032.31,0.3717,15267.69,0.6283,48,Concessionária,2018,7,36,CLT,2414.82,,Financiada,376.0,4,2,Não,0
P000705,2025-07-01,49600.0,25821.76,0.5206,23778.24,0.4794,48,Concessionária,2022,3,42,CLT,,24.0,Própria,827.0,1,0,Não,0
P000706,2025-11-01,66000.0,19239.0,0.2915,46761.0,0.7085,24,Revenda multimarca,2020,5,52,Empresário,10840.02,67.0,Própria,491.0,0,1,Não,0
P000707,2025-08-01,32800.0,1325.12,0.0404,31474.88,0.9596,36,Digital,2022,3,41,CLT,1600.0,10.0,Própria,384.0,5,0,Não,0
P000708,2025-07-01,22000.0,4620.0,0.21,17380.0,0.79,60,Revenda multimarca,2019,6,22,Autônomo,1600.0,14.0,Familiar,295.0,3,2,Não,0
P000709,2025-09-01,22000.0,1962.4,0.0892,20037.6,0.9108,60,Revenda multimarca,2024,1,67,Aposentado,7030.51,356.0,Alugada,386.0,5,1,Não,0
P000710,2025-08-01,43600.0,6640.28,0.1523,36959.72,0.8477,48,Digital,2024,1,25,CLT,2788.79,59.0,Financiada,483.0,0,4,Não,0
P000711,2025-10-01,22000.0,1892.0,0.086,20108.0,0.914,60,Concessionária,2013,12,40,Autônomo,1600.0,29.0,Alugada,257.0,5,3,Sim,0
P000712,2025-08-01,22000.0,7675.8,0.3489,14324.2,0.6511,24,Concessionária,2018,7,26,CLT,2496.43,45.0,Própria,498.0,2,3,Sim,0
P000713,2025-11-01,48000.0,9830.4,0.2048,38169.6,0.7952,60,Concessionária,2024,1,40,CLT,6464.0,40.0,Própria,433.0,3,2,Sim,0
P000714,2025-09-01,24700.0,4737.46,0.1918,19962.54,0.8082,48,Revenda multimarca,2024,1,48,CLT,3404.53,86.0,Alugada,454.0,5,2,Sim,0
P000715,2025-10-01,65500.0,22879.15,0.3493,42620.85,0.6507,48,Concessionária,2024,1,39,CLT,12132.27,24.0,Própria,696.0,1,0,Não,0
P000716,2025-12-01,83800.0,3871.56,0.0462,79928.44,0.9538,36,Revenda multimarca,2023,2,75,Autônomo,7280.45,36.0,Financiada,657.0,0,5,Não,0
P000717,2025-09-01,22000.0,3832.4,0.1742,18167.6,0.8258,60,Revenda multimarca,2020,5,40,Autônomo,3308.8,188.0,Financiada,538.0,1,0,Não,0
P000718,2025-12-01,69200.0,14961.04,0.2162,54238.96,0.7838,60,Concessionária,2024,1,28,Servidor público,,19.0,Familiar,365.0,1,2,Não,0
P000719,2025-07-01,60900.0,17149.44,0.2816,43750.56,0.7184,48,Revenda multimarca,2020,5,34,CLT,4396.97,105.0,Financiada,651.0,0,0,Não,0
P000720,2025-10-01,26500.0,6503.1,0.2454,19996.9,0.7546,24,Concessionária,2020,5,31,CLT,2047.76,26.0,Financiada,500.0,2,3,Não,0
P000721,2025-12-01,27200.0,3136.16,0.1153,24063.84,0.8847,48,Concessionária,2023,2,36,CLT,4009.92,,Alugada,603.0,0,0,Não,0
P000722,2025-10-01,28100.0,3633.33,0.1293,24466.67,0.8707,60,Revenda multimarca,2020,5,34,CLT,3419.37,,Alugada,692.0,1,1,Não,0
P000723,2025-10-01,37300.0,4125.38,0.1106,33174.62,0.8894,24,Digital,2017,8,53,Servidor público,7813.2,40.0,Própria,466.0,2,2,Sim,0
P000724,2025-12-01,86800.0,8940.4,0.103,77859.6,0.897,48,Digital,2021,4,36,CLT,5585.97,36.0,Financiada,509.0,2,3,Não,0
P000725,2025-11-01,42200.0,14318.46,0.3393,27881.54,0.6607,36,Revenda multimarca,2019,6,42,CLT,11505.15,40.0,Própria,742.0,2,1,Não,0
P000726,2025-10-01,61300.0,15312.74,0.2498,45987.26,0.7502,48,Revenda multimarca,2023,2,61,CLT,6496.56,42.0,Alugada,623.0,0,0,Sim,0
P000727,2025-08-01,47900.0,22326.19,0.4661,25573.81,0.5339,48,Revenda multimarca,2023,2,24,CLT,5884.41,55.0,Familiar,681.0,1,1,Não,0
P000728,2025-12-01,22000.0,1430.0,0.065,20570.0,0.935,48,Correspondente bancário,2013,12,33,Empresário,1763.73,14.0,Familiar,176.0,5,7,Não,0
P000729,2025-10-01,90500.0,27059.5,0.299,63440.5,0.701,48,Concessionária,2020,5,44,Servidor público,13590.02,24.0,Alugada,816.0,0,2,Sim,0
P000730,2025-08-01,27700.0,2661.97,0.0961,25038.03,0.9039,36,Concessionária,2024,1,31,Autônomo,1902.7,50.0,Familiar,574.0,0,1,Não,0
P000731,2025-12-01,57600.0,25136.64,0.4364,32463.36,0.5636,24,Digital,2021,4,44,CLT,6772.74,35.0,Financiada,880.0,0,2,Não,0
P000732,2025-07-01,65100.0,20037.78,0.3078,45062.22,0.6922,48,Concessionária,2018,7,44,CLT,6867.03,8.0,Própria,482.0,2,4,Não,0
P000733,2025-10-01,28600.0,6512.22,0.2277,22087.78,0.7723,48,Correspondente bancário,2022,3,39,CLT,3031.09,,Alugada,404.0,3,4,Não,0
P000734,2025-11-01,22800.0,3850.92,0.1689,18949.08,0.8311,24,Concessionária,2024,1,37,Autônomo,3703.26,10.0,Própria,710.0,0,4,Não,0
P000735,2025-10-01,38900.0,3890.0,0.1,35010.0,0.9,60,Correspondente bancário,2018,7,27,Autônomo,4794.84,,Própria,639.0,1,3,Não,0
P000736,2025-12-01,33600.0,5416.32,0.1612,28183.68,0.8388,60,Revenda multimarca,2022,3,26,Autônomo,1871.27,,Própria,370.0,5,2,Sim,0
P000737,2025-08-01,27300.0,4911.27,0.1799,22388.73,0.8201,36,Revenda multimarca,2024,1,35,Empresário,3418.49,10.0,Familiar,411.0,3,2,Sim,0
P000738,2025-08-01,74900.0,21983.15,0.2935,52916.85,0.7065,36,Concessionária,2024,1,48,Empresário,11537.11,8.0,Própria,821.0,1,2,Não,0
P000739,2025-08-01,45400.0,5280.02,0.1163,40119.98,0.8837,24,Correspondente bancário,2022,3,61,CLT,5542.17,38.0,Alugada,732.0,1,0,Não,0
P000740,2025-08-01,31900.0,4169.33,0.1307,27730.67,0.8693,60,Correspondente bancário,2020,5,24,Autônomo,2769.79,27.0,Alugada,562.0,3,5,Não,0
P000741,2025-07-01,26000.0,9786.4,0.3764,16213.6,0.6236,48,Revenda multimarca,2019,6,59,CLT,3672.56,44.0,Própria,514.0,0,2,Não,0
P000742,2025-12-01,40200.0,2946.66,0.0733,37253.34,0.9267,48,Revenda multimarca,2021,4,34,Empresário,4961.41,30.0,Alugada,568.0,4,1,Sim,0
P000743,2025-12-01,58700.0,8347.14,0.1422,50352.86,0.8578,24,Revenda multimarca,2020,5,33,Autônomo,3487.73,12.0,Familiar,671.0,0,2,Não,0
P000744,2025-09-01,40000.0,17032.0,0.4258,22968.0,0.5742,48,Concessionária,2020,5,32,Autônomo,6451.92,6.0,Alugada,621.0,0,1,Não,0
P000745,2025-12-01,65800.0,13390.3,0.2035,52409.7,0.7965,48,Digital,2024,1,31,Empresário,10228.7,20.0,Financiada,762.0,0,1,Não,0
P000746,2025-12-01,25800.0,5072.28,0.1966,20727.72,0.8034,36,Correspondente bancário,2024,1,26,Autônomo,3904.05,96.0,Própria,539.0,1,3,Não,0
P000747,2025-07-01,33100.0,6080.47,0.1837,27019.53,0.8163,24,Revenda multimarca,2023,2,32,CLT,4900.99,14.0,Financiada,495.0,1,1,Não,0
P000748,2025-11-01,26500.0,11819.0,0.446,14681.0,0.554,60,Concessionária,2023,2,65,CLT,4062.24,30.0,Financiada,433.0,2,1,Não,0
P000749,2025-11-01,22000.0,440.0,0.02,21560.0,0.98,60,Correspondente bancário,2019,6,75,Autônomo,1600.0,7.0,Própria,233.0,1,8,Sim,0
P000750,2025-08-01,26700.0,3388.23,0.1269,23311.77,0.8731,48,Concessionária,2017,8,64,Aposentado,2130.86,62.0,Financiada,444.0,1,3,Sim,0
P000751,2025-07-01,22000.0,8483.2,0.3856,13516.8,0.6144,48,Revenda multimarca,2020,5,41,CLT,2810.43,114.0,Financiada,535.0,1,3,Não,0
P000752,2025-09-01,77600.0,34679.44,0.4469,42920.56,0.5531,48,Revenda multimarca,2023,2,48,CLT,,18.0,Própria,488.0,2,1,Não,0
P000753,2025-07-01,22000.0,3922.6,0.1783,18077.4,0.8217,36,Correspondente bancário,2015,10,42,Autônomo,5658.94,41.0,Própria,673.0,0,0,Não,0
P000754,2025-07-01,43600.0,10865.12,0.2492,32734.88,0.7508,48,Correspondente bancário,2021,4,32,Autônomo,2344.05,8.0,Própria,513.0,2,1,Não,0
P000755,2025-11-01,52800.0,9419.52,0.1784,43380.48,0.8216,36,Concessionária,2022,3,28,Empresário,5696.1,92.0,Própria,593.0,1,1,Não,0
P000756,2025-10-01,51300.0,13184.1,0.257,38115.9,0.743,24,Digital,2020,5,35,CLT,4577.54,5.0,Familiar,669.0,0,0,Não,0
P000757,2025-12-01,27100.0,880.75,0.0325,26219.25,0.9675,36,Concessionária,2020,5,54,CLT,2642.06,5.0,Alugada,634.0,2,1,Não,0
P000758,2025-12-01,31000.0,6919.2,0.2232,24080.8,0.7768,48,Concessionária,2019,6,51,Autônomo,2231.09,22.0,Familiar,575.0,0,0,Sim,0
P000759,2025-09-01,29700.0,4784.67,0.1611,24915.33,0.8389,36,Correspondente bancário,2015,10,39,Servidor público,2470.64,48.0,Alugada,341.0,5,6,Não,0
P000760,2025-08-01,22000.0,3119.6,0.1418,18880.4,0.8582,48,Revenda multimarca,2013,12,36,Empresário,3961.63,48.0,Financiada,205.0,5,11,Sim,0
P000761,2025-10-01,68500.0,31907.3,0.4658,36592.7,0.5342,48,Concessionária,2019,6,45,CLT,5141.61,78.0,Familiar,929.0,1,0,Não,0
P000762,2025-07-01,42500.0,18394.0,0.4328,24106.0,0.5672,36,Concessionária,2023,2,52,CLT,7464.58,,Financiada,693.0,0,0,Não,0
P000763,2025-12-01,29500.0,1000.05,0.0339,28499.95,0.9661,36,Correspondente bancário,2023,2,42,Autônomo,6298.48,62.0,Própria,638.0,0,1,Sim,0
P000764,2025-09-01,52200.0,15545.16,0.2978,36654.84,0.7022,24,Revenda multimarca,2023,2,48,Autônomo,3091.51,18.0,Familiar,683.0,1,1,Não,0
P000765,2025-10-01,22400.0,2488.64,0.1111,19911.36,0.8889,24,Revenda multimarca,2020,5,29,CLT,5553.9,94.0,Própria,614.0,2,2,Não,0
P000766,2025-07-01,94500.0,19797.75,0.2095,74702.25,0.7905,60,Concessionária,2023,2,36,Empresário,11980.43,68.0,Própria,832.0,0,1,Não,0
P000767,2025-12-01,52400.0,5412.92,0.1033,46987.08,0.8967,48,Revenda multimarca,2023,2,24,CLT,2731.53,20.0,Familiar,880.0,0,1,Sim,0
P000768,2025-08-01,28600.0,8193.9,0.2865,20406.1,0.7135,48,Concessionária,2020,5,23,CLT,3706.82,15.0,Alugada,728.0,0,2,Não,0
P000769,2025-12-01,22000.0,12623.6,0.5738,9376.4,0.4262,60,Concessionária,2020,5,48,Autônomo,3386.37,34.0,Familiar,744.0,0,0,Não,0
P000770,2025-11-01,68800.0,8723.84,0.1268,60076.16,0.8732,48,Correspondente bancário,2022,3,64,Autônomo,3637.73,19.0,Própria,481.0,1,1,Não,0
P000771,2025-11-01,62500.0,19050.0,0.3048,43450.0,0.6952,48,Revenda multimarca,2023,2,51,Servidor público,7644.76,94.0,Alugada,589.0,1,2,Não,0
P000772,2025-09-01,65400.0,10791.0,0.165,54609.0,0.835,48,Revenda multimarca,2023,2,37,Autônomo,6765.81,,Familiar,764.0,4,3,Não,0
P000773,2025-08-01,22700.0,9947.14,0.4382,12752.86,0.5618,48,Concessionária,2021,4,54,CLT,2809.97,19.0,Alugada,233.0,5,12,Não,0
P000774,2025-07-01,43000.0,17879.4,0.4158,25120.6,0.5842,36,Revenda multimarca,2024,1,29,CLT,3961.76,,Familiar,601.0,0,3,Não,0
P000775,2025-07-01,28000.0,8204.0,0.293,19796.0,0.707,60,Revenda multimarca,2024,1,31,CLT,3411.2,62.0,Alugada,435.0,2,1,Sim,0
P000776,2025-12-01,29200.0,9948.44,0.3407,19251.56,0.6593,48,Concessionária,2019,6,45,CLT,5192.91,20.0,Familiar,630.0,0,2,Não,0
P000777,2025-12-01,50300.0,8852.8,0.176,41447.2,0.824,36,Revenda multimarca,2018,7,54,Aposentado,11645.38,259.0,Própria,708.0,1,0,Não,0
P000778,2025-09-01,30100.0,5640.74,0.1874,24459.26,0.8126,60,Revenda multimarca,2020,5,75,CLT,3126.7,23.0,Alugada,605.0,4,1,Não,0
P000779,2025-07-01,96900.0,22287.0,0.23,74613.0,0.77,36,Revenda multimarca,2021,4,67,Aposentado,8816.59,40.0,Alugada,614.0,1,1,Não,0
P000780,2025-07-01,45900.0,14302.44,0.3116,31597.56,0.6884,60,Correspondente bancário,2021,4,35,Autônomo,3934.67,40.0,Financiada,551.0,0,1,Não,0
P000781,2025-11-01,28800.0,7202.88,0.2501,21597.12,0.7499,60,Concessionária,2015,10,40,CLT,2527.45,54.0,Própria,375.0,1,5,Não,0
P000782,2025-08-01,22100.0,6910.67,0.3127,15189.33,0.6873,48,Digital,2013,12,28,Autônomo,,68.0,Alugada,355.0,3,4,Não,0
P000783,2025-12-01,83800.0,4592.24,0.0548,79207.76,0.9452,60,Concessionária,2023,2,26,CLT,6603.66,21.0,Familiar,866.0,0,0,Não,0
P000784,2025-10-01,63600.0,32874.84,0.5169,30725.16,0.4831,60,Digital,2021,4,32,CLT,5081.88,39.0,Própria,448.0,2,4,Não,0
P000785,2025-11-01,61500.0,27306.0,0.444,34194.0,0.556,36,Revenda multimarca,2021,4,44,Autônomo,3675.74,24.0,Alugada,518.0,0,1,Não,0
P000786,2025-08-01,23500.0,4128.95,0.1757,19371.05,0.8243,24,Revenda multimarca,2022,3,28,CLT,8805.59,,Familiar,552.0,2,2,Não,0
P000787,2025-08-01,27300.0,2164.89,0.0793,25135.11,0.9207,36,Revenda multimarca,2023,2,30,CLT,1624.7,17.0,Familiar,758.0,1,1,Não,0
P000788,2025-11-01,26500.0,5013.8,0.1892,21486.2,0.8108,60,Correspondente bancário,2018,7,36,CLT,4062.92,32.0,Alugada,473.0,2,0,Não,0
P000789,2025-12-01,35700.0,12734.19,0.3567,22965.81,0.6433,60,Concessionária,2024,1,42,Autônomo,3974.33,21.0,Alugada,661.0,0,3,Não,0
P000790,2025-10-01,32400.0,6023.16,0.1859,26376.84,0.8141,36,Revenda multimarca,2022,3,75,Aposentado,5351.53,235.0,Própria,481.0,1,0,Sim,0
P000791,2025-12-01,25300.0,506.0,0.02,24794.0,0.98,36,Digital,2018,7,30,Autônomo,1600.0,5.0,Familiar,356.0,4,0,Sim,0
P000792,2025-08-01,28500.0,4400.4,0.1544,24099.6,0.8456,48,Digital,2013,12,41,Autônomo,3191.04,28.0,Familiar,504.0,0,1,Não,0
P000793,2025-11-01,52400.0,5528.2,0.1055,46871.8,0.8945,36,Digital,2024,1,40,CLT,4431.93,47.0,Familiar,596.0,1,0,Não,0
P000794,2025-10-01,35500.0,12272.35,0.3457,23227.65,0.6543,60,Revenda multimarca,2016,9,43,CLT,3018.79,41.0,Familiar,409.0,4,3,Não,0
P000795,2025-11-01,22000.0,2090.0,0.095,19910.0,0.905,48,Digital,2020,5,26,CLT,2864.94,48.0,Familiar,381.0,2,2,Sim,0
P000796,2025-10-01,43700.0,3447.93,0.0789,40252.07,0.9211,36,Revenda multimarca,2020,5,26,Autônomo,1814.74,20.0,Própria,427.0,5,3,Sim,0
P000797,2025-09-01,52300.0,18665.87,0.3569,33634.13,0.6431,60,Correspondente bancário,2023,2,43,CLT,5113.71,55.0,Financiada,,0,2,Não,0
P000798,2025-12-01,23700.0,5443.89,0.2297,18256.11,0.7703,48,Digital,2022,3,39,Empresário,4371.68,14.0,Financiada,455.0,1,4,Não,0
P000799,2025-11-01,57500.0,25622.0,0.4456,31878.0,0.5544,36,Revenda multimarca,2021,4,44,CLT,4877.44,11.0,Financiada,564.0,1,1,Sim,0
P000800,2025-08-01,45800.0,19167.3,0.4185,26632.7,0.5815,24,Correspondente bancário,2019,6,48,Servidor público,,267.0,Familiar,592.0,1,1,Não,0
P000801,2025-08-01,58100.0,23635.08,0.4068,34464.92,0.5932,36,Concessionária,2024,1,75,Aposentado,,,Financiada,732.0,0,0,Não,0
P000802,2025-07-01,44300.0,9170.1,0.207,35129.9,0.793,24,Concessionária,2023,2,32,Empresário,6556.67,66.0,Alugada,464.0,2,4,Não,0
P000803,2025-09-01,55200.0,4189.68,0.0759,51010.32,0.9241,24,Concessionária,2025,0,22,CLT,4149.1,48.0,Alugada,,0,2,Não,0
P000804,2025-12-01,43900.0,9811.65,0.2235,34088.35,0.7765,60,Concessionária,2017,8,34,CLT,3318.99,,Alugada,763.0,0,0,Não,0
P000805,2025-09-01,62900.0,19215.95,0.3055,43684.05,0.6945,60,Correspondente bancário,2020,5,38,Autônomo,9036.47,41.0,Alugada,669.0,0,1,Não,0
P000806,2025-10-01,27500.0,5830.0,0.212,21670.0,0.788,60,Correspondente bancário,2015,10,26,CLT,1600.0,96.0,Alugada,568.0,1,1,Não,0
P000807,2025-12-01,40700.0,8298.73,0.2039,32401.27,0.7961,60,Revenda multimarca,2024,1,52,CLT,5056.24,8.0,Alugada,712.0,0,5,Não,0
P000808,2025-08-01,26800.0,8200.8,0.306,18599.2,0.694,36,Revenda multimarca,2013,12,40,Autônomo,1600.0,48.0,Financiada,313.0,5,2,Não,0
P000809,2025-12-01,25300.0,5234.57,0.2069,20065.43,0.7931,60,Concessionária,2023,2,42,CLT,3164.07,78.0,Alugada,635.0,1,3,Não,0
P000810,2025-10-01,22500.0,7339.5,0.3262,15160.5,0.6738,36,Concessionária,2020,5,64,Aposentado,1600.0,83.0,Financiada,751.0,1,2,Não,0
P000811,2025-07-01,25800.0,3225.0,0.125,22575.0,0.875,48,Correspondente bancário,2019,6,75,Aposentado,3135.32,49.0,Alugada,442.0,2,0,Sim,0
P000812,2025-07-01,45100.0,4234.89,0.0939,40865.11,0.9061,36,Concessionária,2023,2,35,CLT,4520.21,101.0,Própria,621.0,0,3,Não,0
P000813,2025-10-01,26300.0,612.79,0.0233,25687.21,0.9767,48,Concessionária,2020,5,27,CLT,1600.0,70.0,Alugada,644.0,2,1,Sim,0
P000814,2025-11-01,23500.0,5929.05,0.2523,17570.95,0.7477,36,Revenda multimarca,2021,4,42,Servidor público,2125.39,225.0,Alugada,308.0,5,3,Sim,0
P000815,2025-11-01,60500.0,25077.25,0.4145,35422.75,0.5855,36,Concessionária,2022,3,44,CLT,7092.64,28.0,Familiar,654.0,0,1,Sim,0
P000816,2025-08-01,25900.0,1232.84,0.0476,24667.16,0.9524,36,Revenda multimarca,2017,8,36,Servidor público,2804.03,,Familiar,286.0,5,3,Não,0
P000817,2025-09-01,49100.0,21363.41,0.4351,27736.59,0.5649,48,Digital,2020,5,22,CLT,3062.57,48.0,Financiada,422.0,1,4,Não,0
P000818,2025-12-01,46500.0,13378.05,0.2877,33121.95,0.7123,48,Digital,2015,10,24,Autônomo,2306.51,5.0,Familiar,688.0,1,2,Não,0
P000819,2025-07-01,23700.0,4896.42,0.2066,18803.58,0.7934,24,Digital,2021,4,32,Servidor público,3208.31,48.0,Própria,491.0,1,1,Não,0
P000820,2025-10-01,84300.0,16059.15,0.1905,68240.85,0.8095,48,Correspondente bancário,2017,8,33,Servidor público,7897.1,82.0,Familiar,728.0,0,1,Não,0
P000821,2025-11-01,43300.0,10599.84,0.2448,32700.16,0.7552,24,Revenda multimarca,2023,2,43,CLT,16355.85,8.0,Alugada,821.0,0,2,Não,0
P000822,2025-11-01,33900.0,5698.59,0.1681,28201.41,0.8319,36,Concessionária,2022,3,44,Autônomo,7329.45,54.0,Própria,736.0,0,2,Não,0
P000823,2025-08-01,45500.0,11807.25,0.2595,33692.75,0.7405,36,Correspondente bancário,2020,5,30,Servidor público,3889.15,14.0,Financiada,543.0,2,2,Não,0
P000824,2025-12-01,88600.0,23904.28,0.2698,64695.72,0.7302,36,Correspondente bancário,2022,3,50,Empresário,,47.0,Alugada,444.0,2,4,Não,0
P000825,2025-07-01,62000.0,14557.6,0.2348,47442.4,0.7652,36,Concessionária,2024,1,37,CLT,5768.31,10.0,Própria,650.0,1,4,Sim,0
P000826,2025-10-01,28900.0,3468.0,0.12,25432.0,0.88,60,Concessionária,2013,12,38,Autônomo,1949.0,18.0,Própria,418.0,2,7,Não,0
P000827,2025-07-01,60700.0,7077.62,0.1166,53622.38,0.8834,36,Revenda multimarca,2021,4,39,Servidor público,,51.0,Familiar,604.0,0,0,Não,0
P000828,2025-07-01,50900.0,10719.54,0.2106,40180.46,0.7894,36,Revenda multimarca,2021,4,59,CLT,6579.2,84.0,Financiada,422.0,3,4,Sim,0
P000829,2025-11-01,41700.0,3907.29,0.0937,37792.71,0.9063,48,Digital,2021,4,31,CLT,6111.5,50.0,Alugada,304.0,5,1,Sim,0
P000830,2025-10-01,53100.0,12892.68,0.2428,40207.32,0.7572,60,Digital,2023,2,37,Autônomo,4354.26,10.0,Própria,428.0,3,7,Não,0
P000831,2025-07-01,85400.0,7959.28,0.0932,77440.72,0.9068,36,Revenda multimarca,2023,2,35,CLT,4380.33,157.0,Própria,807.0,0,0,Não,0
P000832,2025-07-01,22000.0,4831.2,0.2196,17168.8,0.7804,36,Revenda multimarca,2013,12,25,CLT,1675.33,84.0,Própria,522.0,3,0,Não,0
P000833,2025-10-01,37100.0,2734.27,0.0737,34365.73,0.9263,24,Correspondente bancário,2025,0,39,Autônomo,7896.29,1.0,Própria,800.0,1,0,Não,0
P000834,2025-12-01,51100.0,6198.43,0.1213,44901.57,0.8787,60,Digital,2022,3,33,Empresário,4647.72,18.0,Própria,361.0,1,7,Não,0
P000835,2025-08-01,99300.0,29134.62,0.2934,70165.38,0.7066,24,Concessionária,2021,4,43,Autônomo,11385.03,,Alugada,707.0,1,1,Sim,0
P000836,2025-11-01,23700.0,2564.34,0.1082,21135.66,0.8918,24,Digital,2023,2,50,CLT,3026.58,24.0,Familiar,716.0,0,1,Sim,0
P000837,2025-07-01,55800.0,6087.78,0.1091,49712.22,0.8909,24,Concessionária,2025,0,52,Autônomo,4123.47,,Própria,524.0,1,2,Não,0
P000838,2025-09-01,25900.0,4081.84,0.1576,21818.16,0.8424,36,Concessionária,2021,4,58,CLT,8549.98,37.0,Financiada,543.0,3,1,Não,0
P000839,2025-11-01,22000.0,4488.0,0.204,17512.0,0.796,60,Concessionária,2021,4,42,CLT,3459.58,2.0,Familiar,458.0,5,0,Não,0
P000840,2025-09-01,32600.0,12723.78,0.3903,19876.22,0.6097,48,Revenda multimarca,2017,8,48,Servidor público,1958.11,23.0,Própria,522.0,0,1,Não,0
P000841,2025-09-01,29600.0,6165.68,0.2083,23434.32,0.7917,48,Digital,2022,3,44,CLT,7165.45,90.0,Própria,562.0,0,4,Não,0
P000842,2025-09-01,58200.0,19898.58,0.3419,38301.42,0.6581,36,Concessionária,2022,3,73,Aposentado,,32.0,Própria,715.0,1,1,Não,0
P000843,2025-07-01,24700.0,1141.14,0.0462,23558.86,0.9538,24,Revenda multimarca,2015,10,30,CLT,2186.77,61.0,Própria,547.0,1,5,Sim,0
P000844,2025-09-01,22000.0,5214.0,0.237,16786.0,0.763,48,Concessionária,2022,3,32,CLT,6929.73,19.0,Própria,,0,0,Sim,0
P000845,2025-12-01,25000.0,3905.0,0.1562,21095.0,0.8438,48,Revenda multimarca,2023,2,43,Autônomo,2809.52,20.0,Financiada,577.0,1,2,Não,0
P000846,2025-07-01,22000.0,1942.6,0.0883,20057.4,0.9117,24,Concessionária,2018,7,75,CLT,1912.6,2.0,Própria,118.0,5,0,Sim,0
P000847,2025-08-01,28000.0,4057.2,0.1449,23942.8,0.8551,36,Revenda multimarca,2024,1,34,Servidor público,6440.83,8.0,Própria,596.0,0,1,Não,0
P000848,2025-11-01,56900.0,9638.86,0.1694,47261.14,0.8306,36,Digital,2016,9,51,CLT,4547.85,12.0,Própria,654.0,0,1,Não,0
P000849,2025-12-01,51200.0,7930.88,0.1549,43269.12,0.8451,48,Revenda multimarca,2024,1,26,CLT,,36.0,Própria,495.0,1,2,Não,0
P000850,2025-08-01,79500.0,25805.7,0.3246,53694.3,0.6754,36,Concessionária,2021,4,29,CLT,5655.53,42.0,Financiada,678.0,0,1,Não,0
P000851,2025-10-01,22000.0,7812.2,0.3551,14187.8,0.6449,36,Concessionária,2018,7,38,CLT,3019.88,37.0,Alugada,302.0,5,3,Não,0
P000852,2025-12-01,51400.0,9992.16,0.1944,41407.84,0.8056,24,Revenda multimarca,2021,4,39,CLT,2065.84,5.0,Financiada,689.0,0,1,Não,0
P000853,2025-11-01,128200.0,39767.64,0.3102,88432.36,0.6898,48,Revenda multimarca,2025,0,35,CLT,20980.54,9.0,Alugada,556.0,2,0,Não,0
P000854,2025-10-01,37300.0,6001.57,0.1609,31298.43,0.8391,36,Revenda multimarca,2021,4,47,Servidor público,7786.72,115.0,Familiar,512.0,4,1,Não,0
P000855,2025-08-01,76900.0,7251.67,0.0943,69648.33,0.9057,24,Concessionária,2021,4,27,CLT,5584.73,19.0,Alugada,,0,1,Não,0
P000856,2025-11-01,65300.0,16083.39,0.2463,49216.61,0.7537,24,Concessionária,2018,7,55,CLT,8706.13,118.0,Própria,641.0,0,0,Não,0
P000857,2025-07-01,37900.0,1906.37,0.0503,35993.63,0.9497,24,Concessionária,2022,3,29,CLT,5352.66,,Financiada,765.0,1,0,Sim,0
P000858,2025-10-01,49600.0,9081.76,0.1831,40518.24,0.8169,60,Concessionária,2024,1,32,CLT,5846.87,36.0,Alugada,534.0,0,2,Não,0
P000859,2025-07-01,32300.0,1246.78,0.0386,31053.22,0.9614,48,Concessionária,2023,2,52,CLT,3682.56,76.0,Familiar,603.0,2,4,Não,0
P000860,2025-07-01,97500.0,29035.5,0.2978,68464.5,0.7022,48,Revenda multimarca,2019,6,68,Aposentado,6708.86,,Alugada,873.0,0,0,Não,0
P000861,2025-10-01,35600.0,15229.68,0.4278,20370.32,0.5722,36,Digital,2023,2,37,CLT,,82.0,Alugada,621.0,0,4,Não,0
P000862,2025-10-01,50900.0,9228.17,0.1813,41671.83,0.8187,60,Revenda multimarca,2016,9,48,Servidor público,17175.39,130.0,Alugada,456.0,1,1,Não,0
P000863,2025-09-01,22000.0,5953.2,0.2706,16046.8,0.7294,36,Correspondente bancário,2018,7,29,Autônomo,3000.2,54.0,Própria,548.0,4,2,Não,0
P000864,2025-11-01,31600.0,10074.08,0.3188,21525.92,0.6812,48,Digital,2013,12,24,CLT,2242.92,35.0,Própria,699.0,0,1,Não,0
P000865,2025-07-01,83500.0,28815.85,0.3451,54684.15,0.6549,36,Concessionária,2023,2,75,CLT,4847.79,,Financiada,511.0,4,5,Não,0
P000866,2025-07-01,32300.0,4954.82,0.1534,27345.18,0.8466,36,Revenda multimarca,2019,6,43,Autônomo,1600.0,,Própria,681.0,0,2,Não,0
P000867,2025-09-01,63200.0,12229.2,0.1935,50970.8,0.8065,24,Revenda multimarca,2024,1,49,Autônomo,8266.22,,Alugada,616.0,1,3,Não,0
P000868,2025-07-01,41700.0,11625.96,0.2788,30074.04,0.7212,60,Concessionária,2022,3,38,Autônomo,8366.38,46.0,Financiada,684.0,0,2,Não,0
P000869,2025-11-01,27000.0,5254.2,0.1946,21745.8,0.8054,48,Digital,2024,1,70,Servidor público,7952.42,,Própria,453.0,1,3,Sim,0
P000870,2025-12-01,22000.0,6399.8,0.2909,15600.2,0.7091,24,Concessionária,2024,1,31,CLT,1786.11,6.0,Financiada,447.0,4,0,Sim,0
P000871,2025-11-01,34100.0,855.91,0.0251,33244.09,0.9749,24,Revenda multimarca,2019,6,31,CLT,2008.62,12.0,Familiar,480.0,3,2,Sim,0
P000872,2025-08-01,40200.0,6021.96,0.1498,34178.04,0.8502,24,Concessionária,2023,2,43,CLT,,42.0,Financiada,477.0,0,1,Não,0
P000873,2025-10-01,30400.0,4246.88,0.1397,26153.12,0.8603,60,Revenda multimarca,2018,7,27,Autônomo,3769.88,,Própria,547.0,1,2,Não,0
P000874,2025-08-01,69600.0,12646.32,0.1817,56953.68,0.8183,36,Concessionária,2017,8,33,CLT,3984.17,4.0,Alugada,805.0,0,1,Não,0
P000875,2025-08-01,22000.0,803.0,0.0365,21197.0,0.9635,24,Revenda multimarca,2016,9,59,CLT,,39.0,Financiada,426.0,3,0,Não,0
P000876,2025-12-01,22000.0,1834.8,0.0834,20165.2,0.9166,48,Concessionária,2020,5,34,CLT,1600.0,47.0,Familiar,432.0,1,2,Sim,0
P000877,2025-07-01,57600.0,17066.88,0.2963,40533.12,0.7037,24,Revenda multimarca,2015,10,28,Autônomo,3472.44,14.0,Alugada,811.0,0,0,Não,0
P000878,2025-11-01,22000.0,814.0,0.037,21186.0,0.963,60,Correspondente bancário,2016,9,33,CLT,1600.0,29.0,Familiar,469.0,5,0,Sim,0
P000879,2025-08-01,22000.0,2868.8,0.1304,19131.2,0.8696,24,Concessionária,2021,4,43,CLT,1600.0,30.0,Alugada,473.0,5,3,Não,0
P000880,2025-07-01,23000.0,4878.3,0.2121,18121.7,0.7879,36,Correspondente bancário,2023,2,30,CLT,3353.37,26.0,Alugada,701.0,0,0,Não,0
P000881,2025-12-01,22000.0,2917.2,0.1326,19082.8,0.8674,48,Revenda multimarca,2024,1,33,CLT,3195.82,,Familiar,514.0,0,2,Não,0
P000882,2025-10-01,30000.0,8658.0,0.2886,21342.0,0.7114,48,Revenda multimarca,2023,2,47,Autônomo,3737.09,17.0,Financiada,525.0,2,0,Sim,0
P000883,2025-12-01,53900.0,22837.43,0.4237,31062.57,0.5763,24,Revenda multimarca,2022,3,43,CLT,2698.52,73.0,Própria,484.0,2,1,Não,0
P000884,2025-07-01,53200.0,8155.56,0.1533,45044.44,0.8467,36,Revenda multimarca,2022,3,25,CLT,15802.4,76.0,Alugada,445.0,4,1,Não,0
P000885,2025-08-01,80600.0,33142.72,0.4112,47457.28,0.5888,36,Revenda multimarca,2020,5,68,Empresário,18765.52,20.0,Própria,442.0,1,1,Não,0
P000886,2025-09-01,52600.0,7705.9,0.1465,44894.1,0.8535,36,Revenda multimarca,2022,3,24,Empresário,7253.63,13.0,Familiar,560.0,0,1,Não,0
P000887,2025-09-01,64700.0,10507.28,0.1624,54192.72,0.8376,60,Concessionária,2020,5,36,Empresário,7801.97,31.0,Alugada,559.0,1,5,Não,0
P000888,2025-11-01,47300.0,1215.61,0.0257,46084.39,0.9743,24,Revenda multimarca,2022,3,44,CLT,4974.51,56.0,Própria,591.0,1,1,Não,0
P000889,2025-11-01,22300.0,2022.61,0.0907,20277.39,0.9093,24,Correspondente bancário,2023,2,64,CLT,3037.65,86.0,Alugada,582.0,0,1,Sim,0
P000890,2025-07-01,76000.0,42932.4,0.5649,33067.6,0.4351,60,Concessionária,2018,7,26,Autônomo,4655.41,52.0,Própria,460.0,1,1,Não,0
P000891,2025-09-01,30600.0,1162.8,0.038,29437.2,0.962,36,Concessionária,2024,1,33,CLT,2811.03,55.0,Financiada,643.0,2,2,Não,0
P000892,2025-11-01,37800.0,7601.58,0.2011,30198.42,0.7989,48,Digital,2020,5,32,Autônomo,3501.17,40.0,Financiada,600.0,1,3,Não,0
P000893,2025-12-01,31500.0,3137.4,0.0996,28362.6,0.9004,48,Revenda multimarca,2020,5,46,CLT,9518.76,,Alugada,630.0,0,0,Não,0
P000894,2025-07-01,75900.0,24189.33,0.3187,51710.67,0.6813,60,Digital,2018,7,32,Empresário,8890.49,94.0,Alugada,540.0,3,2,Não,0
P000895,2025-10-01,22000.0,1302.4,0.0592,20697.6,0.9408,60,Concessionária,2013,12,30,CLT,5272.87,32.0,Familiar,615.0,0,0,Não,0
P000896,2025-11-01,64500.0,10610.25,0.1645,53889.75,0.8355,48,Revenda multimarca,2023,2,45,Autônomo,5430.04,24.0,Familiar,649.0,1,2,Não,0
P000897,2025-10-01,22000.0,3544.2,0.1611,18455.8,0.8389,60,Digital,2020,5,37,Autônomo,1665.44,16.0,Própria,328.0,5,5,Não,0
P000898,2025-11-01,47800.0,4789.56,0.1002,43010.44,0.8998,24,Concessionária,2024,1,37,CLT,,60.0,Financiada,808.0,0,3,Não,0
P000899,2025-11-01,48400.0,22346.28,0.4617,26053.72,0.5383,48,Correspondente bancário,2021,4,32,Autônomo,5346.01,3.0,Financiada,367.0,5,7,Sim,0
P000900,2025-10-01,25700.0,1652.51,0.0643,24047.49,0.9357,60,Concessionária,2021,4,34,CLT,2461.06,153.0,Familiar,291.0,5,2,Não,0
P000901,2025-08-01,32500.0,1556.75,0.0479,30943.25,0.9521,36,Concessionária,2013,12,42,CLT,2956.24,,Própria,481.0,1,3,Não,0
P000902,2025-08-01,39000.0,13104.0,0.336,25896.0,0.664,48,Concessionária,2017,8,68,Aposentado,3512.33,88.0,Financiada,725.0,1,2,Sim,0
P000903,2025-07-01,74100.0,12063.48,0.1628,62036.52,0.8372,60,Digital,2023,2,40,CLT,5974.93,,Alugada,582.0,0,1,Sim,0
P000904,2025-07-01,50000.0,5880.0,0.1176,44120.0,0.8824,48,Concessionária,2021,4,33,CLT,2192.66,2.0,Própria,686.0,0,2,Não,0
P000905,2025-11-01,22000.0,2501.4,0.1137,19498.6,0.8863,36,Digital,2024,1,41,Autônomo,4267.45,21.0,Alugada,461.0,1,3,Não,0
P000906,2025-12-01,31000.0,13085.1,0.4221,17914.9,0.5779,24,Digital,2014,11,35,Autônomo,9027.59,17.0,Própria,502.0,2,2,Sim,0
P000907,2025-12-01,22000.0,4067.8,0.1849,17932.2,0.8151,48,Digital,2019,6,21,Empresário,2738.94,36.0,Financiada,260.0,5,5,Sim,0
P000908,2025-11-01,31600.0,2509.04,0.0794,29090.96,0.9206,36,Revenda multimarca,2020,5,27,CLT,4090.85,19.0,Familiar,465.0,1,4,Não,0
P000909,2025-10-01,55000.0,1100.0,0.02,53900.0,0.98,36,Concessionária,2018,7,46,Autônomo,4938.27,48.0,Alugada,470.0,4,2,Não,0
P000910,2025-08-01,59400.0,14054.04,0.2366,45345.96,0.7634,36,Concessionária,2023,2,43,Empresário,6877.65,,Própria,473.0,1,2,Não,0
P000911,2025-07-01,22000.0,3524.4,0.1602,18475.6,0.8398,48,Revenda multimarca,2022,3,40,CLT,2068.88,14.0,Própria,370.0,5,2,Não,0
P000912,2025-12-01,22200.0,2732.82,0.1231,19467.18,0.8769,60,Digital,2020,5,28,Autônomo,2082.66,24.0,Alugada,526.0,2,2,Não,0
P000913,2025-11-01,24300.0,5557.41,0.2287,18742.59,0.7713,48,Revenda multimarca,2022,3,53,CLT,4838.21,29.0,Alugada,558.0,0,1,Não,0
P000914,2025-10-01,34100.0,11181.39,0.3279,22918.61,0.6721,48,Digital,2021,4,31,CLT,4814.04,56.0,Própria,692.0,0,3,Não,0
P000915,2025-10-01,34500.0,3336.15,0.0967,31163.85,0.9033,48,Concessionária,2014,11,46,CLT,2366.92,14.0,Alugada,594.0,1,3,Não,0
P000916,2025-09-01,36300.0,13191.42,0.3634,23108.58,0.6366,36,Concessionária,2018,7,33,CLT,2718.1,90.0,Própria,597.0,2,2,Não,0
P000917,2025-08-01,43700.0,12253.48,0.2804,31446.52,0.7196,60,Revenda multimarca,2014,11,38,Autônomo,1600.0,67.0,Própria,526.0,1,0,Não,0
P000918,2025-10-01,48100.0,4978.35,0.1035,43121.65,0.8965,24,Concessionária,2018,7,36,Servidor público,5261.03,120.0,Alugada,475.0,1,4,Não,0
P000919,2025-09-01,108500.0,16047.15,0.1479,92452.85,0.8521,48,Revenda multimarca,2023,2,48,CLT,7810.97,15.0,Familiar,620.0,2,3,Não,0
P000920,2025-12-01,30200.0,5852.76,0.1938,24347.24,0.8062,48,Concessionária,2020,5,40,Autônomo,2673.39,14.0,Alugada,448.0,0,0,Não,0
P000921,2025-10-01,27600.0,13090.68,0.4743,14509.32,0.5257,60,Digital,2024,1,43,Autônomo,2367.68,10.0,Alugada,433.0,0,2,Não,0
P000922,2025-08-01,46000.0,10317.8,0.2243,35682.2,0.7757,36,Concessionária,2022,3,27,Autônomo,4217.67,1.0,Alugada,499.0,2,0,Não,0
P000923,2025-10-01,112600.0,17092.68,0.1518,95507.32,0.8482,24,Concessionária,2021,4,59,Servidor público,7401.5,85.0,Financiada,892.0,0,1,Sim,0
P000924,2025-09-01,32100.0,3242.1,0.101,28857.9,0.899,36,Digital,2020,5,37,Autônomo,2707.31,32.0,Financiada,615.0,0,2,Não,0
P000925,2025-10-01,50800.0,8072.12,0.1589,42727.88,0.8411,24,Concessionária,2013,12,28,CLT,2149.9,29.0,Própria,730.0,0,3,Não,0
P000926,2025-07-01,40100.0,8826.01,0.2201,31273.99,0.7799,36,Revenda multimarca,2024,1,55,Autônomo,4107.84,38.0,Financiada,774.0,0,2,Não,0
P000927,2025-09-01,33600.0,1609.44,0.0479,31990.56,0.9521,48,Concessionária,2021,4,35,Autônomo,2097.11,9.0,Familiar,661.0,0,1,Não,0
P000928,2025-08-01,26500.0,4952.85,0.1869,21547.15,0.8131,48,Concessionária,2022,3,35,Empresário,2429.1,12.0,Alugada,618.0,0,2,Não,0
P000929,2025-09-01,97100.0,8059.3,0.083,89040.7,0.917,60,Concessionária,2018,7,57,CLT,5226.72,83.0,Financiada,438.0,4,4,Sim,0
P000930,2025-07-01,56000.0,32457.6,0.5796,23542.4,0.4204,36,Correspondente bancário,2024,1,25,Autônomo,6002.13,53.0,Alugada,895.0,0,0,Não,0
P000931,2025-12-01,92600.0,21233.18,0.2293,71366.82,0.7707,24,Concessionária,2017,8,27,CLT,4285.66,73.0,Familiar,701.0,0,1,Não,0
P000932,2025-10-01,50200.0,1395.56,0.0278,48804.44,0.9722,48,Revenda multimarca,2019,6,56,CLT,6457.85,4.0,Alugada,377.0,5,4,Sim,0
P000933,2025-07-01,22000.0,6558.2,0.2981,15441.8,0.7019,48,Concessionária,2021,4,26,CLT,1644.39,30.0,Alugada,386.0,0,3,Sim,0
P000934,2025-07-01,68300.0,7786.2,0.114,60513.8,0.886,60,Revenda multimarca,2016,9,41,CLT,3669.45,77.0,Alugada,645.0,1,1,Não,0
P000935,2025-09-01,22000.0,2043.8,0.0929,19956.2,0.9071,24,Revenda multimarca,2021,4,45,Autônomo,2786.73,,Alugada,648.0,2,1,Não,0
P000936,2025-12-01,50200.0,6380.42,0.1271,43819.58,0.8729,48,Concessionária,2021,4,40,CLT,6877.13,28.0,Própria,712.0,0,1,Não,0
P000937,2025-08-01,22000.0,1773.2,0.0806,20226.8,0.9194,60,Revenda multimarca,2020,5,43,Autônomo,1962.41,19.0,Financiada,318.0,5,2,Sim,0
P000938,2025-09-01,53600.0,4904.4,0.0915,48695.6,0.9085,36,Revenda multimarca,2022,3,36,CLT,14329.67,72.0,Alugada,573.0,1,1,Não,0
P000939,2025-09-01,60700.0,25415.09,0.4187,35284.91,0.5813,36,Concessionária,2023,2,56,CLT,6248.04,218.0,Alugada,502.0,0,3,Não,0
P000940,2025-09-01,24200.0,3547.72,0.1466,20652.28,0.8534,60,Revenda multimarca,2016,9,43,CLT,4538.66,63.0,Própria,516.0,0,6,Não,0
P000941,2025-09-01,41300.0,10002.86,0.2422,31297.14,0.7578,36,Revenda multimarca,2024,1,31,Servidor público,3842.02,156.0,Própria,487.0,4,4,Não,0
P000942,2025-09-01,137900.0,16699.69,0.1211,121200.31,0.8789,24,Concessionária,2019,6,38,Servidor público,7829.4,45.0,Própria,573.0,1,0,Não,0
P000943,2025-12-01,22000.0,3495.8,0.1589,18504.2,0.8411,48,Digital,2023,2,29,Autônomo,3198.89,84.0,Própria,880.0,0,3,Não,0
P000944,2025-11-01,49200.0,23148.6,0.4705,26051.4,0.5295,36,Revenda multimarca,2020,5,54,CLT,4933.44,61.0,Própria,715.0,0,1,Não,0
P000945,2025-10-01,40700.0,8209.19,0.2017,32490.81,0.7983,60,Concessionária,2023,2,32,Servidor público,5952.98,,Financiada,595.0,1,0,Não,0
P000946,2025-09-01,25900.0,8510.74,0.3286,17389.26,0.6714,48,Concessionária,2019,6,40,CLT,1600.0,47.0,Alugada,513.0,2,0,Sim,0
P000947,2025-11-01,50100.0,11823.6,0.236,38276.4,0.764,60,Digital,2023,2,25,CLT,6031.46,14.0,Alugada,,1,1,Não,0
P000948,2025-08-01,27000.0,5945.4,0.2202,21054.6,0.7798,24,Revenda multimarca,2022,3,34,Autônomo,3159.69,62.0,Alugada,344.0,3,0,Sim,0
P000949,2025-12-01,25800.0,5314.8,0.206,20485.2,0.794,48,Correspondente bancário,2020,5,32,CLT,3396.5,0.0,Própria,775.0,1,1,Não,0
P000950,2025-12-01,56500.0,13192.75,0.2335,43307.25,0.7665,60,Concessionária,2025,0,72,Aposentado,3686.54,315.0,Familiar,379.0,0,1,Não,0
P000951,2025-12-01,34100.0,17073.87,0.5007,17026.13,0.4993,48,Revenda multimarca,2021,4,37,Servidor público,7976.54,228.0,Própria,713.0,0,2,Não,0
P000952,2025-11-01,59000.0,7369.1,0.1249,51630.9,0.8751,36,Digital,2025,0,34,CLT,9780.43,93.0,Alugada,720.0,0,3,Não,0
P000953,2025-09-01,34500.0,13272.15,0.3847,21227.85,0.6153,48,Digital,2022,3,34,CLT,4448.52,50.0,Alugada,611.0,1,2,Não,0
P000954,2025-11-01,107800.0,23338.7,0.2165,84461.3,0.7835,48,Digital,2023,2,38,CLT,9757.26,42.0,Alugada,732.0,1,0,Não,0
P000955,2025-11-01,44300.0,14229.16,0.3212,30070.84,0.6788,48,Concessionária,2024,1,70,Aposentado,10099.27,,Própria,585.0,4,3,Não,0
P000956,2025-11-01,22000.0,983.4,0.0447,21016.6,0.9553,48,Concessionária,2021,4,43,CLT,1600.0,64.0,Própria,341.0,3,3,Sim,0
P000957,2025-08-01,70500.0,33818.85,0.4797,36681.15,0.5203,48,Revenda multimarca,2024,1,47,CLT,11661.95,57.0,Alugada,830.0,0,1,Não,0
P000958,2025-07-01,22000.0,5940.0,0.27,16060.0,0.73,60,Correspondente bancário,2019,6,37,CLT,2687.02,40.0,Financiada,503.0,2,2,Não,0
P000959,2025-08-01,43400.0,8914.36,0.2054,34485.64,0.7946,24,Revenda multimarca,2022,3,27,CLT,8734.04,14.0,Alugada,479.0,1,2,Não,0
P000960,2025-12-01,31000.0,8162.3,0.2633,22837.7,0.7367,24,Concessionária,2020,5,56,Aposentado,5602.69,36.0,Alugada,545.0,0,1,Não,0
P000961,2025-10-01,27500.0,2563.0,0.0932,24937.0,0.9068,60,Revenda multimarca,2024,1,54,CLT,1600.0,1.0,Alugada,113.0,5,6,Sim,0
P000962,2025-11-01,48700.0,9486.76,0.1948,39213.24,0.8052,60,Concessionária,2019,6,41,Empresário,10489.02,17.0,Financiada,853.0,0,1,Não,0
P000963,2025-10-01,25300.0,10092.17,0.3989,15207.83,0.6011,60,Revenda multimarca,2018,7,60,CLT,3301.37,38.0,Alugada,667.0,0,0,Não,0
P000964,2025-08-01,31300.0,5120.68,0.1636,26179.32,0.8364,36,Concessionária,2021,4,30,CLT,4200.78,8.0,Própria,413.0,2,1,Não,0
P000965,2025-10-01,64300.0,19900.85,0.3095,44399.15,0.6905,24,Digital,2022,3,50,Autônomo,14160.34,23.0,Própria,828.0,0,1,Não,0
P000966,2025-09-01,33800.0,9399.78,0.2781,24400.22,0.7219,24,Revenda multimarca,2023,2,30,Autônomo,4106.8,,Própria,495.0,0,4,Sim,0
P000967,2025-09-01,30500.0,1293.2,0.0424,29206.8,0.9576,48,Concessionária,2024,1,42,Autônomo,,25.0,Própria,531.0,2,0,Sim,0
P000968,2025-08-01,58500.0,7733.7,0.1322,50766.3,0.8678,36,Concessionária,2023,2,39,Autônomo,1600.0,,Própria,512.0,2,0,Não,0
P000969,2025-11-01,85300.0,20207.57,0.2369,65092.43,0.7631,24,Concessionária,2025,0,23,CLT,11158.42,60.0,Alugada,784.0,0,3,Não,0
P000970,2025-10-01,54800.0,22698.16,0.4142,32101.84,0.5858,48,Correspondente bancário,2023,2,37,Empresário,9950.89,135.0,Alugada,703.0,1,1,Não,0
P000971,2025-11-01,22000.0,4859.8,0.2209,17140.2,0.7791,60,Concessionária,2021,4,34,Autônomo,1600.0,,Alugada,176.0,5,4,Sim,0
P000972,2025-07-01,22000.0,2994.2,0.1361,19005.8,0.8639,60,Revenda multimarca,2023,2,37,Empresário,2567.85,,Financiada,174.0,5,3,Sim,0
P000973,2025-08-01,36000.0,11624.4,0.3229,24375.6,0.6771,60,Correspondente bancário,2023,2,39,Autônomo,3082.79,23.0,Familiar,655.0,1,1,Não,0
P000974,2025-09-01,85900.0,39909.14,0.4646,45990.86,0.5354,24,Concessionária,2023,2,47,Servidor público,14783.73,63.0,Financiada,659.0,0,2,Não,0
P000975,2025-12-01,29000.0,3198.7,0.1103,25801.3,0.8897,36,Revenda multimarca,2020,5,40,Autônomo,2408.92,52.0,Financiada,466.0,2,2,Não,0
P000976,2025-07-01,50500.0,6903.35,0.1367,43596.65,0.8633,24,Concessionária,2020,5,37,CLT,5507.3,50.0,Alugada,742.0,0,2,Não,0
P000977,2025-12-01,46100.0,12548.42,0.2722,33551.58,0.7278,48,Concessionária,2024,1,49,CLT,8119.41,88.0,Alugada,750.0,1,0,Não,0
P000978,2025-12-01,68900.0,4540.51,0.0659,64359.49,0.9341,36,Correspondente bancário,2020,5,49,CLT,5630.03,69.0,Alugada,523.0,0,2,Não,0
P000979,2025-11-01,47400.0,6797.16,0.1434,40602.84,0.8566,36,Correspondente bancário,2021,4,36,CLT,2439.17,60.0,Alugada,630.0,2,1,Sim,0
P000980,2025-09-01,25900.0,4470.34,0.1726,21429.66,0.8274,48,Digital,2023,2,50,CLT,4046.33,60.0,Alugada,417.0,1,0,Sim,0
P000981,2025-12-01,26900.0,8895.83,0.3307,18004.17,0.6693,36,Concessionária,2022,3,66,CLT,3762.57,28.0,Própria,407.0,0,2,Sim,0
P000982,2025-09-01,37500.0,18236.25,0.4863,19263.75,0.5137,36,Concessionária,2025,0,42,Servidor público,3972.36,221.0,Familiar,437.0,1,0,Sim,0
P000983,2025-11-01,102200.0,48432.58,0.4739,53767.42,0.5261,48,Concessionária,2022,3,41,CLT,9866.88,,Própria,656.0,0,2,Não,0
P000984,2025-10-01,73900.0,32220.4,0.436,41679.6,0.564,24,Concessionária,2022,3,56,CLT,10609.67,23.0,Alugada,,0,0,Não,0
P000985,2025-10-01,27600.0,3190.56,0.1156,24409.44,0.8844,24,Concessionária,2022,3,30,Autônomo,3267.43,,Própria,645.0,0,1,Sim,0
P000986,2025-12-01,119300.0,31471.34,0.2638,87828.66,0.7362,60,Concessionária,2024,1,50,CLT,6584.31,21.0,Financiada,518.0,1,0,Sim,0
P000987,2025-12-01,65600.0,10338.56,0.1576,55261.44,0.8424,36,Revenda multimarca,2024,1,35,Autônomo,7579.27,53.0,Própria,835.0,0,0,Não,0
P000988,2025-12-01,28100.0,11981.84,0.4264,16118.16,0.5736,60,Digital,2021,4,31,CLT,4063.95,14.0,Familiar,546.0,1,4,Não,0
P000989,2025-07-01,87300.0,25334.46,0.2902,61965.54,0.7098,48,Revenda multimarca,2025,0,37,CLT,10962.86,,Financiada,723.0,1,1,Não,0
P000990,2025-09-01,22000.0,675.4,0.0307,21324.6,0.9693,24,Concessionária,2017,8,34,CLT,,,Familiar,541.0,2,3,Não,0
P000991,2025-09-01,22000.0,4479.2,0.2036,17520.8,0.7964,48,Concessionária,2020,5,33,Autônomo,2946.24,71.0,Alugada,555.0,0,2,Sim,0
P000992,2025-12-01,22000.0,11930.6,0.5423,10069.4,0.4577,36,Revenda multimarca,2015,10,29,Autônomo,1600.0,4.0,Financiada,700.0,0,0,Não,0
P000993,2025-09-01,69000.0,5271.6,0.0764,63728.4,0.9236,36,Revenda multimarca,2023,2,38,Empresário,11866.74,86.0,Financiada,439.0,0,3,Não,0
P000994,2025-09-01,43900.0,8731.71,0.1989,35168.29,0.8011,36,Digital,2021,4,39,Autônomo,5287.83,165.0,Alugada,890.0,0,0,Não,0
P000995,2025-07-01,53500.0,25230.6,0.4716,28269.4,0.5284,60,Revenda multimarca,2021,4,42,Autônomo,5368.92,21.0,Familiar,,0,0,Não,0
P000996,2025-10-01,36400.0,13129.48,0.3607,23270.52,0.6393,48,Revenda multimarca,2022,3,38,CLT,4770.4,34.0,Própria,733.0,1,2,Não,0
P000997,2025-12-01,35400.0,3193.08,0.0902,32206.92,0.9098,48,Correspondente bancário,2023,2,56,CLT,3992.97,49.0,Financiada,410.0,4,2,Sim,0
P000998,2025-10-01,31400.0,2251.38,0.0717,29148.62,0.9283,24,Digital,2021,4,36,Empresário,3352.28,11.0,Própria,,3,3,Não,0
P000999,2025-08-01,34700.0,6818.55,0.1965,27881.45,0.8035,48,Revenda multimarca,2021,4,30,Empresário,2574.31,30.0,Alugada,616.0,0,0,Não,0
P001000,2025-09-01,29200.0,14448.16,0.4948,14751.84,0.5052,48,Concessionária,2020,5,41,CLT,2502.36,27.0,Familiar,287.0,5,5,Sim,0
P001001,2025-09-01,35000.0,3535.0,0.101,31465.0,0.899,24,Concessionária,2022,3,33,Autônomo,4667.81,48.0,Financiada,774.0,0,0,Não,0
P001002,2025-09-01,22600.0,1710.82,0.0757,20889.18,0.9243,60,Digital,2021,4,35,CLT,2242.35,40.0,Alugada,315.0,4,1,Sim,0
P001003,2025-07-01,35800.0,3404.58,0.0951,32395.42,0.9049,36,Correspondente bancário,2023,2,27,Autônomo,5758.01,6.0,Própria,532.0,1,1,Sim,0
P001004,2025-08-01,23800.0,4536.28,0.1906,19263.72,0.8094,36,Correspondente bancário,2013,12,27,Autônomo,2034.41,23.0,Própria,419.0,5,3,Sim,0
P001005,2025-07-01,57600.0,14342.4,0.249,43257.6,0.751,60,Concessionária,2020,5,44,CLT,4165.61,,Própria,661.0,1,0,Não,0
P001006,2025-09-01,39700.0,20775.01,0.5233,18924.99,0.4767,60,Concessionária,2022,3,34,CLT,5936.53,28.0,Familiar,561.0,0,2,Não,0
P001007,2025-11-01,24000.0,2836.8,0.1182,21163.2,0.8818,36,Concessionária,2022,3,29,CLT,1600.0,,Própria,199.0,5,6,Sim,0
P001008,2025-07-01,22000.0,1980.0,0.09,20020.0,0.91,48,Concessionária,2019,6,42,CLT,2302.56,88.0,Familiar,403.0,5,0,Sim,0
P001009,2025-07-01,54300.0,21285.6,0.392,33014.4,0.608,24,Concessionária,2022,3,35,CLT,4081.15,15.0,Própria,749.0,0,1,Não,0
P001010,2025-07-01,24900.0,8722.47,0.3503,16177.53,0.6497,24,Correspondente bancário,2021,4,25,Autônomo,3258.86,26.0,Familiar,682.0,0,1,Sim,0
P001011,2025-09-01,56900.0,8961.75,0.1575,47938.25,0.8425,48,Digital,2016,9,29,CLT,5064.22,132.0,Financiada,172.0,5,1,Não,0
P001012,2025-07-01,55200.0,10372.08,0.1879,44827.92,0.8121,48,Digital,2022,3,49,Empresário,13335.96,42.0,Financiada,592.0,0,0,Não,0
P001013,2025-11-01,26800.0,2393.24,0.0893,24406.76,0.9107,60,Revenda multimarca,2023,2,52,CLT,2564.9,28.0,Própria,643.0,3,3,Não,0
P001014,2025-09-01,26400.0,6890.4,0.261,19509.6,0.739,48,Digital,2019,6,32,CLT,2928.89,55.0,Própria,273.0,5,3,Não,0
P001015,2025-07-01,34500.0,7738.35,0.2243,26761.65,0.7757,36,Revenda multimarca,2022,3,28,CLT,3078.95,85.0,Própria,564.0,0,4,Não,0
P001016,2025-09-01,119800.0,2995.0,0.025,116805.0,0.975,48,Concessionária,2025,0,36,CLT,14704.87,6.0,Financiada,729.0,0,0,Não,0
P001017,2025-09-01,22000.0,1221.0,0.0555,20779.0,0.9445,48,Correspondente bancário,2022,3,37,CLT,4646.17,60.0,Alugada,311.0,5,7,Sim,0
P001018,2025-12-01,22000.0,1179.2,0.0536,20820.8,0.9464,48,Concessionária,2017,8,41,CLT,2448.56,22.0,Própria,404.0,1,0,Sim,0
P001019,2025-10-01,22000.0,6729.8,0.3059,15270.2,0.6941,60,Digital,2024,1,36,CLT,1885.26,,Própria,441.0,3,6,Não,0
P001020,2025-07-01,73700.0,5903.37,0.0801,67796.63,0.9199,36,Concessionária,2024,1,50,CLT,23874.86,89.0,Própria,976.0,0,1,Não,0
P001021,2025-11-01,34500.0,16014.9,0.4642,18485.1,0.5358,48,Digital,2023,2,24,CLT,,43.0,Financiada,529.0,1,1,Não,0
P001022,2025-07-01,98200.0,6098.22,0.0621,92101.78,0.9379,60,Concessionária,2022,3,43,Autônomo,5958.78,35.0,Familiar,797.0,0,1,Não,0
P001023,2025-08-01,32600.0,6132.06,0.1881,26467.94,0.8119,48,Revenda multimarca,2013,12,27,Servidor público,3235.52,108.0,Financiada,466.0,2,1,Não,0
P001024,2025-07-01,34100.0,4446.64,0.1304,29653.36,0.8696,48,Digital,2021,4,28,Autônomo,,21.0,Alugada,808.0,0,1,Não,0
P001025,2025-07-01,49200.0,6469.8,0.1315,42730.2,0.8685,36,Correspondente bancário,2018,7,30,CLT,,61.0,Familiar,383.0,3,7,Não,0
P001026,2025-07-01,42700.0,17771.74,0.4162,24928.26,0.5838,36,Digital,2016,9,30,CLT,4658.73,2.0,Própria,367.0,3,0,Sim,0
P001027,2025-10-01,46800.0,1563.12,0.0334,45236.88,0.9666,48,Concessionária,2023,2,59,Autônomo,3448.54,3.0,Alugada,487.0,4,2,Sim,0
P001028,2025-08-01,43700.0,22243.3,0.509,21456.7,0.491,24,Revenda multimarca,2019,6,25,CLT,3295.17,84.0,Financiada,670.0,1,1,Não,0
P001029,2025-08-01,24100.0,4742.88,0.1968,19357.12,0.8032,48,Correspondente bancário,2022,3,49,CLT,3246.56,121.0,Financiada,377.0,4,2,Sim,0
P001030,2025-10-01,28200.0,764.22,0.0271,27435.78,0.9729,24,Correspondente bancário,2017,8,39,CLT,2135.75,100.0,Financiada,415.0,0,1,Sim,0
P001031,2025-08-01,24800.0,1644.24,0.0663,23155.76,0.9337,60,Correspondente bancário,2015,10,43,CLT,2225.13,43.0,Alugada,468.0,3,3,Sim,0
P001032,2025-08-01,59100.0,14627.25,0.2475,44472.75,0.7525,24,Concessionária,2022,3,40,Empresário,8877.22,59.0,Alugada,654.0,1,1,Não,0
P001033,2025-12-01,64400.0,1358.84,0.0211,63041.16,0.9789,36,Digital,2023,2,26,Autônomo,,13.0,Familiar,412.0,5,0,Sim,0
P001034,2025-11-01,39600.0,1591.92,0.0402,38008.08,0.9598,36,Concessionária,2020,5,26,Servidor público,9181.92,38.0,Familiar,257.0,5,4,Sim,0
P001035,2025-10-01,38600.0,6280.22,0.1627,32319.78,0.8373,36,Digital,2020,5,48,CLT,1600.0,85.0,Financiada,283.0,5,5,Sim,0
P001036,2025-08-01,22000.0,1729.2,0.0786,20270.8,0.9214,60,Concessionária,2020,5,26,CLT,2540.5,5.0,Própria,423.0,1,1,Sim,0
P001037,2025-07-01,46600.0,13830.88,0.2968,32769.12,0.7032,36,Concessionária,2021,4,71,Aposentado,4858.48,109.0,Própria,478.0,1,3,Não,0
P001038,2025-09-01,52300.0,14147.15,0.2705,38152.85,0.7295,48,Correspondente bancário,2020,5,49,CLT,4949.81,54.0,Financiada,542.0,1,1,Sim,0
P001039,2025-09-01,22000.0,7693.4,0.3497,14306.6,0.6503,60,Concessionária,2023,2,47,CLT,1600.0,42.0,Alugada,435.0,5,1,Sim,0
P001040,2025-08-01,34200.0,6108.12,0.1786,28091.88,0.8214,36,Digital,2022,3,26,Autônomo,3743.33,18.0,Familiar,516.0,2,6,Não,0
P001041,2025-08-01,66700.0,17315.32,0.2596,49384.68,0.7404,36,Digital,2023,2,24,Autônomo,10574.62,53.0,Própria,944.0,0,0,Não,0
P001042,2025-07-01,32500.0,2778.75,0.0855,29721.25,0.9145,24,Revenda multimarca,2024,1,45,CLT,2258.47,87.0,Própria,315.0,5,4,Sim,0
P001043,2025-07-01,22000.0,1243.0,0.0565,20757.0,0.9435,60,Revenda multimarca,2023,2,60,Autônomo,,74.0,Própria,664.0,0,1,Não,0
P001044,2025-09-01,33700.0,20176.19,0.5987,13523.81,0.4013,24,Concessionária,2024,1,38,Autônomo,5031.83,17.0,Familiar,792.0,0,1,Não,0
P001045,2025-11-01,27200.0,3062.72,0.1126,24137.28,0.8874,36,Correspondente bancário,2017,8,32,CLT,5887.9,87.0,Própria,427.0,1,2,Não,0
P001046,2025-10-01,24400.0,3921.08,0.1607,20478.92,0.8393,36,Correspondente bancário,2013,12,31,CLT,3863.03,20.0,Alugada,346.0,4,1,Não,0
P001047,2025-09-01,49200.0,5475.96,0.1113,43724.04,0.8887,36,Digital,2015,10,28,CLT,3656.61,105.0,Própria,706.0,1,1,Não,0
P001048,2025-07-01,38100.0,8176.26,0.2146,29923.74,0.7854,24,Concessionária,2019,6,31,CLT,,129.0,Alugada,453.0,4,1,Não,0
P001049,2025-11-01,145100.0,54514.07,0.3757,90585.93,0.6243,60,Correspondente bancário,2022,3,48,CLT,9919.17,78.0,Alugada,699.0,1,0,Não,0
P001050,2025-10-01,32600.0,8394.5,0.2575,24205.5,0.7425,48,Concessionária,2022,3,26,Autônomo,4481.14,,Alugada,809.0,0,0,Não,0
P001051,2025-09-01,33900.0,8878.41,0.2619,25021.59,0.7381,36,Concessionária,2024,1,68,Aposentado,3216.31,78.0,Alugada,485.0,1,4,Não,0
P001052,2025-10-01,60300.0,30059.55,0.4985,30240.45,0.5015,36,Digital,2024,1,43,CLT,10377.86,104.0,Familiar,823.0,0,1,Não,0
P001053,2025-10-01,60800.0,17583.36,0.2892,43216.64,0.7108,36,Revenda multimarca,2017,8,40,Empresário,8883.17,158.0,Financiada,487.0,0,3,Sim,0
P001054,2025-12-01,22000.0,1799.6,0.0818,20200.4,0.9182,36,Revenda multimarca,2014,11,29,Autônomo,,16.0,Financiada,314.0,5,2,Sim,0
P001055,2025-10-01,22400.0,5620.16,0.2509,16779.84,0.7491,60,Concessionária,2013,12,31,CLT,1600.0,1.0,Própria,64.0,5,6,Não,0
P001056,2025-08-01,30700.0,7331.16,0.2388,23368.84,0.7612,48,Digital,2023,2,48,Autônomo,3880.17,18.0,Familiar,681.0,1,2,Não,0
P001057,2025-10-01,22000.0,3042.6,0.1383,18957.4,0.8617,36,Concessionária,2021,4,29,CLT,2667.78,81.0,Própria,503.0,0,2,Não,0
P001058,2025-11-01,27900.0,8275.14,0.2966,19624.86,0.7034,48,Concessionária,2017,8,26,CLT,3280.06,96.0,Financiada,,3,1,Não,0
P001059,2025-08-01,47500.0,4650.25,0.0979,42849.75,0.9021,48,Revenda multimarca,2018,7,50,Autônomo,,33.0,Financiada,557.0,0,0,Não,0
P001060,2025-08-01,36200.0,6997.46,0.1933,29202.54,0.8067,36,Concessionária,2022,3,28,Servidor público,2614.56,120.0,Própria,252.0,5,2,Não,0
P001061,2025-07-01,97900.0,41950.15,0.4285,55949.85,0.5715,60,Correspondente bancário,2023,2,25,CLT,3720.99,49.0,Própria,650.0,1,2,Não,0
P001062,2025-09-01,53900.0,1078.0,0.02,52822.0,0.98,24,Concessionária,2020,5,62,Autônomo,6161.71,82.0,Familiar,962.0,0,1,Não,0
P001063,2025-10-01,41400.0,5928.48,0.1432,35471.52,0.8568,48,Digital,2016,9,32,CLT,4099.43,30.0,Alugada,519.0,0,1,Não,0
P001064,2025-07-01,34700.0,15191.66,0.4378,19508.34,0.5622,48,Concessionária,2016,9,33,Autônomo,5096.91,69.0,Própria,680.0,1,1,Não,0
P001065,2025-12-01,24700.0,9445.28,0.3824,15254.72,0.6176,60,Revenda multimarca,2021,4,38,Empresário,,9.0,Familiar,384.0,3,3,Não,0
P001066,2025-11-01,53000.0,7706.2,0.1454,45293.8,0.8546,60,Revenda multimarca,2015,10,31,CLT,2309.27,5.0,Própria,467.0,0,6,Não,0
P001067,2025-11-01,32600.0,8032.64,0.2464,24567.36,0.7536,60,Revenda multimarca,2021,4,31,CLT,,71.0,Alugada,573.0,0,3,Não,0
P001068,2025-12-01,22000.0,770.0,0.035,21230.0,0.965,36,Digital,2020,5,43,CLT,2490.27,,Financiada,477.0,2,1,Sim,0
P001069,2025-07-01,36700.0,14900.2,0.406,21799.8,0.594,24,Concessionária,2018,7,30,Servidor público,,137.0,Alugada,762.0,0,0,Não,0
P001070,2025-08-01,27100.0,9929.44,0.3664,17170.56,0.6336,60,Revenda multimarca,2020,5,25,CLT,3462.28,82.0,Própria,569.0,0,3,Não,0
P001071,2025-11-01,38700.0,14806.62,0.3826,23893.38,0.6174,24,Concessionária,2022,3,23,Autônomo,1600.0,60.0,Própria,523.0,0,0,Não,0
P001072,2025-12-01,22000.0,5159.0,0.2345,16841.0,0.7655,60,Revenda multimarca,2022,3,33,Autônomo,1600.0,63.0,Própria,185.0,5,8,Sim,0
P001073,2025-12-01,60100.0,5378.95,0.0895,54721.05,0.9105,36,Digital,2023,2,29,Autônomo,,52.0,Própria,619.0,1,3,Não,0
P001074,2025-08-01,40500.0,6411.15,0.1583,34088.85,0.8417,36,Digital,2021,4,36,Empresário,6289.99,43.0,Alugada,580.0,1,1,Sim,0
P001075,2025-09-01,23700.0,1924.44,0.0812,21775.56,0.9188,36,Revenda multimarca,2024,1,30,CLT,1935.33,35.0,Alugada,502.0,1,1,Sim,0
P001076,2025-12-01,63900.0,22007.16,0.3444,41892.84,0.6556,48,Correspondente bancário,2021,4,57,Autônomo,6263.74,79.0,Alugada,561.0,2,2,Não,0
P001077,2025-09-01,22500.0,12777.75,0.5679,9722.25,0.4321,36,Concessionária,2019,6,52,CLT,3820.93,32.0,Financiada,707.0,0,0,Não,0
P001078,2025-10-01,42700.0,8087.38,0.1894,34612.62,0.8106,48,Revenda multimarca,2018,7,34,CLT,1739.43,11.0,Financiada,557.0,4,1,Não,0
P001079,2025-10-01,33000.0,11823.9,0.3583,21176.1,0.6417,24,Revenda multimarca,2017,8,34,CLT,1600.0,27.0,Familiar,358.0,5,2,Não,0
P001080,2025-12-01,43900.0,4442.68,0.1012,39457.32,0.8988,36,Concessionária,2023,2,31,Autônomo,2325.97,50.0,Própria,956.0,0,1,Não,0
P001081,2025-12-01,27400.0,8447.42,0.3083,18952.58,0.6917,48,Revenda multimarca,2017,8,50,Autônomo,1745.08,9.0,Alugada,391.0,5,6,Não,0
P001082,2025-08-01,38500.0,6845.3,0.1778,31654.7,0.8222,48,Concessionária,2020,5,37,Servidor público,2578.95,93.0,Familiar,511.0,3,0,Não,0
P001083,2025-07-01,47700.0,15683.76,0.3288,32016.24,0.6712,60,Digital,2022,3,44,CLT,5032.86,69.0,Alugada,,2,1,Não,0
P001084,2025-11-01,22000.0,3564.0,0.162,18436.0,0.838,48,Concessionária,2021,4,35,CLT,1971.61,67.0,Familiar,451.0,4,3,Não,0
P001085,2025-08-01,27900.0,7474.41,0.2679,20425.59,0.7321,24,Correspondente bancário,2013,12,68,CLT,3178.37,24.0,Própria,413.0,5,3,Não,0
P001086,2025-11-01,26100.0,15341.58,0.5878,10758.42,0.4122,24,Revenda multimarca,2022,3,41,CLT,3778.64,,Familiar,678.0,0,2,Não,0
P001087,2025-11-01,58800.0,4762.8,0.081,54037.2,0.919,48,Revenda multimarca,2021,4,30,CLT,2266.03,84.0,Própria,636.0,1,3,Não,0
P001088,2025-11-01,31200.0,15004.08,0.4809,16195.92,0.5191,60,Revenda multimarca,2017,8,45,CLT,,45.0,Alugada,368.0,1,6,Não,0
P001089,2025-08-01,30200.0,797.28,0.0264,29402.72,0.9736,60,Concessionária,2024,1,38,Autônomo,3006.4,98.0,Familiar,444.0,0,4,Não,0
P001090,2025-08-01,35900.0,6099.41,0.1699,29800.59,0.8301,48,Concessionária,2022,3,53,Autônomo,5340.41,73.0,Própria,534.0,1,1,Não,0
P001091,2025-12-01,22000.0,6806.8,0.3094,15193.2,0.6906,60,Concessionária,2023,2,40,Autônomo,2318.41,93.0,Própria,335.0,5,4,Não,0
P001092,2025-08-01,63000.0,26409.6,0.4192,36590.4,0.5808,48,Revenda multimarca,2024,1,47,CLT,8174.12,28.0,Familiar,761.0,1,0,Não,0
P001093,2025-12-01,45800.0,7099.0,0.155,38701.0,0.845,36,Concessionária,2019,6,38,CLT,5516.41,,Própria,831.0,0,0,Não,0
P001094,2025-11-01,24600.0,492.0,0.02,24108.0,0.98,48,Revenda multimarca,2023,2,33,Empresário,6369.66,22.0,Alugada,440.0,1,6,Não,0
P001095,2025-12-01,45700.0,5278.35,0.1155,40421.65,0.8845,48,Concessionária,2020,5,66,Aposentado,4323.15,,Alugada,620.0,3,2,Sim,0
P001096,2025-07-01,54900.0,15745.32,0.2868,39154.68,0.7132,60,Concessionária,2020,5,33,Servidor público,5054.6,180.0,Financiada,504.0,2,4,Sim,0
P001097,2025-11-01,47000.0,3482.7,0.0741,43517.3,0.9259,60,Concessionária,2017,8,41,Servidor público,15586.71,80.0,Familiar,328.0,3,5,Sim,0
P001098,2025-09-01,22000.0,5920.2,0.2691,16079.8,0.7309,48,Concessionária,2020,5,44,CLT,1633.89,52.0,Alugada,584.0,1,3,Não,0
P001099,2025-11-01,22000.0,1927.2,0.0876,20072.8,0.9124,60,Concessionária,2013,12,37,Autônomo,2056.17,58.0,Alugada,375.0,5,2,Não,0
P001100,2025-08-01,36900.0,3357.9,0.091,33542.1,0.909,48,Revenda multimarca,2024,1,42,Empresário,3693.71,103.0,Familiar,658.0,2,1,Sim,0
P001101,2025-09-01,22000.0,2272.6,0.1033,19727.4,0.8967,48,Correspondente bancário,2023,2,43,CLT,1600.0,2.0,Própria,407.0,5,3,Sim,0
P001102,2025-08-01,39700.0,10476.83,0.2639,29223.17,0.7361,60,Revenda multimarca,2021,4,36,CLT,3960.91,15.0,Alugada,290.0,5,4,Não,0
P001103,2025-07-01,24700.0,7432.23,0.3009,17267.77,0.6991,48,Digital,2022,3,44,CLT,6418.62,107.0,Própria,927.0,0,0,Não,0
P001104,2025-09-01,39200.0,2340.24,0.0597,36859.76,0.9403,48,Digital,2025,0,75,CLT,11735.86,67.0,Financiada,350.0,2,0,Sim,0
P001105,2025-10-01,24100.0,6613.04,0.2744,17486.96,0.7256,48,Correspondente bancário,2019,6,31,CLT,8596.43,3.0,Própria,502.0,2,4,Não,0
P001106,2025-11-01,36200.0,2783.78,0.0769,33416.22,0.9231,36,Revenda multimarca,2023,2,41,CLT,2399.41,21.0,Própria,418.0,0,2,Sim,0
P001107,2025-08-01,22000.0,4129.4,0.1877,17870.6,0.8123,48,Concessionária,2022,3,36,CLT,5264.96,47.0,Própria,491.0,0,1,Sim,0
P001108,2025-08-01,22000.0,710.6,0.0323,21289.4,0.9677,60,Revenda multimarca,2020,5,61,CLT,,92.0,Familiar,236.0,5,1,Não,0
P001109,2025-11-01,54600.0,3925.74,0.0719,50674.26,0.9281,48,Concessionária,2016,9,52,CLT,5666.13,5.0,Familiar,834.0,0,1,Não,0
P001110,2025-10-01,96100.0,31309.38,0.3258,64790.62,0.6742,48,Revenda multimarca,2013,12,29,Autônomo,4082.87,88.0,Financiada,878.0,0,3,Não,0
P001111,2025-12-01,24800.0,6596.8,0.266,18203.2,0.734,48,Correspondente bancário,2018,7,32,CLT,2059.64,,Própria,402.0,3,2,Sim,0
P001112,2025-11-01,27400.0,3756.54,0.1371,23643.46,0.8629,48,Digital,2020,5,38,CLT,2892.87,22.0,Familiar,548.0,0,2,Não,0
P001113,2025-08-01,61400.0,15079.84,0.2456,46320.16,0.7544,24,Concessionária,2021,4,54,Autônomo,3575.37,,Alugada,595.0,0,4,Não,0
P001114,2025-08-01,22000.0,4994.0,0.227,17006.0,0.773,24,Correspondente bancário,2021,4,33,CLT,3045.1,88.0,Alugada,462.0,1,5,Sim,0
P001115,2025-09-01,44300.0,15850.54,0.3578,28449.46,0.6422,24,Revenda multimarca,2021,4,40,Autônomo,,27.0,Alugada,589.0,0,1,Não,0
P001116,2025-12-01,32000.0,9350.4,0.2922,22649.6,0.7078,24,Concessionária,2019,6,39,CLT,6124.25,93.0,Alugada,606.0,1,2,Não,0
P001117,2025-08-01,30700.0,3380.07,0.1101,27319.93,0.8899,36,Concessionária,2020,5,24,Autônomo,2809.57,27.0,Alugada,,0,0,Sim,0
P001118,2025-09-01,59000.0,6873.5,0.1165,52126.5,0.8835,60,Correspondente bancário,2019,6,75,CLT,4240.72,11.0,Alugada,533.0,1,7,Não,0
P001119,2025-08-01,81200.0,9305.52,0.1146,71894.48,0.8854,48,Concessionária,2024,1,25,Autônomo,5188.45,,Familiar,977.0,0,0,Sim,0
P001120,2025-07-01,45600.0,28066.8,0.6155,17533.2,0.3845,36,Concessionária,2024,1,51,CLT,3890.05,36.0,Alugada,546.0,2,2,Não,0
P001121,2025-07-01,55300.0,4031.37,0.0729,51268.63,0.9271,48,Concessionária,2023,2,50,Autônomo,5856.99,38.0,Própria,699.0,0,4,Sim,0
P001122,2025-09-01,102800.0,26121.48,0.2541,76678.52,0.7459,60,Concessionária,2024,1,28,Autônomo,5028.3,120.0,Própria,496.0,1,3,Não,0
P001123,2025-09-01,28600.0,1927.64,0.0674,26672.36,0.9326,36,Revenda multimarca,2013,12,21,CLT,1600.0,29.0,Própria,333.0,4,3,Não,0
P001124,2025-11-01,32100.0,4866.36,0.1516,27233.64,0.8484,60,Concessionária,2020,5,75,Aposentado,2789.36,121.0,Alugada,526.0,1,7,Sim,0
P001125,2025-10-01,66800.0,21249.08,0.3181,45550.92,0.6819,48,Digital,2013,12,58,CLT,7015.22,38.0,Alugada,522.0,1,3,Sim,0
P001126,2025-08-01,67900.0,20981.1,0.309,46918.9,0.691,36,Digital,2022,3,26,Autônomo,8038.77,36.0,Alugada,629.0,2,2,Não,0
P001127,2025-09-01,23000.0,4280.3,0.1861,18719.7,0.8139,48,Concessionária,2020,5,47,Autônomo,5004.94,12.0,Alugada,636.0,0,1,Não,0
P001128,2025-08-01,33400.0,1088.84,0.0326,32311.16,0.9674,36,Concessionária,2018,7,31,CLT,2621.11,11.0,Alugada,646.0,1,1,Sim,0
P001129,2025-11-01,22000.0,5821.2,0.2646,16178.8,0.7354,48,Revenda multimarca,2018,7,24,CLT,2707.17,4.0,Própria,398.0,3,2,Não,0
P001130,2025-07-01,23100.0,11152.68,0.4828,11947.32,0.5172,48,Digital,2018,7,50,CLT,1782.43,63.0,Financiada,614.0,0,1,Não,0
P001131,2025-07-01,99700.0,5732.75,0.0575,93967.25,0.9425,36,Concessionária,2021,4,23,Empresário,4935.1,11.0,Familiar,390.0,5,3,Não,0
P001132,2025-09-01,43300.0,7638.12,0.1764,35661.88,0.8236,36,Correspondente bancário,2017,8,46,Autônomo,3383.48,,Própria,565.0,2,1,Não,0
P001133,2025-10-01,23700.0,1403.04,0.0592,22296.96,0.9408,60,Revenda multimarca,2024,1,29,Empresário,2382.97,,Financiada,529.0,2,0,Sim,0
P001134,2025-11-01,22000.0,3905.0,0.1775,18095.0,0.8225,60,Concessionária,2020,5,35,CLT,3883.94,16.0,Financiada,432.0,3,2,Não,0
P001135,2025-12-01,50500.0,9529.35,0.1887,40970.65,0.8113,48,Revenda multimarca,2019,6,50,Servidor público,11088.07,12.0,Própria,635.0,0,1,Sim,0
P001136,2025-08-01,40500.0,1259.55,0.0311,39240.45,0.9689,24,Digital,2013,12,48,CLT,,9.0,Própria,404.0,3,2,Sim,0
P001137,2025-11-01,61900.0,31191.41,0.5039,30708.59,0.4961,60,Correspondente bancário,2013,12,35,CLT,5118.4,16.0,Familiar,758.0,1,0,Não,0
P001138,2025-09-01,68900.0,30467.58,0.4422,38432.42,0.5578,60,Concessionária,2022,3,40,Servidor público,7947.62,78.0,Financiada,635.0,1,1,Não,0
P001139,2025-07-01,71300.0,19407.86,0.2722,51892.14,0.7278,48,Digital,2020,5,33,CLT,7392.35,13.0,Própria,594.0,3,3,Não,0
P001140,2025-09-01,39500.0,8737.4,0.2212,30762.6,0.7788,48,Revenda multimarca,2020,5,44,Autônomo,3352.83,43.0,Própria,575.0,0,3,Não,0
P001141,2025-12-01,33900.0,8186.85,0.2415,25713.15,0.7585,24,Revenda multimarca,2022,3,33,Autônomo,6350.07,,Financiada,833.0,0,0,Não,0
P001142,2025-12-01,49200.0,8044.2,0.1635,41155.8,0.8365,48,Concessionária,2017,8,31,CLT,2836.71,139.0,Própria,558.0,1,1,Não,0
P001143,2025-12-01,56900.0,11698.64,0.2056,45201.36,0.7944,24,Concessionária,2013,12,47,CLT,4219.26,,Alugada,546.0,0,0,Não,0
P001144,2025-08-01,22000.0,1276.0,0.058,20724.0,0.942,60,Revenda multimarca,2019,6,26,CLT,1600.0,11.0,Familiar,548.0,2,1,Sim,0
P001145,2025-11-01,36700.0,1812.98,0.0494,34887.02,0.9506,48,Concessionária,2023,2,40,CLT,3808.81,48.0,Financiada,580.0,0,1,Não,0
P001146,2025-11-01,27700.0,7033.03,0.2539,20666.97,0.7461,60,Correspondente bancário,2017,8,31,Autônomo,3378.92,121.0,Alugada,547.0,0,1,Não,0
P001147,2025-12-01,32600.0,13515.96,0.4146,19084.04,0.5854,36,Concessionária,2021,4,25,CLT,1600.0,82.0,Própria,345.0,5,6,Não,0
P001148,2025-07-01,22000.0,3768.6,0.1713,18231.4,0.8287,24,Revenda multimarca,2018,7,30,Autônomo,1826.67,,Alugada,599.0,2,0,Não,0
P001149,2025-12-01,56000.0,12129.6,0.2166,43870.4,0.7834,60,Concessionária,2023,2,34,CLT,4766.38,128.0,Própria,641.0,3,2,Não,0
P001150,2025-09-01,52700.0,5422.83,0.1029,47277.17,0.8971,36,Concessionária,2022,3,40,CLT,6198.48,109.0,Própria,928.0,0,0,Não,0
P001151,2025-10-01,34700.0,6301.52,0.1816,28398.48,0.8184,36,Revenda multimarca,2024,1,35,CLT,1968.57,16.0,Alugada,539.0,3,1,Não,0
P001152,2025-07-01,22000.0,2646.6,0.1203,19353.4,0.8797,36,Correspondente bancário,2022,3,29,Servidor público,3256.84,,Familiar,324.0,5,5,Não,0
P001153,2025-07-01,56300.0,8107.2,0.144,48192.8,0.856,48,Concessionária,2017,8,43,Autônomo,5989.05,5.0,Alugada,1000.0,0,0,Não,0
P001154,2025-11-01,28900.0,8716.24,0.3016,20183.76,0.6984,36,Revenda multimarca,2014,11,30,CLT,1600.0,125.0,Alugada,529.0,2,2,Sim,0
P001155,2025-07-01,55500.0,1531.8,0.0276,53968.2,0.9724,24,Correspondente bancário,2015,10,47,CLT,,22.0,Alugada,589.0,5,1,Não,0
P001156,2025-12-01,34000.0,6925.8,0.2037,27074.2,0.7963,60,Revenda multimarca,2024,1,38,CLT,1917.21,15.0,Própria,531.0,1,1,Não,0
P001157,2025-10-01,22000.0,6498.8,0.2954,15501.2,0.7046,48,Revenda multimarca,2013,12,24,CLT,1600.0,27.0,Familiar,139.0,5,5,Sim,0
P001158,2025-08-01,64800.0,2663.28,0.0411,62136.72,0.9589,48,Concessionária,2023,2,37,Autônomo,7124.93,,Alugada,601.0,2,2,Não,0
P001159,2025-12-01,74200.0,1484.0,0.02,72716.0,0.98,36,Concessionária,2021,4,32,CLT,6938.67,94.0,Familiar,800.0,1,1,Não,0
P001160,2025-08-01,23500.0,10422.25,0.4435,13077.75,0.5565,48,Correspondente bancário,2022,3,53,CLT,3056.01,48.0,Financiada,285.0,5,4,Sim,0
P001161,2025-11-01,22000.0,3291.2,0.1496,18708.8,0.8504,48,Revenda multimarca,2024,1,30,CLT,1831.14,54.0,Própria,474.0,4,2,Não,0
P001162,2025-09-01,23700.0,2777.64,0.1172,20922.36,0.8828,36,Correspondente bancário,2017,8,36,CLT,8123.78,29.0,Familiar,650.0,0,1,Sim,0
P001163,2025-10-01,38000.0,12346.2,0.3249,25653.8,0.6751,36,Digital,2021,4,30,CLT,1600.0,28.0,Própria,147.0,5,3,Sim,0
P001164,2025-10-01,44400.0,3014.76,0.0679,41385.24,0.9321,48,Concessionária,2019,6,42,CLT,3033.41,,Própria,295.0,5,5,Não,0
P001165,2025-09-01,40400.0,4060.2,0.1005,36339.8,0.8995,24,Concessionária,2019,6,32,Servidor público,4458.96,28.0,Financiada,437.0,2,4,Não,0
P001166,2025-10-01,67400.0,20550.26,0.3049,46849.74,0.6951,24,Digital,2015,10,29,CLT,1600.0,8.0,Própria,623.0,1,2,Não,0
P001167,2025-12-01,28700.0,5432.91,0.1893,23267.09,0.8107,36,Revenda multimarca,2022,3,26,CLT,,12.0,Alugada,354.0,2,3,Sim,0
P001168,2025-10-01,28500.0,7284.6,0.2556,21215.4,0.7444,48,Digital,2021,4,36,CLT,4450.07,19.0,Familiar,836.0,0,1,Não,0
P001169,2025-08-01,27400.0,1411.1,0.0515,25988.9,0.9485,60,Concessionária,2025,0,25,Servidor público,7215.62,20.0,Alugada,419.0,5,3,Sim,0
P001170,2025-11-01,29200.0,6640.08,0.2274,22559.92,0.7726,60,Digital,2023,2,47,Autônomo,3582.03,,Própria,751.0,1,3,Sim,0
P001171,2025-12-01,74700.0,24397.02,0.3266,50302.98,0.6734,60,Concessionária,2021,4,45,CLT,3890.55,10.0,Própria,544.0,1,2,Sim,0
P001172,2025-08-01,28000.0,6288.8,0.2246,21711.2,0.7754,48,Correspondente bancário,2021,4,28,Autônomo,1600.0,28.0,Familiar,592.0,1,1,Não,0
P001173,2025-12-01,87000.0,28596.9,0.3287,58403.1,0.6713,60,Concessionária,2022,3,45,Servidor público,14314.89,107.0,Própria,881.0,0,0,Não,0
P001174,2025-07-01,40700.0,13809.51,0.3393,26890.49,0.6607,24,Concessionária,2020,5,35,CLT,4473.32,60.0,Financiada,600.0,2,1,Não,0
P001175,2025-12-01,32200.0,2518.04,0.0782,29681.96,0.9218,36,Revenda multimarca,2013,12,31,CLT,3510.81,75.0,Financiada,465.0,2,1,Não,0
P001176,2025-10-01,70200.0,1923.48,0.0274,68276.52,0.9726,48,Concessionária,2021,4,25,CLT,3785.37,61.0,Alugada,789.0,1,2,Não,0
P001177,2025-12-01,27500.0,1969.0,0.0716,25531.0,0.9284,60,Revenda multimarca,2020,5,37,Autônomo,,,Familiar,586.0,1,2,Não,0
P001178,2025-09-01,91800.0,14238.18,0.1551,77561.82,0.8449,24,Revenda multimarca,2021,4,48,Empresário,10046.55,15.0,Familiar,574.0,0,2,Não,0
P001179,2025-11-01,22000.0,4331.8,0.1969,17668.2,0.8031,36,Digital,2016,9,23,Autônomo,1600.0,56.0,Financiada,507.0,1,0,Não,0
P001180,2025-08-01,24000.0,3960.0,0.165,20040.0,0.835,60,Revenda multimarca,2016,9,36,CLT,1600.0,4.0,Própria,455.0,0,3,Sim,0
P001181,2025-08-01,43900.0,4363.66,0.0994,39536.34,0.9006,24,Correspondente bancário,2025,0,28,CLT,4252.59,59.0,Alugada,531.0,1,2,Não,0
P001182,2025-12-01,99700.0,50797.15,0.5095,48902.85,0.4905,24,Correspondente bancário,2024,1,34,Servidor público,12159.8,146.0,Alugada,639.0,1,4,Não,0
P001183,2025-11-01,30600.0,9590.04,0.3134,21009.96,0.6866,36,Concessionária,2024,1,30,Autônomo,3895.01,,Própria,613.0,1,2,Não,0
P001184,2025-07-01,75900.0,28341.06,0.3734,47558.94,0.6266,36,Correspondente bancário,2019,6,36,Empresário,5897.34,,Familiar,433.0,2,1,Não,0
P001185,2025-10-01,34800.0,6605.04,0.1898,28194.96,0.8102,24,Concessionária,2023,2,31,Autônomo,4494.18,,Familiar,,1,1,Não,0
P001186,2025-10-01,28500.0,9054.45,0.3177,19445.55,0.6823,48,Correspondente bancário,2021,4,26,Autônomo,3277.62,17.0,Familiar,637.0,0,1,Não,0
P001187,2025-12-01,22000.0,1720.4,0.0782,20279.6,0.9218,60,Revenda multimarca,2017,8,22,CLT,1600.0,48.0,Própria,506.0,1,0,Não,0
P001188,2025-09-01,96900.0,44302.68,0.4572,52597.32,0.5428,36,Concessionária,2019,6,33,CLT,,12.0,Alugada,798.0,0,0,Sim,0
P001189,2025-09-01,22000.0,1280.4,0.0582,20719.6,0.9418,48,Concessionária,2024,1,25,Autônomo,2000.17,60.0,Familiar,514.0,2,3,Sim,0
P001190,2025-12-01,42700.0,13698.16,0.3208,29001.84,0.6792,48,Digital,2017,8,50,Autônomo,4275.65,9.0,Familiar,479.0,1,2,Não,0
P001191,2025-12-01,28700.0,7120.47,0.2481,21579.53,0.7519,36,Concessionária,2020,5,31,Autônomo,1661.07,15.0,Própria,626.0,0,1,Não,0
P001192,2025-10-01,41400.0,3953.7,0.0955,37446.3,0.9045,48,Correspondente bancário,2023,2,69,Aposentado,4130.83,,Alugada,469.0,0,4,Não,0
P001193,2025-12-01,22000.0,8164.2,0.3711,13835.8,0.6289,48,Concessionária,2021,4,44,CLT,2957.51,5.0,Alugada,391.0,2,1,Sim,0
P001194,2025-10-01,46300.0,18913.55,0.4085,27386.45,0.5915,24,Digital,2016,9,41,CLT,1811.52,35.0,Financiada,408.0,0,4,Sim,0
P001195,2025-12-01,22000.0,7649.4,0.3477,14350.6,0.6523,24,Concessionária,2013,12,49,Autônomo,4053.4,36.0,Própria,483.0,1,3,Não,0
P001196,2025-07-01,34500.0,2239.05,0.0649,32260.95,0.9351,60,Concessionária,2019,6,63,CLT,3513.96,26.0,Financiada,695.0,2,2,Não,0
P001197,2025-10-01,39000.0,8470.8,0.2172,30529.2,0.7828,60,Digital,2022,3,53,Autônomo,3245.93,20.0,Financiada,635.0,0,3,Não,0
P001198,2025-10-01,28800.0,7024.32,0.2439,21775.68,0.7561,48,Digital,2021,4,26,CLT,,79.0,Própria,522.0,2,1,Não,0
P001199,2025-11-01,22000.0,3183.4,0.1447,18816.6,0.8553,36,Revenda multimarca,2016,9,31,Autônomo,2463.75,9.0,Própria,697.0,0,3,Não,0
P001200,2025-09-01,45500.0,4231.5,0.093,41268.5,0.907,24,Correspondente bancário,2022,3,44,Servidor público,13530.53,101.0,Própria,572.0,0,0,Não,0
P001201,2025-09-01,38800.0,8799.84,0.2268,30000.16,0.7732,48,Correspondente bancário,2021,4,36,Empresário,8881.04,37.0,Alugada,250.0,5,1,Não,0
P001202,2025-12-01,34400.0,19800.64,0.5756,14599.36,0.4244,60,Revenda multimarca,2017,8,42,CLT,3199.48,27.0,Própria,551.0,0,3,Não,0
P001203,2025-09-01,22000.0,8529.4,0.3877,13470.6,0.6123,48,Digital,2025,0,69,Aposentado,2904.9,248.0,Familiar,452.0,2,0,Sim,0
P001204,2025-12-01,80800.0,9049.6,0.112,71750.4,0.888,48,Digital,2022,3,51,Servidor público,13650.39,188.0,Financiada,523.0,0,2,Sim,0
P001205,2025-11-01,57900.0,26610.84,0.4596,31289.16,0.5404,60,Revenda multimarca,2022,3,25,Servidor público,10669.85,,Familiar,686.0,0,1,Não,0
P001206,2025-11-01,22900.0,5163.95,0.2255,17736.05,0.7745,48,Concessionária,2021,4,53,CLT,5354.02,8.0,Alugada,341.0,3,7,Não,0
P001207,2025-10-01,22000.0,2915.0,0.1325,19085.0,0.8675,36,Concessionária,2021,4,54,Autônomo,2882.32,13.0,Própria,533.0,1,3,Não,0
P001208,2025-07-01,24700.0,4858.49,0.1967,19841.51,0.8033,60,Correspondente bancário,2024,1,26,Autônomo,2204.78,22.0,Alugada,386.0,5,0,Sim,0
P001209,2025-08-01,74100.0,34486.14,0.4654,39613.86,0.5346,48,Concessionária,2024,1,35,Autônomo,6054.56,12.0,Própria,880.0,0,1,Não,0
P001210,2025-07-01,52500.0,3160.5,0.0602,49339.5,0.9398,36,Concessionária,2023,2,72,Aposentado,3140.88,46.0,Própria,574.0,4,4,Não,0
P001211,2025-12-01,28600.0,6071.78,0.2123,22528.22,0.7877,36,Concessionária,2021,4,27,CLT,3088.36,108.0,Financiada,831.0,1,3,Sim,0
P001212,2025-07-01,56500.0,5921.2,0.1048,50578.8,0.8952,48,Concessionária,2023,2,44,CLT,7032.86,87.0,Própria,802.0,0,1,Não,0
P001213,2025-08-01,22000.0,5431.8,0.2469,16568.2,0.7531,36,Revenda multimarca,2022,3,41,CLT,4147.51,83.0,Alugada,474.0,1,3,Não,0
P001214,2025-12-01,46500.0,3185.25,0.0685,43314.75,0.9315,60,Concessionária,2022,3,30,Autônomo,,23.0,Financiada,,2,1,Não,0
P001215,2025-09-01,53200.0,8597.12,0.1616,44602.88,0.8384,60,Concessionária,2019,6,35,CLT,12215.44,10.0,Própria,841.0,0,4,Não,0
P001216,2025-11-01,39800.0,17898.06,0.4497,21901.94,0.5503,60,Concessionária,2022,3,38,CLT,3115.83,49.0,Alugada,372.0,2,1,Não,0
P001217,2025-07-01,22000.0,1051.6,0.0478,20948.4,0.9522,48,Concessionária,2023,2,29,Autônomo,1857.65,,Própria,626.0,2,1,Sim,0
P001218,2025-08-01,31200.0,7562.88,0.2424,23637.12,0.7576,60,Revenda multimarca,2013,12,33,CLT,1600.0,17.0,Alugada,376.0,5,5,Não,0
P001219,2025-09-01,32400.0,8712.36,0.2689,23687.64,0.7311,24,Concessionária,2020,5,48,CLT,2732.52,,Própria,781.0,0,2,Não,0
P001220,2025-09-01,46100.0,8261.12,0.1792,37838.88,0.8208,60,Concessionária,2023,2,32,CLT,2639.39,,Própria,,0,2,Não,0
P001221,2025-11-01,22000.0,2679.6,0.1218,19320.4,0.8782,36,Revenda multimarca,2017,8,35,CLT,1681.85,53.0,Familiar,441.0,2,4,Não,0
P001222,2025-11-01,33400.0,11349.32,0.3398,22050.68,0.6602,48,Revenda multimarca,2017,8,46,Servidor público,,20.0,Própria,400.0,1,2,Sim,0
P001223,2025-08-01,53500.0,2621.5,0.049,50878.5,0.951,36,Revenda multimarca,2020,5,43,Autônomo,2758.98,48.0,Própria,535.0,4,2,Sim,0
P001224,2025-11-01,22000.0,8421.6,0.3828,13578.4,0.6172,48,Concessionária,2017,8,25,CLT,3233.31,80.0,Financiada,222.0,5,5,Sim,0
P001225,2025-08-01,30400.0,8606.24,0.2831,21793.76,0.7169,48,Revenda multimarca,2024,1,42,Empresário,6664.48,,Alugada,603.0,1,3,Não,0
P001226,2025-12-01,39700.0,794.0,0.02,38906.0,0.98,24,Digital,2022,3,42,Servidor público,5895.86,171.0,Própria,719.0,0,1,Sim,0
P001227,2025-12-01,24500.0,5576.2,0.2276,18923.8,0.7724,36,Revenda multimarca,2020,5,28,CLT,1789.49,15.0,Alugada,538.0,0,2,Sim,0
P001228,2025-10-01,78700.0,9019.02,0.1146,69680.98,0.8854,36,Revenda multimarca,2024,1,33,Autônomo,4469.48,,Familiar,653.0,0,3,Não,0
P001229,2025-07-01,22000.0,6795.8,0.3089,15204.2,0.6911,24,Digital,2025,0,41,CLT,1600.0,82.0,Financiada,563.0,3,1,Não,0
P001230,2025-12-01,63900.0,1278.0,0.02,62622.0,0.98,24,Digital,2023,2,35,Empresário,6648.89,29.0,Familiar,331.0,2,3,Não,0
P001231,2025-12-01,37500.0,8208.75,0.2189,29291.25,0.7811,48,Concessionária,2021,4,38,CLT,8415.9,10.0,Própria,792.0,1,0,Não,0
P001232,2025-07-01,31900.0,9940.04,0.3116,21959.96,0.6884,60,Digital,2018,7,54,CLT,3334.04,154.0,Própria,497.0,2,2,Sim,0
P001233,2025-07-01,35800.0,10074.12,0.2814,25725.88,0.7186,36,Revenda multimarca,2022,3,38,CLT,4042.56,37.0,Alugada,512.0,1,0,Não,0
P001234,2025-12-01,80200.0,11316.22,0.1411,68883.78,0.8589,24,Concessionária,2022,3,44,Servidor público,19181.34,32.0,Própria,527.0,2,4,Sim,0
P001235,2025-10-01,24600.0,4878.18,0.1983,19721.82,0.8017,36,Correspondente bancário,2020,5,35,CLT,1977.58,53.0,Própria,462.0,5,1,Não,0
P001236,2025-09-01,22000.0,6866.2,0.3121,15133.8,0.6879,36,Concessionária,2022,3,41,Autônomo,2277.66,,Própria,661.0,1,2,Não,0
P001237,2025-12-01,62600.0,4995.48,0.0798,57604.52,0.9202,60,Revenda multimarca,2024,1,45,Empresário,10807.66,26.0,Alugada,622.0,0,2,Sim,0
P001238,2025-09-01,28100.0,4844.44,0.1724,23255.56,0.8276,60,Digital,2020,5,33,Autônomo,2659.0,24.0,Própria,341.0,3,3,Não,0
P001239,2025-09-01,40900.0,6670.79,0.1631,34229.21,0.8369,24,Digital,2019,6,54,CLT,11142.21,,Alugada,623.0,0,1,Não,0
P001240,2025-10-01,41000.0,9077.4,0.2214,31922.6,0.7786,48,Correspondente bancário,2022,3,34,CLT,2984.69,76.0,Própria,,2,2,Não,0
P001241,2025-10-01,47300.0,19364.62,0.4094,27935.38,0.5906,48,Revenda multimarca,2023,2,40,CLT,5511.63,11.0,Familiar,562.0,0,1,Não,0
P001242,2025-08-01,26100.0,8443.35,0.3235,17656.65,0.6765,60,Correspondente bancário,2023,2,65,Aposentado,2346.79,216.0,Alugada,491.0,2,4,Não,0
P001243,2025-10-01,29200.0,6940.84,0.2377,22259.16,0.7623,48,Correspondente bancário,2023,2,48,Autônomo,3077.01,69.0,Própria,383.0,1,2,Sim,0
P001244,2025-08-01,55700.0,21567.04,0.3872,34132.96,0.6128,36,Digital,2022,3,34,CLT,3980.96,25.0,Alugada,648.0,2,0,Não,0
P001245,2025-12-01,54100.0,4863.59,0.0899,49236.41,0.9101,48,Revenda multimarca,2023,2,49,CLT,13494.56,53.0,Própria,345.0,2,2,Sim,0
P001246,2025-08-01,39700.0,7527.12,0.1896,32172.88,0.8104,24,Concessionária,2015,10,25,Autônomo,1600.0,18.0,Familiar,244.0,5,5,Sim,0
P001247,2025-08-01,48100.0,18152.94,0.3774,29947.06,0.6226,48,Concessionária,2022,3,34,CLT,7992.27,,Alugada,630.0,2,1,Sim,0
P001248,2025-07-01,40600.0,10117.52,0.2492,30482.48,0.7508,24,Revenda multimarca,2013,12,24,CLT,3775.7,27.0,Alugada,437.0,1,1,Não,0
P001249,2025-09-01,33300.0,5314.68,0.1596,27985.32,0.8404,36,Digital,2017,8,38,CLT,4212.58,45.0,Familiar,583.0,1,4,Não,0
P001250,2025-10-01,64600.0,35781.94,0.5539,28818.06,0.4461,60,Revenda multimarca,2024,1,30,Empresário,10047.92,36.0,Própria,638.0,1,0,Não,0
P001251,2025-11-01,61700.0,21169.27,0.3431,40530.73,0.6569,48,Revenda multimarca,2024,1,50,Autônomo,10041.11,,Alugada,787.0,0,2,Não,0
P001252,2025-07-01,88900.0,17273.27,0.1943,71626.73,0.8057,60,Revenda multimarca,2024,1,53,CLT,18717.7,16.0,Própria,640.0,0,1,Não,0
P001253,2025-10-01,39100.0,918.85,0.0235,38181.15,0.9765,60,Concessionária,2022,3,45,CLT,10111.42,111.0,Financiada,335.0,2,0,Não,0
P001254,2025-08-01,43400.0,16270.66,0.3749,27129.34,0.6251,36,Concessionária,2019,6,26,Autônomo,2833.52,8.0,Própria,473.0,1,3,Não,0
P001255,2025-10-01,32100.0,9556.17,0.2977,22543.83,0.7023,24,Concessionária,2022,3,36,Autônomo,5858.18,40.0,Financiada,470.0,1,4,Não,0
P001256,2025-09-01,86200.0,38514.16,0.4468,47685.84,0.5532,36,Revenda multimarca,2023,2,30,Empresário,13496.07,55.0,Própria,753.0,1,1,Não,0
P001257,2025-10-01,65700.0,4881.51,0.0743,60818.49,0.9257,60,Correspondente bancário,2022,3,54,Autônomo,9621.24,,Financiada,877.0,0,3,Não,0
P001258,2025-10-01,47700.0,6014.97,0.1261,41685.03,0.8739,60,Correspondente bancário,2021,4,66,CLT,5940.74,224.0,Familiar,397.0,4,3,Não,0
P001259,2025-12-01,23200.0,1726.08,0.0744,21473.92,0.9256,24,Concessionária,2020,5,45,Autônomo,2435.5,18.0,Própria,383.0,3,2,Sim,0
P001260,2025-12-01,103400.0,13772.88,0.1332,89627.12,0.8668,24,Revenda multimarca,2018,7,62,Empresário,14642.15,,Financiada,801.0,0,2,Não,0
P001261,2025-08-01,44500.0,11254.05,0.2529,33245.95,0.7471,24,Concessionária,2016,9,26,Servidor público,3624.83,80.0,Alugada,839.0,0,2,Não,0
P001262,2025-09-01,29500.0,1159.35,0.0393,28340.65,0.9607,24,Correspondente bancário,2021,4,41,CLT,4603.33,7.0,Própria,561.0,1,1,Não,0
P001263,2025-09-01,22000.0,1141.8,0.0519,20858.2,0.9481,24,Concessionária,2024,1,36,CLT,4734.14,89.0,Familiar,612.0,1,1,Não,0
P001264,2025-09-01,64600.0,7655.1,0.1185,56944.9,0.8815,60,Concessionária,2025,0,50,Empresário,17304.16,48.0,Própria,779.0,1,7,Sim,0
P001265,2025-07-01,40200.0,2375.82,0.0591,37824.18,0.9409,48,Revenda multimarca,2024,1,36,CLT,3108.02,93.0,Própria,431.0,4,3,Não,0
P001266,2025-08-01,35100.0,9856.08,0.2808,25243.92,0.7192,36,Correspondente bancário,2016,9,55,Autônomo,,30.0,Alugada,506.0,2,1,Não,0
P001267,2025-07-01,46800.0,11517.48,0.2461,35282.52,0.7539,60,Concessionária,2025,0,38,Autônomo,3660.87,93.0,Alugada,490.0,2,4,Não,0
P001268,2025-10-01,22000.0,1887.6,0.0858,20112.4,0.9142,60,Revenda multimarca,2015,10,35,CLT,1706.12,28.0,Alugada,363.0,2,1,Não,0
P001269,2025-12-01,44000.0,4034.8,0.0917,39965.2,0.9083,24,Digital,2021,4,60,CLT,4416.42,20.0,Alugada,661.0,0,0,Sim,0
P001270,2025-11-01,22000.0,4175.6,0.1898,17824.4,0.8102,48,Digital,2017,8,27,CLT,,57.0,Alugada,478.0,1,3,Não,0
P001271,2025-12-01,55500.0,23759.55,0.4281,31740.45,0.5719,24,Concessionária,2023,2,27,CLT,8322.2,4.0,Financiada,886.0,0,0,Não,0
P001272,2025-11-01,22000.0,10010.0,0.455,11990.0,0.545,60,Concessionária,2020,5,49,CLT,2056.19,86.0,Própria,476.0,4,2,Não,0
P001273,2025-09-01,74700.0,10032.21,0.1343,64667.79,0.8657,36,Revenda multimarca,2021,4,53,Autônomo,9304.77,73.0,Alugada,542.0,1,2,Não,0
P001274,2025-07-01,30100.0,2341.78,0.0778,27758.22,0.9222,36,Concessionária,2024,1,28,CLT,2732.38,,Alugada,351.0,5,0,Sim,0
P001275,2025-11-01,50100.0,26537.97,0.5297,23562.03,0.4703,36,Concessionária,2023,2,40,CLT,8002.78,21.0,Financiada,488.0,1,2,Não,0
P001276,2025-11-01,23200.0,4169.04,0.1797,19030.96,0.8203,36,Concessionária,2020,5,26,Servidor público,3373.05,,Própria,662.0,0,3,Não,0
P001277,2025-12-01,33400.0,4164.98,0.1247,29235.02,0.8753,24,Concessionária,2024,1,36,Autônomo,2384.51,8.0,Familiar,794.0,1,3,Não,0
P001278,2025-07-01,69600.0,7287.12,0.1047,62312.88,0.8953,36,Concessionária,2023,2,34,Autônomo,5569.54,8.0,Alugada,572.0,2,2,Não,0
P001279,2025-11-01,63600.0,13775.76,0.2166,49824.24,0.7834,60,Concessionária,2018,7,48,Empresário,8729.29,,Financiada,424.0,1,2,Não,0
P001280,2025-10-01,35900.0,5772.72,0.1608,30127.28,0.8392,36,Correspondente bancário,2025,0,36,Empresário,6929.05,6.0,Alugada,395.0,5,3,Não,0
P001281,2025-09-01,39700.0,16999.54,0.4282,22700.46,0.5718,48,Revenda multimarca,2024,1,25,Servidor público,13278.57,17.0,Alugada,465.0,3,4,Sim,0
P001282,2025-11-01,42300.0,4703.76,0.1112,37596.24,0.8888,24,Concessionária,2024,1,41,CLT,13740.65,43.0,Alugada,911.0,0,1,Não,0
P001283,2025-09-01,24600.0,17308.56,0.7036,7291.44,0.2964,60,Correspondente bancário,2023,2,44,Servidor público,4482.78,45.0,Alugada,640.0,3,4,Não,0
P001284,2025-10-01,40900.0,2089.99,0.0511,38810.01,0.9489,36,Digital,2024,1,43,CLT,2516.45,101.0,Alugada,322.0,4,3,Não,0
P001285,2025-11-01,31300.0,4256.8,0.136,27043.2,0.864,36,Revenda multimarca,2019,6,46,Servidor público,9641.21,48.0,Alugada,720.0,0,4,Não,0
P001286,2025-07-01,22000.0,7044.4,0.3202,14955.6,0.6798,24,Digital,2021,4,41,CLT,,10.0,Alugada,696.0,1,0,Não,0
P001287,2025-11-01,39600.0,1679.04,0.0424,37920.96,0.9576,48,Revenda multimarca,2020,5,33,CLT,2259.57,82.0,Própria,524.0,1,7,Sim,0
P001288,2025-09-01,30300.0,4581.36,0.1512,25718.64,0.8488,60,Concessionária,2021,4,28,CLT,1600.0,120.0,Financiada,461.0,1,1,Não,0
P001289,2025-10-01,23800.0,1970.64,0.0828,21829.36,0.9172,60,Concessionária,2022,3,42,CLT,3085.82,57.0,Alugada,351.0,5,3,Sim,0
P001290,2025-09-01,30400.0,3638.88,0.1197,26761.12,0.8803,36,Digital,2017,8,22,Autônomo,1729.44,48.0,Própria,613.0,1,1,Sim,0
P001291,2025-07-01,41900.0,10035.05,0.2395,31864.95,0.7605,24,Concessionária,2017,8,58,Autônomo,,22.0,Própria,734.0,3,3,Não,0
P001292,2025-09-01,26800.0,2953.36,0.1102,23846.64,0.8898,60,Concessionária,2022,3,34,CLT,1600.0,121.0,Própria,92.0,5,6,Sim,0
P001293,2025-11-01,37000.0,2837.9,0.0767,34162.1,0.9233,36,Revenda multimarca,2017,8,26,Autônomo,2354.43,20.0,Familiar,513.0,3,0,Sim,0
P001294,2025-12-01,25300.0,4751.34,0.1878,20548.66,0.8122,48,Concessionária,2016,9,27,CLT,1600.0,76.0,Alugada,489.0,1,0,Não,0
P001295,2025-08-01,32100.0,3341.61,0.1041,28758.39,0.8959,36,Revenda multimarca,2020,5,32,CLT,1906.94,16.0,Alugada,380.0,4,0,Sim,0
P001296,2025-09-01,51400.0,22770.2,0.443,28629.8,0.557,24,Concessionária,2023,2,75,CLT,,78.0,Financiada,677.0,0,1,Não,0
P001297,2025-08-01,33400.0,5203.72,0.1558,28196.28,0.8442,60,Revenda multimarca,2024,1,57,Autônomo,2012.11,55.0,Alugada,196.0,5,2,Não,0
P001298,2025-12-01,112200.0,29351.52,0.2616,82848.48,0.7384,48,Revenda multimarca,2024,1,39,Autônomo,17715.94,59.0,Alugada,612.0,0,2,Não,0
P001299,2025-11-01,46200.0,15477.0,0.335,30723.0,0.665,24,Concessionária,2022,3,34,Autônomo,2992.39,7.0,Alugada,753.0,1,1,Não,0
P001300,2025-08-01,25600.0,1781.76,0.0696,23818.24,0.9304,48,Correspondente bancário,2015,10,39,CLT,1600.0,28.0,Alugada,148.0,5,5,Sim,0
P001301,2025-07-01,22000.0,2281.4,0.1037,19718.6,0.8963,36,Concessionária,2022,3,41,Autônomo,4747.45,12.0,Financiada,420.0,4,2,Sim,0
P001302,2025-12-01,39500.0,2630.7,0.0666,36869.3,0.9334,36,Revenda multimarca,2021,4,42,Empresário,5812.02,83.0,Financiada,260.0,5,5,Sim,0
P001303,2025-11-01,74000.0,25241.4,0.3411,48758.6,0.6589,24,Correspondente bancário,2022,3,75,Aposentado,17387.48,5.0,Familiar,733.0,0,1,Não,0
P001304,2025-09-01,72500.0,11585.5,0.1598,60914.5,0.8402,36,Concessionária,2023,2,50,Empresário,7901.71,,Familiar,479.0,1,1,Não,0
P001305,2025-08-01,22000.0,1370.6,0.0623,20629.4,0.9377,48,Digital,2021,4,51,Servidor público,3190.66,143.0,Alugada,447.0,4,2,Não,0
P001306,2025-10-01,51900.0,6715.86,0.1294,45184.14,0.8706,36,Digital,2024,1,33,Empresário,,77.0,Alugada,403.0,1,1,Não,0
P001307,2025-12-01,54700.0,25676.18,0.4694,29023.82,0.5306,36,Correspondente bancário,2018,7,66,Aposentado,5878.85,154.0,Financiada,695.0,1,4,Não,0
P001308,2025-12-01,42500.0,9065.25,0.2133,33434.75,0.7867,36,Concessionária,2022,3,37,CLT,7575.59,35.0,Alugada,569.0,2,1,Não,0
P001309,2025-09-01,22000.0,3060.2,0.1391,18939.8,0.8609,24,Concessionária,2018,7,40,CLT,3388.72,17.0,Própria,318.0,5,5,Sim,0
P001310,2025-10-01,22500.0,2821.5,0.1254,19678.5,0.8746,48,Concessionária,2016,9,38,Autônomo,1740.84,45.0,Familiar,506.0,5,1,Não,0
P001311,2025-07-01,50000.0,15560.0,0.3112,34440.0,0.6888,60,Concessionária,2022,3,24,CLT,,,Própria,467.0,0,3,Não,0
P001312,2025-08-01,30300.0,14440.98,0.4766,15859.02,0.5234,48,Correspondente bancário,2024,1,25,Autônomo,2704.31,17.0,Própria,692.0,1,4,Não,0
P001313,2025-12-01,37700.0,5775.64,0.1532,31924.36,0.8468,36,Digital,2024,1,54,Autônomo,3462.12,24.0,Financiada,563.0,0,2,Não,0
P001314,2025-11-01,54300.0,2497.8,0.046,51802.2,0.954,60,Concessionária,2024,1,40,Empresário,7308.76,85.0,Alugada,687.0,0,0,Não,0
P001315,2025-08-01,26200.0,2703.84,0.1032,23496.16,0.8968,60,Concessionária,2023,2,36,CLT,2656.28,59.0,Financiada,484.0,3,1,Sim,0
P001316,2025-08-01,42500.0,21428.5,0.5042,21071.5,0.4958,60,Concessionária,2023,2,52,Autônomo,5494.18,26.0,Alugada,734.0,1,1,Não,0
P001317,2025-10-01,22000.0,2090.0,0.095,19910.0,0.905,48,Concessionária,2014,11,31,CLT,3763.75,18.0,Alugada,284.0,5,3,Não,0
P001318,2025-10-01,39200.0,11481.68,0.2929,27718.32,0.7071,48,Revenda multimarca,2023,2,54,Aposentado,2772.0,172.0,Alugada,474.0,3,1,Não,0
P001319,2025-10-01,54800.0,7480.2,0.1365,47319.8,0.8635,48,Revenda multimarca,2021,4,48,CLT,,5.0,Familiar,,1,2,Não,0
P001320,2025-08-01,45500.0,8344.7,0.1834,37155.3,0.8166,24,Revenda multimarca,2022,3,38,Autônomo,3897.2,35.0,Alugada,613.0,2,0,Não,0
P001321,2025-10-01,58700.0,8118.21,0.1383,50581.79,0.8617,36,Revenda multimarca,2022,3,30,Empresário,,,Alugada,482.0,1,5,Não,0
P001322,2025-08-01,26100.0,6342.3,0.243,19757.7,0.757,48,Digital,2020,5,37,CLT,1720.32,44.0,Alugada,509.0,2,2,Não,0
P001323,2025-12-01,47500.0,23531.5,0.4954,23968.5,0.5046,36,Digital,2022,3,30,CLT,3600.78,50.0,Própria,872.0,0,0,Não,0
P001324,2025-08-01,52800.0,9382.56,0.1777,43417.44,0.8223,60,Concessionária,2021,4,52,CLT,5453.31,20.0,Alugada,611.0,0,1,Não,0
P001325,2025-11-01,36800.0,5026.88,0.1366,31773.12,0.8634,48,Revenda multimarca,2023,2,32,CLT,1600.0,90.0,Familiar,349.0,5,1,Sim,0
P001326,2025-08-01,37200.0,9043.32,0.2431,28156.68,0.7569,60,Digital,2015,10,31,Empresário,6745.53,16.0,Própria,675.0,0,0,Não,0
P001327,2025-09-01,37100.0,3242.54,0.0874,33857.46,0.9126,48,Concessionária,2022,3,27,CLT,3950.43,27.0,Familiar,708.0,0,0,Não,0
P001328,2025-07-01,38900.0,2898.05,0.0745,36001.95,0.9255,36,Concessionária,2019,6,36,CLT,1868.04,,Própria,702.0,1,3,Não,0
P001329,2025-07-01,80400.0,16433.76,0.2044,63966.24,0.7956,60,Concessionária,2023,2,35,Servidor público,11651.25,62.0,Familiar,726.0,1,3,Não,0
P001330,2025-10-01,22000.0,6014.8,0.2734,15985.2,0.7266,24,Digital,2014,11,44,Autônomo,3891.32,,Própria,458.0,3,0,Não,0
P001331,2025-12-01,56500.0,20938.9,0.3706,35561.1,0.6294,60,Concessionária,2024,1,55,Aposentado,4763.48,144.0,Própria,578.0,2,3,Não,0
P001332,2025-07-01,40600.0,7133.42,0.1757,33466.58,0.8243,48,Correspondente bancário,2022,3,45,Empresário,15680.35,20.0,Alugada,629.0,0,2,Sim,0
P001333,2025-07-01,22000.0,6617.6,0.3008,15382.4,0.6992,60,Correspondente bancário,2021,4,47,CLT,2287.77,6.0,Financiada,165.0,5,6,Sim,0
P001334,2025-10-01,22000.0,8749.4,0.3977,13250.6,0.6023,60,Revenda multimarca,2022,3,32,CLT,4587.3,15.0,Financiada,596.0,0,0,Não,0
P001335,2025-12-01,59100.0,2050.77,0.0347,57049.23,0.9653,36,Revenda multimarca,2022,3,53,Aposentado,9679.32,153.0,Própria,530.0,0,1,Não,0
P001336,2025-12-01,26400.0,15169.44,0.5746,11230.56,0.4254,48,Concessionária,2018,7,42,CLT,2411.69,,Financiada,357.0,5,1,Não,0
P001337,2025-10-01,68900.0,27360.19,0.3971,41539.81,0.6029,60,Concessionária,2019,6,35,CLT,6244.95,5.0,Alugada,599.0,1,1,Não,0
P001338,2025-07-01,53000.0,20818.4,0.3928,32181.6,0.6072,48,Correspondente bancário,2024,1,29,CLT,9388.53,18.0,Financiada,568.0,1,0,Não,0
P001339,2025-09-01,47300.0,6830.12,0.1444,40469.88,0.8556,24,Correspondente bancário,2019,6,49,CLT,3277.33,,Própria,560.0,1,1,Não,0
P001340,2025-12-01,22000.0,1190.2,0.0541,20809.8,0.9459,60,Revenda multimarca,2018,7,52,Servidor público,2061.2,11.0,Financiada,345.0,5,4,Sim,0
P001341,2025-12-01,67800.0,19743.36,0.2912,48056.64,0.7088,36,Concessionária,2018,7,72,Aposentado,4140.42,279.0,Alugada,504.0,5,4,Não,0
P001342,2025-08-01,36600.0,849.12,0.0232,35750.88,0.9768,36,Concessionária,2018,7,55,CLT,,24.0,Alugada,433.0,4,3,Sim,0
P001343,2025-12-01,53100.0,20661.21,0.3891,32438.79,0.6109,36,Digital,2025,0,34,CLT,16733.79,31.0,Própria,706.0,0,1,Não,0
P001344,2025-09-01,32800.0,4309.92,0.1314,28490.08,0.8686,36,Concessionária,2022,3,47,Servidor público,3874.04,300.0,Familiar,510.0,2,2,Sim,0
P001345,2025-10-01,56300.0,7803.18,0.1386,48496.82,0.8614,60,Concessionária,2024,1,37,CLT,5813.47,118.0,Familiar,588.0,1,3,Sim,0
P001346,2025-07-01,45600.0,18613.92,0.4082,26986.08,0.5918,24,Revenda multimarca,2022,3,30,CLT,3400.1,21.0,Própria,867.0,0,1,Não,0
P001347,2025-08-01,22000.0,7574.6,0.3443,14425.4,0.6557,36,Correspondente bancário,2021,4,33,CLT,2148.96,89.0,Financiada,264.0,5,3,Não,0
P001348,2025-09-01,44100.0,8087.94,0.1834,36012.06,0.8166,36,Concessionária,2025,0,33,CLT,3052.04,63.0,Alugada,352.0,3,2,Sim,0
P001349,2025-11-01,127900.0,25784.64,0.2016,102115.36,0.7984,36,Concessionária,2022,3,64,Empresário,40723.08,,Própria,756.0,1,2,Não,0
P001350,2025-10-01,41900.0,4068.49,0.0971,37831.51,0.9029,24,Digital,2024,1,37,Autônomo,2278.44,14.0,Própria,685.0,0,0,Não,0
P001351,2025-09-01,83100.0,16786.2,0.202,66313.8,0.798,48,Revenda multimarca,2023,2,30,CLT,6651.25,,Familiar,604.0,0,2,Não,0
P001352,2025-11-01,37600.0,6809.36,0.1811,30790.64,0.8189,24,Correspondente bancário,2022,3,75,Aposentado,4104.8,30.0,Própria,540.0,0,2,Não,0
P001353,2025-07-01,34200.0,11467.26,0.3353,22732.74,0.6647,60,Concessionária,2023,2,40,CLT,4254.82,34.0,Financiada,549.0,0,0,Não,0
P001354,2025-08-01,28600.0,8396.96,0.2936,20203.04,0.7064,36,Concessionária,2024,1,28,Autônomo,1600.0,120.0,Familiar,708.0,1,3,Não,0
P001355,2025-12-01,23400.0,1874.34,0.0801,21525.66,0.9199,48,Concessionária,2021,4,33,CLT,3318.74,18.0,Própria,,5,2,Sim,0
P001356,2025-07-01,87200.0,1744.0,0.02,85456.0,0.98,60,Concessionária,2013,12,23,Servidor público,13382.5,,Própria,384.0,3,1,Sim,0
P001357,2025-10-01,104800.0,35233.76,0.3362,69566.24,0.6638,24,Digital,2019,6,60,Autônomo,5055.78,58.0,Própria,251.0,5,5,Sim,0
P001358,2025-09-01,22000.0,3539.8,0.1609,18460.2,0.8391,48,Correspondente bancário,2016,9,29,Autônomo,1733.3,19.0,Financiada,321.0,5,1,Sim,0
P001359,2025-12-01,32900.0,12400.01,0.3769,20499.99,0.6231,36,Correspondente bancário,2015,10,29,Autônomo,2264.3,34.0,Familiar,359.0,2,1,Não,0
P001360,2025-07-01,27700.0,5556.62,0.2006,22143.38,0.7994,60,Digital,2023,2,65,Aposentado,4591.36,105.0,Própria,391.0,5,2,Não,0
P001361,2025-09-01,22000.0,6076.4,0.2762,15923.6,0.7238,24,Concessionária,2023,2,29,Autônomo,2371.48,,Familiar,523.0,1,0,Não,0
P001362,2025-10-01,48800.0,1058.96,0.0217,47741.04,0.9783,60,Concessionária,2024,1,51,CLT,3555.28,37.0,Alugada,500.0,2,1,Não,0
P001363,2025-10-01,68900.0,19016.4,0.276,49883.6,0.724,48,Concessionária,2015,10,75,Aposentado,11554.02,227.0,Financiada,723.0,1,0,Não,0
P001364,2025-11-01,80700.0,30012.33,0.3719,50687.67,0.6281,36,Revenda multimarca,2021,4,49,CLT,4813.08,24.0,Familiar,713.0,0,1,Não,0
P001365,2025-12-01,41700.0,20420.49,0.4897,21279.51,0.5103,48,Concessionária,2013,12,28,CLT,1961.73,,Própria,713.0,0,2,Não,0
P001366,2025-12-01,46300.0,7519.12,0.1624,38780.88,0.8376,60,Digital,2024,1,41,Autônomo,11621.89,26.0,Própria,747.0,1,2,Não,0
P001367,2025-12-01,48100.0,9908.6,0.206,38191.4,0.794,48,Concessionária,2019,6,46,CLT,7975.46,31.0,Familiar,558.0,0,4,Não,0
P001368,2025-09-01,22000.0,2180.2,0.0991,19819.8,0.9009,48,Correspondente bancário,2024,1,40,CLT,3513.4,99.0,Financiada,561.0,2,3,Não,0
P001369,2025-09-01,50500.0,7342.7,0.1454,43157.3,0.8546,60,Digital,2019,6,26,Autônomo,4622.21,32.0,Alugada,348.0,5,1,Não,0
P001370,2025-09-01,48700.0,5634.59,0.1157,43065.41,0.8843,60,Concessionária,2022,3,31,Autônomo,1768.24,28.0,Alugada,281.0,5,5,Sim,0
P001371,2025-08-01,50800.0,16804.64,0.3308,33995.36,0.6692,48,Concessionária,2015,10,75,Aposentado,7160.66,175.0,Alugada,434.0,2,1,Não,0
P001372,2025-08-01,23100.0,4689.3,0.203,18410.7,0.797,36,Revenda multimarca,2019,6,50,CLT,3794.11,34.0,Financiada,446.0,2,3,Não,0
P001373,2025-09-01,58000.0,8676.8,0.1496,49323.2,0.8504,24,Revenda multimarca,2018,7,31,Autônomo,4021.65,42.0,Financiada,522.0,4,2,Sim,0
P001374,2025-07-01,31400.0,628.0,0.02,30772.0,0.98,48,Concessionária,2020,5,39,CLT,2477.46,52.0,Financiada,410.0,3,1,Não,0
P001375,2025-07-01,52000.0,6396.0,0.123,45604.0,0.877,60,Concessionária,2018,7,41,CLT,2810.75,29.0,Alugada,733.0,1,3,Não,0
P001376,2025-07-01,42600.0,10317.72,0.2422,32282.28,0.7578,36,Concessionária,2023,2,67,Aposentado,1818.3,4.0,Financiada,542.0,2,3,Não,0
P001377,2025-08-01,31500.0,14653.8,0.4652,16846.2,0.5348,48,Concessionária,2019,6,34,CLT,,86.0,Familiar,766.0,0,1,Sim,0
P001378,2025-12-01,178300.0,9931.31,0.0557,168368.69,0.9443,36,Concessionária,2022,3,26,Empresário,17176.33,2.0,Alugada,605.0,0,0,Sim,0
P001379,2025-12-01,23200.0,2554.32,0.1101,20645.68,0.8899,24,Correspondente bancário,2017,8,41,CLT,3358.52,114.0,Alugada,484.0,1,4,Não,0
P001380,2025-11-01,40300.0,7439.38,0.1846,32860.62,0.8154,60,Digital,2022,3,41,Autônomo,3704.54,22.0,Alugada,653.0,0,2,Não,0
P001381,2025-11-01,22000.0,5233.8,0.2379,16766.2,0.7621,48,Concessionária,2021,4,46,CLT,6418.85,24.0,Própria,614.0,0,0,Sim,0
P001382,2025-08-01,48400.0,3678.4,0.076,44721.6,0.924,36,Revenda multimarca,2021,4,32,Servidor público,3969.18,168.0,Financiada,478.0,2,2,Sim,0
P001383,2025-11-01,22000.0,12144.0,0.552,9856.0,0.448,48,Revenda multimarca,2023,2,36,Servidor público,4155.07,55.0,Financiada,320.0,3,0,Não,0
P001384,2025-10-01,37900.0,3232.87,0.0853,34667.13,0.9147,60,Correspondente bancário,2013,12,68,Autônomo,3747.01,21.0,Alugada,460.0,3,1,Sim,0
P001385,2025-08-01,25800.0,2151.72,0.0834,23648.28,0.9166,60,Digital,2016,9,33,CLT,1702.74,15.0,Própria,447.0,0,0,Não,0
P001386,2025-12-01,39500.0,11462.9,0.2902,28037.1,0.7098,36,Concessionária,2022,3,35,Servidor público,3807.9,134.0,Própria,588.0,0,0,Não,0
P001387,2025-10-01,30300.0,606.0,0.02,29694.0,0.98,48,Correspondente bancário,2022,3,38,CLT,3817.11,28.0,Própria,471.0,4,6,Não,0
P001388,2025-07-01,112400.0,7407.16,0.0659,104992.84,0.9341,36,Concessionária,2021,4,67,Aposentado,17319.98,86.0,Própria,576.0,1,3,Não,0
P001389,2025-11-01,42300.0,4779.9,0.113,37520.1,0.887,24,Revenda multimarca,2020,5,28,CLT,3344.54,41.0,Própria,413.0,2,5,Não,0
P001390,2025-12-01,72300.0,30496.14,0.4218,41803.86,0.5782,48,Correspondente bancário,2023,2,25,Empresário,19935.92,,Financiada,863.0,0,1,Não,0
P001391,2025-09-01,22000.0,10474.2,0.4761,11525.8,0.5239,36,Digital,2025,0,53,Autônomo,2771.76,24.0,Familiar,487.0,3,1,Não,0
P001392,2025-10-01,22000.0,10199.2,0.4636,11800.8,0.5364,36,Revenda multimarca,2020,5,67,Aposentado,2838.6,67.0,Própria,475.0,5,0,Não,0
P001393,2025-07-01,37500.0,5392.5,0.1438,32107.5,0.8562,36,Concessionária,2024,1,23,Autônomo,3102.08,35.0,Familiar,473.0,2,1,Não,0
P001394,2025-11-01,22000.0,5460.4,0.2482,16539.6,0.7518,24,Concessionária,2018,7,27,CLT,1600.0,,Alugada,719.0,0,3,Sim,0
P001395,2025-07-01,93200.0,42471.24,0.4557,50728.76,0.5443,60,Revenda multimarca,2021,4,34,Empresário,13598.25,37.0,Financiada,928.0,0,0,Não,0
P001396,2025-09-01,51200.0,17372.16,0.3393,33827.84,0.6607,24,Revenda multimarca,2022,3,30,Servidor público,2581.1,129.0,Financiada,528.0,5,2,Não,0
P001397,2025-07-01,91300.0,19264.3,0.211,72035.7,0.789,24,Concessionária,2023,2,47,Servidor público,10905.02,4.0,Familiar,691.0,0,0,Não,0
P001398,2025-08-01,29400.0,7876.26,0.2679,21523.74,0.7321,60,Concessionária,2024,1,33,Servidor público,4339.54,,Familiar,401.0,3,3,Sim,0
P001399,2025-11-01,59200.0,24218.72,0.4091,34981.28,0.5909,48,Revenda multimarca,2016,9,39,CLT,10118.5,49.0,Alugada,388.0,3,3,Não,0
P001400,2025-11-01,33000.0,5969.7,0.1809,27030.3,0.8191,60,Concessionária,2024,1,46,Empresário,4190.37,51.0,Financiada,470.0,1,4,Não,0
P001401,2025-07-01,52700.0,6418.86,0.1218,46281.14,0.8782,48,Concessionária,2017,8,31,Autônomo,6801.27,116.0,Familiar,727.0,0,3,Não,0
P001402,2025-11-01,51900.0,20957.22,0.4038,30942.78,0.5962,36,Concessionária,2023,2,43,Autônomo,2809.27,80.0,Familiar,,0,0,Não,0
P001403,2025-12-01,57100.0,8456.51,0.1481,48643.49,0.8519,24,Revenda multimarca,2022,3,49,CLT,4496.71,123.0,Familiar,614.0,3,2,Não,0
P001404,2025-07-01,33400.0,6142.26,0.1839,27257.74,0.8161,60,Digital,2020,5,34,CLT,6441.36,54.0,Própria,561.0,0,2,Sim,0
P001405,2025-07-01,28100.0,5212.55,0.1855,22887.45,0.8145,60,Concessionária,2019,6,34,CLT,1600.0,45.0,Familiar,245.0,5,2,Não,0
P001406,2025-12-01,52600.0,25505.74,0.4849,27094.26,0.5151,36,Revenda multimarca,2021,4,25,CLT,6551.71,70.0,Própria,692.0,0,0,Não,0
P001407,2025-11-01,38500.0,5497.8,0.1428,33002.2,0.8572,48,Digital,2018,7,31,Autônomo,1754.66,23.0,Financiada,293.0,5,1,Não,0
P001408,2025-11-01,24900.0,5318.64,0.2136,19581.36,0.7864,60,Concessionária,2020,5,44,CLT,1802.14,,Alugada,580.0,0,0,Não,0
P001409,2025-07-01,22000.0,4191.0,0.1905,17809.0,0.8095,60,Concessionária,2021,4,41,Autônomo,3053.39,44.0,Própria,328.0,5,2,Não,0
P001410,2025-08-01,55500.0,4273.5,0.077,51226.5,0.923,60,Revenda multimarca,2024,1,39,CLT,4014.25,10.0,Familiar,587.0,1,0,Não,0
P001411,2025-11-01,35500.0,19798.35,0.5577,15701.65,0.4423,24,Concessionária,2014,11,33,CLT,2525.9,59.0,Própria,854.0,1,3,Não,0
P001412,2025-12-01,44900.0,8719.58,0.1942,36180.42,0.8058,36,Revenda multimarca,2021,4,31,Servidor público,8127.44,,Própria,651.0,1,2,Não,0
P001413,2025-09-01,54900.0,12028.59,0.2191,42871.41,0.7809,60,Concessionária,2020,5,57,Autônomo,1918.8,12.0,Alugada,503.0,1,4,Sim,0
P001414,2025-07-01,35600.0,10961.24,0.3079,24638.76,0.6921,24,Concessionária,2024,1,71,Autônomo,8477.98,4.0,Familiar,758.0,0,2,Não,0
P001415,2025-09-01,22200.0,8187.36,0.3688,14012.64,0.6312,36,Concessionária,2018,7,42,CLT,4305.61,103.0,Alugada,710.0,0,0,Não,0
P001416,2025-09-01,50300.0,1006.0,0.02,49294.0,0.98,24,Digital,2024,1,45,Autônomo,11619.72,54.0,Própria,638.0,1,3,Sim,0
P001417,2025-07-01,22000.0,5500.0,0.25,16500.0,0.75,36,Concessionária,2023,2,26,Autônomo,2108.64,65.0,Financiada,366.0,5,6,Não,0
P001418,2025-09-01,39200.0,5099.92,0.1301,34100.08,0.8699,36,Revenda multimarca,2020,5,29,CLT,4225.79,75.0,Financiada,545.0,3,2,Não,0
P001419,2025-07-01,64600.0,10613.78,0.1643,53986.22,0.8357,24,Revenda multimarca,2024,1,28,Empresário,8575.29,87.0,Financiada,575.0,0,0,Não,0
P001420,2025-07-01,41100.0,2059.11,0.0501,39040.89,0.9499,48,Concessionária,2017,8,64,Aposentado,8819.64,54.0,Alugada,567.0,1,1,Não,0
P001421,2025-10-01,35600.0,712.0,0.02,34888.0,0.98,36,Correspondente bancário,2018,7,24,CLT,2330.99,72.0,Própria,635.0,1,1,Não,0
P001422,2025-08-01,31300.0,8923.63,0.2851,22376.37,0.7149,24,Concessionária,2022,3,51,Autônomo,7031.28,67.0,Própria,496.0,3,2,Não,0
P001423,2025-07-01,37500.0,2512.5,0.067,34987.5,0.933,48,Concessionária,2020,5,41,Autônomo,2432.48,21.0,Alugada,659.0,2,1,Não,0
P001424,2025-07-01,97400.0,5357.0,0.055,92043.0,0.945,60,Correspondente bancário,2023,2,31,Empresário,7158.05,37.0,Própria,611.0,0,2,Não,0
P001425,2025-08-01,97700.0,20790.56,0.2128,76909.44,0.7872,48,Revenda multimarca,2024,1,53,Servidor público,38621.68,62.0,Financiada,777.0,0,0,Não,0
P001426,2025-07-01,42700.0,7873.88,0.1844,34826.12,0.8156,24,Revenda multimarca,2022,3,29,CLT,4965.67,,Familiar,592.0,2,2,Não,0
P001427,2025-12-01,49500.0,1980.0,0.04,47520.0,0.96,60,Concessionária,2021,4,28,Empresário,4597.28,88.0,Familiar,,1,2,Não,0
P001428,2025-11-01,43600.0,7573.32,0.1737,36026.68,0.8263,48,Correspondente bancário,2017,8,37,Servidor público,,66.0,Alugada,446.0,5,1,Sim,0
P001429,2025-07-01,42500.0,2184.5,0.0514,40315.5,0.9486,60,Digital,2022,3,50,CLT,6444.33,,Alugada,741.0,0,0,Não,0
P001430,2025-10-01,48300.0,7892.22,0.1634,40407.78,0.8366,36,Revenda multimarca,2023,2,31,CLT,5352.33,14.0,Alugada,548.0,2,2,Não,0
P001431,2025-11-01,38100.0,20417.79,0.5359,17682.21,0.4641,36,Revenda multimarca,2021,4,46,Autônomo,3483.66,134.0,Financiada,449.0,0,2,Sim,0
P001432,2025-10-01,22000.0,1788.6,0.0813,20211.4,0.9187,48,Revenda multimarca,2021,4,35,CLT,2112.1,8.0,Própria,457.0,4,1,Sim,0
P001433,2025-07-01,99800.0,35608.64,0.3568,64191.36,0.6432,60,Digital,2024,1,51,CLT,8777.04,38.0,Própria,876.0,0,2,Não,0
P001434,2025-10-01,24300.0,3336.39,0.1373,20963.61,0.8627,60,Revenda multimarca,2020,5,35,CLT,3663.16,,Familiar,360.0,3,2,Sim,0
P001435,2025-10-01,31900.0,7732.56,0.2424,24167.44,0.7576,48,Digital,2021,4,30,CLT,,25.0,Financiada,732.0,1,2,Não,0
P001436,2025-11-01,89000.0,41491.8,0.4662,47508.2,0.5338,48,Concessionária,2019,6,54,CLT,6427.74,118.0,Própria,735.0,0,1,Não,0
P001437,2025-12-01,29000.0,7415.3,0.2557,21584.7,0.7443,48,Revenda multimarca,2022,3,45,CLT,5633.71,48.0,Própria,471.0,5,3,Não,0
P001438,2025-12-01,49200.0,15547.2,0.316,33652.8,0.684,48,Concessionária,2020,5,30,Servidor público,7482.51,62.0,Familiar,734.0,3,0,Não,0
P001439,2025-09-01,44000.0,10511.6,0.2389,33488.4,0.7611,60,Concessionária,2022,3,75,Aposentado,7994.85,30.0,Própria,699.0,1,2,Não,0
P001440,2025-11-01,59500.0,27649.65,0.4647,31850.35,0.5353,48,Concessionária,2022,3,30,CLT,5580.45,12.0,Alugada,690.0,0,2,Não,0
P001441,2025-07-01,32100.0,12098.49,0.3769,20001.51,0.6231,24,Concessionária,2013,12,32,Autônomo,3787.64,,Familiar,474.0,3,1,Não,0
P001442,2025-11-01,22000.0,2138.4,0.0972,19861.6,0.9028,48,Correspondente bancário,2022,3,32,Autônomo,2213.38,18.0,Própria,540.0,2,0,Não,0
P001443,2025-08-01,32500.0,3354.0,0.1032,29146.0,0.8968,24,Concessionária,2022,3,33,CLT,4443.16,37.0,Financiada,523.0,1,0,Sim,0
P001444,2025-11-01,33000.0,14381.4,0.4358,18618.6,0.5642,24,Revenda multimarca,2016,9,68,Aposentado,7102.18,416.0,Familiar,532.0,1,3,Não,0
P001445,2025-12-01,31500.0,2809.8,0.0892,28690.2,0.9108,60,Concessionária,2020,5,45,CLT,3876.49,22.0,Alugada,584.0,3,3,Sim,0
P001446,2025-12-01,53900.0,19598.04,0.3636,34301.96,0.6364,60,Revenda multimarca,2013,12,26,Servidor público,5551.21,96.0,Alugada,497.0,0,1,Sim,0
P001447,2025-10-01,22000.0,2138.4,0.0972,19861.6,0.9028,60,Revenda multimarca,2019,6,59,Aposentado,1600.0,492.0,Própria,175.0,5,6,Sim,0
P001448,2025-09-01,25800.0,6042.36,0.2342,19757.64,0.7658,24,Concessionária,2020,5,28,CLT,3313.49,0.0,Própria,561.0,2,1,Não,0
P001449,2025-09-01,26100.0,3142.44,0.1204,22957.56,0.8796,36,Revenda multimarca,2016,9,43,CLT,2172.24,,Alugada,211.0,5,7,Sim,0
P001450,2025-08-01,69400.0,8529.26,0.1229,60870.74,0.8771,36,Digital,2019,6,44,CLT,6084.53,39.0,Alugada,773.0,0,0,Não,0
P001451,2025-08-01,33000.0,10527.0,0.319,22473.0,0.681,60,Concessionária,2017,8,52,CLT,2412.88,39.0,Própria,342.0,5,4,Sim,0
P001452,2025-11-01,22000.0,5363.6,0.2438,16636.4,0.7562,48,Concessionária,2023,2,47,Autônomo,1600.0,37.0,Própria,173.0,5,5,Não,0
P001453,2025-08-01,25200.0,8696.52,0.3451,16503.48,0.6549,36,Concessionária,2024,1,46,Servidor público,6139.11,21.0,Própria,573.0,0,3,Não,0
P001454,2025-12-01,70500.0,39430.65,0.5593,31069.35,0.4407,24,Revenda multimarca,2023,2,38,Servidor público,13370.95,,Alugada,733.0,0,1,Não,0
P001455,2025-08-01,45400.0,13424.78,0.2957,31975.22,0.7043,48,Concessionária,2023,2,34,CLT,5737.21,32.0,Financiada,839.0,0,0,Não,0
P001456,2025-08-01,115200.0,48222.72,0.4186,66977.28,0.5814,48,Digital,2025,0,24,Servidor público,19152.54,72.0,Financiada,,0,2,Não,0
P001457,2025-10-01,34400.0,8455.52,0.2458,25944.48,0.7542,48,Concessionária,2022,3,37,CLT,2778.51,18.0,Financiada,633.0,1,0,Sim,0
P001458,2025-08-01,45000.0,900.0,0.02,44100.0,0.98,48,Revenda multimarca,2021,4,40,CLT,6897.39,104.0,Financiada,230.0,5,3,Não,0
P001459,2025-07-01,32600.0,6669.96,0.2046,25930.04,0.7954,36,Digital,2019,6,22,CLT,1892.53,4.0,Alugada,496.0,3,3,Não,0
P001460,2025-09-01,32100.0,6795.57,0.2117,25304.43,0.7883,48,Digital,2023,2,27,CLT,3069.26,7.0,Própria,391.0,3,3,Não,0
P001461,2025-09-01,59900.0,9494.15,0.1585,50405.85,0.8415,36,Concessionária,2014,11,35,CLT,2714.88,33.0,Alugada,771.0,0,1,Sim,0
P001462,2025-09-01,22000.0,7882.6,0.3583,14117.4,0.6417,60,Concessionária,2016,9,48,CLT,1600.0,184.0,Familiar,264.0,5,7,Não,0
P001463,2025-08-01,77800.0,15093.2,0.194,62706.8,0.806,60,Concessionária,2021,4,42,CLT,7226.45,15.0,Alugada,893.0,0,0,Não,0
P001464,2025-10-01,29400.0,12721.38,0.4327,16678.62,0.5673,60,Concessionária,2022,3,28,CLT,3666.46,33.0,Alugada,536.0,3,1,Não,0
P001465,2025-07-01,40000.0,15980.0,0.3995,24020.0,0.6005,24,Concessionária,2022,3,36,Autônomo,1837.28,1.0,Financiada,809.0,0,1,Não,0
P001466,2025-07-01,47900.0,10461.36,0.2184,37438.64,0.7816,24,Concessionária,2024,1,47,CLT,9157.49,144.0,Alugada,869.0,0,0,Não,0
P001467,2025-07-01,47500.0,18487.0,0.3892,29013.0,0.6108,60,Digital,2019,6,40,CLT,3519.83,,Financiada,573.0,0,1,Não,0
P001468,2025-10-01,80300.0,30578.24,0.3808,49721.76,0.6192,48,Correspondente bancário,2013,12,38,CLT,4121.74,40.0,Alugada,589.0,0,0,Não,0
P001469,2025-11-01,43300.0,4853.93,0.1121,38446.07,0.8879,48,Concessionária,2022,3,25,CLT,4733.93,84.0,Familiar,671.0,1,2,Sim,0
P001470,2025-07-01,35000.0,12572.0,0.3592,22428.0,0.6408,48,Revenda multimarca,2021,4,35,Empresário,5784.18,19.0,Alugada,500.0,3,3,Não,0
P001471,2025-08-01,50600.0,1012.0,0.02,49588.0,0.98,48,Concessionária,2022,3,40,CLT,2007.79,,Familiar,462.0,2,2,Sim,0
P001472,2025-12-01,28500.0,6315.6,0.2216,22184.4,0.7784,60,Revenda multimarca,2020,5,41,CLT,3150.08,,Alugada,582.0,1,8,Não,0
P001473,2025-09-01,27500.0,3429.25,0.1247,24070.75,0.8753,36,Concessionária,2023,2,35,Servidor público,4547.99,204.0,Própria,616.0,1,3,Não,0
P001474,2025-08-01,95600.0,11529.36,0.1206,84070.64,0.8794,60,Concessionária,2024,1,37,Empresário,21083.19,103.0,Alugada,894.0,0,2,Não,0
P001475,2025-12-01,30200.0,5704.78,0.1889,24495.22,0.8111,60,Concessionária,2022,3,41,Servidor público,2720.68,39.0,Alugada,368.0,1,6,Sim,0
P001476,2025-08-01,50700.0,7589.79,0.1497,43110.21,0.8503,36,Concessionária,2018,7,41,CLT,6848.34,78.0,Alugada,707.0,1,2,Não,0
P001477,2025-11-01,54600.0,30106.44,0.5514,24493.56,0.4486,48,Correspondente bancário,2023,2,72,Empresário,7592.96,28.0,Financiada,532.0,1,2,Não,0
P001478,2025-10-01,33800.0,9031.36,0.2672,24768.64,0.7328,48,Revenda multimarca,2021,4,44,Autônomo,2380.34,38.0,Própria,255.0,3,8,Não,0
P001479,2025-07-01,40600.0,4904.48,0.1208,35695.52,0.8792,60,Concessionária,2023,2,32,Autônomo,4183.9,52.0,Financiada,570.0,1,0,Não,0
P001480,2025-09-01,46100.0,2941.18,0.0638,43158.82,0.9362,48,Correspondente bancário,2021,4,47,CLT,5945.68,15.0,Financiada,461.0,3,3,Não,0
P001481,2025-12-01,22000.0,5878.4,0.2672,16121.6,0.7328,60,Revenda multimarca,2018,7,63,Aposentado,6564.43,273.0,Própria,293.0,5,3,Sim,0
P001482,2025-09-01,55100.0,4479.63,0.0813,50620.37,0.9187,36,Concessionária,2021,4,35,CLT,5170.38,65.0,Alugada,619.0,2,4,Não,0
P001483,2025-10-01,53300.0,7925.71,0.1487,45374.29,0.8513,60,Digital,2022,3,34,CLT,9533.36,,Alugada,758.0,1,1,Não,0
P001484,2025-07-01,22800.0,6794.4,0.298,16005.6,0.702,36,Revenda multimarca,2021,4,25,CLT,2573.0,,Financiada,446.0,3,3,Não,0
P001485,2025-09-01,36300.0,19707.27,0.5429,16592.73,0.4571,60,Revenda multimarca,2020,5,58,CLT,5132.07,36.0,Alugada,529.0,2,1,Sim,0
P001486,2025-11-01,22000.0,5046.8,0.2294,16953.2,0.7706,36,Digital,2021,4,45,Autônomo,4014.52,,Própria,550.0,0,1,Não,0
P001487,2025-09-01,30200.0,7392.96,0.2448,22807.04,0.7552,36,Revenda multimarca,2023,2,26,CLT,4362.54,96.0,Alugada,,0,3,Não,0
P001488,2025-10-01,35500.0,10238.2,0.2884,25261.8,0.7116,36,Revenda multimarca,2024,1,33,Empresário,10630.71,34.0,Própria,478.0,1,0,Não,0
P001489,2025-12-01,22100.0,7905.17,0.3577,14194.83,0.6423,36,Revenda multimarca,2025,0,28,CLT,6887.36,57.0,Própria,340.0,1,2,Sim,0
P001490,2025-10-01,39300.0,12367.71,0.3147,26932.29,0.6853,36,Revenda multimarca,2024,1,33,Servidor público,6272.99,163.0,Familiar,504.0,0,3,Sim,0
P001491,2025-10-01,88600.0,40782.58,0.4603,47817.42,0.5397,24,Concessionária,2022,3,53,Empresário,9891.05,68.0,Própria,683.0,0,0,Não,0
P001492,2025-10-01,88100.0,21152.81,0.2401,66947.19,0.7599,48,Concessionária,2018,7,60,CLT,14503.58,18.0,Própria,747.0,0,1,Sim,0
P001493,2025-07-01,36200.0,5636.34,0.1557,30563.66,0.8443,36,Digital,2022,3,52,CLT,1600.0,59.0,Familiar,315.0,5,4,Sim,0
P001494,2025-11-01,38100.0,6412.23,0.1683,31687.77,0.8317,60,Digital,2020,5,56,CLT,9335.85,,Familiar,558.0,1,6,Não,0
P001495,2025-11-01,71300.0,30580.57,0.4289,40719.43,0.5711,48,Concessionária,2021,4,33,Autônomo,8929.64,8.0,Familiar,877.0,0,1,Não,0
P001496,2025-12-01,99100.0,37598.54,0.3794,61501.46,0.6206,48,Concessionária,2024,1,43,Empresário,6452.07,6.0,Financiada,710.0,0,1,Não,0
P001497,2025-09-01,35800.0,16435.78,0.4591,19364.22,0.5409,36,Concessionária,2023,2,30,CLT,1997.37,91.0,Alugada,574.0,1,0,Não,0
P001498,2025-08-01,33100.0,8179.01,0.2471,24920.99,0.7529,24,Concessionária,2022,3,43,CLT,2888.64,40.0,Alugada,503.0,0,1,Não,0
P001499,2025-11-01,31900.0,8035.61,0.2519,23864.39,0.7481,24,Revenda multimarca,2021,4,52,Servidor público,4308.28,147.0,Familiar,489.0,0,1,Não,0
P001500,2025-10-01,23700.0,6818.49,0.2877,16881.51,0.7123,36,Concessionária,2020,5,27,Autônomo,2387.65,46.0,Alugada,608.0,3,0,Sim,0
P001501,2025-08-01,52500.0,24449.25,0.4657,28050.75,0.5343,36,Digital,2024,1,28,Empresário,21415.84,77.0,Alugada,648.0,0,3,Não,0
P001502,2025-09-01,50000.0,5135.0,0.1027,44865.0,0.8973,24,Revenda multimarca,2014,11,57,Aposentado,4982.83,181.0,Alugada,664.0,0,1,Não,0
P001503,2025-08-01,61200.0,13433.4,0.2195,47766.6,0.7805,24,Revenda multimarca,2024,1,54,CLT,11680.94,17.0,Própria,784.0,0,3,Não,0
P001504,2025-09-01,33300.0,1548.45,0.0465,31751.55,0.9535,36,Revenda multimarca,2020,5,33,CLT,4498.46,14.0,Financiada,399.0,3,2,Não,0
P001505,2025-12-01,43900.0,2563.76,0.0584,41336.24,0.9416,48,Digital,2024,1,27,CLT,,15.0,Própria,521.0,1,0,Não,0
P001506,2025-08-01,51200.0,11683.84,0.2282,39516.16,0.7718,36,Revenda multimarca,2022,3,41,Autônomo,,34.0,Alugada,736.0,0,4,Não,0
P001507,2025-11-01,41700.0,5967.27,0.1431,35732.73,0.8569,36,Revenda multimarca,2022,3,75,Aposentado,3689.01,244.0,Própria,644.0,1,1,Não,0
P001508,2025-07-01,82700.0,10585.6,0.128,72114.4,0.872,60,Revenda multimarca,2023,2,55,Empresário,17160.28,65.0,Financiada,735.0,2,0,Não,0
P001509,2025-09-01,30200.0,1938.84,0.0642,28261.16,0.9358,60,Correspondente bancário,2022,3,38,CLT,2295.79,104.0,Alugada,475.0,1,2,Não,0
P001510,2025-12-01,49100.0,14351.93,0.2923,34748.07,0.7077,60,Concessionária,2022,3,29,Empresário,4852.56,17.0,Alugada,365.0,3,9,Não,0
P001511,2025-10-01,30000.0,2991.0,0.0997,27009.0,0.9003,48,Concessionária,2022,3,33,CLT,,32.0,Familiar,546.0,2,4,Não,0
P001512,2025-09-01,44600.0,4103.2,0.092,40496.8,0.908,48,Digital,2024,1,41,CLT,10197.81,11.0,Financiada,727.0,1,0,Não,0
P001513,2025-07-01,22000.0,11314.6,0.5143,10685.4,0.4857,36,Correspondente bancário,2020,5,46,Autônomo,,6.0,Própria,414.0,4,2,Sim,0
P001514,2025-07-01,49100.0,20563.08,0.4188,28536.92,0.5812,36,Correspondente bancário,2021,4,29,CLT,2086.01,3.0,Alugada,520.0,2,5,Não,0
P001515,2025-07-01,22000.0,1933.8,0.0879,20066.2,0.9121,48,Revenda multimarca,2013,12,46,CLT,1723.7,79.0,Própria,405.0,5,3,Sim,0
P001516,2025-12-01,22000.0,745.8,0.0339,21254.2,0.9661,60,Digital,2024,1,35,CLT,2437.48,105.0,Financiada,492.0,3,1,Sim,0
P001517,2025-09-01,24600.0,3175.86,0.1291,21424.14,0.8709,60,Concessionária,2014,11,63,Autônomo,5164.51,22.0,Alugada,598.0,3,1,Não,0
P001518,2025-12-01,43600.0,5157.88,0.1183,38442.12,0.8817,48,Concessionária,2020,5,29,Autônomo,1600.0,51.0,Alugada,396.0,4,0,Não,0
P001519,2025-08-01,22400.0,8299.2,0.3705,14100.8,0.6295,36,Digital,2021,4,36,Autônomo,2838.68,34.0,Financiada,386.0,1,4,Não,0
P001520,2025-09-01,22000.0,7084.0,0.322,14916.0,0.678,24,Concessionária,2024,1,26,CLT,3658.23,39.0,Familiar,456.0,2,2,Não,0
P001521,2025-12-01,34300.0,2960.09,0.0863,31339.91,0.9137,60,Concessionária,2024,1,38,CLT,3308.44,102.0,Familiar,648.0,1,0,Não,0
P001522,2025-10-01,22000.0,13765.4,0.6257,8234.6,0.3743,36,Revenda multimarca,2022,3,48,Autônomo,2353.24,28.0,Própria,495.0,2,2,Não,0
P001523,2025-07-01,35800.0,22733.0,0.635,13067.0,0.365,36,Digital,2020,5,43,CLT,,63.0,Financiada,636.0,3,6,Não,0
P001524,2025-11-01,38300.0,17778.86,0.4642,20521.14,0.5358,48,Digital,2020,5,39,CLT,5654.62,77.0,Alugada,675.0,1,1,Não,0
P001525,2025-08-01,58800.0,21032.76,0.3577,37767.24,0.6423,48,Revenda multimarca,2023,2,35,Autônomo,,,Familiar,556.0,3,2,Não,0
P001526,2025-11-01,60400.0,22879.52,0.3788,37520.48,0.6212,48,Correspondente bancário,2016,9,53,Empresário,11186.97,7.0,Alugada,394.0,5,3,Não,0
P001527,2025-07-01,22000.0,5167.8,0.2349,16832.2,0.7651,60,Revenda multimarca,2017,8,24,Servidor público,1600.0,72.0,Alugada,517.0,3,3,Não,0
P001528,2025-12-01,45300.0,4194.78,0.0926,41105.22,0.9074,36,Digital,2020,5,30,Autônomo,6159.27,93.0,Alugada,462.0,5,5,Não,0
P001529,2025-11-01,42200.0,15419.88,0.3654,26780.12,0.6346,36,Concessionária,2021,4,35,CLT,7736.05,123.0,Própria,725.0,1,1,Não,0
P001530,2025-12-01,28300.0,4106.33,0.1451,24193.67,0.8549,60,Digital,2017,8,42,CLT,3365.14,43.0,Familiar,516.0,3,3,Não,0
P001531,2025-09-01,31600.0,7116.32,0.2252,24483.68,0.7748,48,Digital,2024,1,34,CLT,2708.11,,Financiada,357.0,3,0,Não,0
P001532,2025-11-01,44000.0,8065.2,0.1833,35934.8,0.8167,36,Digital,2022,3,37,CLT,4906.24,27.0,Alugada,650.0,1,0,Não,0
P001533,2025-07-01,22000.0,3790.6,0.1723,18209.4,0.8277,60,Digital,2019,6,38,Servidor público,1855.76,116.0,Alugada,181.0,5,4,Não,0
P001534,2025-10-01,88000.0,8131.2,0.0924,79868.8,0.9076,24,Correspondente bancário,2022,3,37,Autônomo,5210.56,43.0,Familiar,554.0,2,2,Não,0
P001535,2025-08-01,64000.0,6003.2,0.0938,57996.8,0.9062,48,Revenda multimarca,2025,0,38,CLT,8255.24,104.0,Própria,855.0,0,0,Não,0
P001536,2025-09-01,60400.0,17008.64,0.2816,43391.36,0.7184,24,Concessionária,2023,2,47,Servidor público,13134.14,156.0,Própria,583.0,3,2,Não,0
P001537,2025-08-01,57400.0,2870.0,0.05,54530.0,0.95,48,Correspondente bancário,2022,3,25,Autônomo,3429.45,35.0,Familiar,,0,1,Não,0
P001538,2025-10-01,22500.0,6781.5,0.3014,15718.5,0.6986,60,Concessionária,2020,5,42,CLT,2174.73,,Própria,552.0,1,5,Não,0
P001539,2025-11-01,51600.0,17724.6,0.3435,33875.4,0.6565,48,Revenda multimarca,2024,1,59,CLT,12728.33,,Alugada,850.0,0,3,Não,0
P001540,2025-07-01,67200.0,8675.52,0.1291,58524.48,0.8709,24,Concessionária,2025,0,39,CLT,9171.15,78.0,Familiar,914.0,0,3,Não,0
P001541,2025-08-01,39600.0,12608.64,0.3184,26991.36,0.6816,60,Concessionária,2023,2,32,Servidor público,6411.98,107.0,Própria,696.0,0,0,Não,0
P001542,2025-12-01,73800.0,26700.84,0.3618,47099.16,0.6382,48,Digital,2023,2,25,CLT,8528.58,84.0,Financiada,536.0,0,1,Não,0
P001543,2025-12-01,25600.0,6113.28,0.2388,19486.72,0.7612,24,Revenda multimarca,2020,5,34,Servidor público,7418.46,13.0,Alugada,752.0,1,1,Não,0
P001544,2025-09-01,39200.0,2457.84,0.0627,36742.16,0.9373,60,Concessionária,2017,8,38,Autônomo,1600.0,6.0,Própria,392.0,3,4,Não,0
P001545,2025-10-01,60300.0,13247.91,0.2197,47052.09,0.7803,24,Concessionária,2021,4,71,CLT,7954.37,,Própria,691.0,0,1,Não,0
P001546,2025-07-01,38100.0,15224.76,0.3996,22875.24,0.6004,48,Concessionária,2019,6,56,Autônomo,10098.89,25.0,Alugada,772.0,0,1,Não,0
P001547,2025-10-01,37800.0,1224.72,0.0324,36575.28,0.9676,36,Revenda multimarca,2022,3,44,CLT,4184.6,21.0,Familiar,573.0,2,1,Não,0
P001548,2025-08-01,33800.0,1676.48,0.0496,32123.52,0.9504,48,Revenda multimarca,2024,1,41,CLT,4974.39,25.0,Própria,549.0,1,2,Sim,0
P001549,2025-07-01,32600.0,18164.72,0.5572,14435.28,0.4428,36,Revenda multimarca,2021,4,36,CLT,7089.54,17.0,Própria,656.0,0,1,Não,0
P001550,2025-07-01,29700.0,2753.19,0.0927,26946.81,0.9073,48,Revenda multimarca,2023,2,35,Autônomo,1600.0,,Própria,374.0,5,2,Sim,0
P001551,2025-11-01,42900.0,5023.59,0.1171,37876.41,0.8829,24,Correspondente bancário,2019,6,53,Servidor público,9118.16,147.0,Financiada,635.0,1,2,Não,0
P001552,2025-12-01,124300.0,47656.62,0.3834,76643.38,0.6166,48,Concessionária,2023,2,29,CLT,12571.66,7.0,Alugada,894.0,0,0,Não,0
P001553,2025-12-01,28100.0,4538.15,0.1615,23561.85,0.8385,36,Digital,2018,7,26,CLT,1600.0,6.0,Própria,628.0,0,5,Não,0
P001554,2025-10-01,27600.0,7222.92,0.2617,20377.08,0.7383,60,Concessionária,2021,4,35,Autônomo,2159.04,91.0,Própria,612.0,0,0,Não,0
P001555,2025-08-01,39500.0,971.7,0.0246,38528.3,0.9754,60,Digital,2018,7,56,Autônomo,5639.23,10.0,Financiada,507.0,1,1,Não,0
P001556,2025-10-01,47700.0,7212.24,0.1512,40487.76,0.8488,48,Revenda multimarca,2017,8,51,CLT,3957.7,41.0,Alugada,725.0,0,0,Não,0
P001557,2025-09-01,22800.0,7795.32,0.3419,15004.68,0.6581,36,Revenda multimarca,2022,3,27,CLT,2255.3,25.0,Alugada,434.0,3,1,Sim,0
P001558,2025-10-01,46600.0,2465.14,0.0529,44134.86,0.9471,60,Correspondente bancário,2023,2,54,CLT,8868.84,180.0,Financiada,572.0,3,2,Não,0
P001559,2025-12-01,39300.0,9773.91,0.2487,29526.09,0.7513,24,Concessionária,2024,1,24,Autônomo,3376.38,13.0,Alugada,682.0,0,2,Não,0
P001560,2025-11-01,40000.0,9096.0,0.2274,30904.0,0.7726,48,Revenda multimarca,2019,6,25,Autônomo,5653.28,49.0,Alugada,551.0,1,0,Sim,0
P001561,2025-08-01,24600.0,3859.74,0.1569,20740.26,0.8431,48,Revenda multimarca,2013,12,45,CLT,7391.55,91.0,Alugada,557.0,1,1,Não,0
P001562,2025-12-01,57800.0,15571.32,0.2694,42228.68,0.7306,24,Concessionária,2024,1,69,Autônomo,7298.26,1.0,Própria,805.0,0,1,Sim,0
P001563,2025-10-01,22000.0,8329.2,0.3786,13670.8,0.6214,60,Digital,2024,1,42,Autônomo,3382.88,32.0,Alugada,,1,3,Não,0
P001564,2025-09-01,35700.0,6254.64,0.1752,29445.36,0.8248,60,Digital,2018,7,28,CLT,1733.91,59.0,Familiar,318.0,5,4,Não,0
P001565,2025-09-01,29600.0,3119.84,0.1054,26480.16,0.8946,60,Concessionária,2022,3,24,Autônomo,5335.77,41.0,Alugada,558.0,1,1,Sim,0
P001566,2025-10-01,36800.0,6090.4,0.1655,30709.6,0.8345,48,Correspondente bancário,2022,3,44,CLT,3107.56,30.0,Familiar,556.0,0,3,Sim,0
P001567,2025-11-01,94200.0,10201.86,0.1083,83998.14,0.8917,24,Revenda multimarca,2022,3,40,Empresário,7699.6,34.0,Própria,563.0,1,0,Sim,0
P001568,2025-11-01,58300.0,7211.71,0.1237,51088.29,0.8763,36,Concessionária,2020,5,45,CLT,6214.94,151.0,Própria,,0,1,Não,0
P001569,2025-11-01,36400.0,8062.6,0.2215,28337.4,0.7785,60,Digital,2021,4,56,Servidor público,12053.38,31.0,Familiar,567.0,0,4,Não,0
P001570,2025-09-01,23500.0,4448.55,0.1893,19051.45,0.8107,24,Digital,2021,4,23,CLT,2348.77,48.0,Alugada,617.0,1,0,Não,0
P001571,2025-11-01,28900.0,5794.45,0.2005,23105.55,0.7995,24,Correspondente bancário,2017,8,51,CLT,1600.0,74.0,Alugada,392.0,2,0,Não,0
P001572,2025-08-01,60300.0,11794.68,0.1956,48505.32,0.8044,60,Digital,2024,1,29,Empresário,20853.63,16.0,Alugada,648.0,1,0,Não,0
P001573,2025-12-01,40200.0,4253.16,0.1058,35946.84,0.8942,48,Concessionária,2023,2,54,Autônomo,6331.94,25.0,Alugada,462.0,1,1,Não,0
P001574,2025-08-01,50100.0,28627.14,0.5714,21472.86,0.4286,60,Revenda multimarca,2022,3,30,Autônomo,6357.71,,Alugada,965.0,0,2,Não,0
P001575,2025-11-01,31800.0,3084.6,0.097,28715.4,0.903,36,Revenda multimarca,2023,2,44,CLT,16499.18,54.0,Familiar,894.0,1,1,Não,0
P001576,2025-07-01,24800.0,5185.68,0.2091,19614.32,0.7909,48,Concessionária,2023,2,53,CLT,3595.66,51.0,Própria,665.0,1,0,Não,0
P001577,2025-10-01,42800.0,2225.6,0.052,40574.4,0.948,24,Concessionária,2015,10,36,CLT,3575.23,11.0,Própria,591.0,0,0,Não,0
P001578,2025-07-01,48500.0,6596.0,0.136,41904.0,0.864,48,Concessionária,2023,2,28,Empresário,6161.81,5.0,Própria,576.0,0,1,Não,0
P001579,2025-11-01,58300.0,16073.31,0.2757,42226.69,0.7243,36,Concessionária,2021,4,42,Empresário,24513.31,66.0,Financiada,675.0,0,0,Não,0
P001580,2025-12-01,101400.0,37234.08,0.3672,64165.92,0.6328,48,Revenda multimarca,2021,4,26,CLT,,,Familiar,701.0,0,0,Não,0
P001581,2025-10-01,26100.0,1062.27,0.0407,25037.73,0.9593,48,Revenda multimarca,2021,4,36,Autônomo,4556.24,135.0,Familiar,515.0,1,2,Sim,0
P001582,2025-12-01,26400.0,6024.48,0.2282,20375.52,0.7718,48,Digital,2015,10,39,Autônomo,2248.25,,Própria,319.0,5,1,Não,0
P001583,2025-12-01,23300.0,11465.93,0.4921,11834.07,0.5079,48,Digital,2025,0,22,CLT,,48.0,Familiar,534.0,1,1,Não,0
P001584,2025-11-01,73800.0,13394.7,0.1815,60405.3,0.8185,24,Digital,2024,1,51,CLT,,62.0,Alugada,748.0,1,1,Não,0
P001585,2025-09-01,52600.0,8147.74,0.1549,44452.26,0.8451,36,Concessionária,2024,1,38,CLT,4572.78,60.0,Alugada,675.0,1,1,Sim,0
P001586,2025-09-01,29100.0,6704.64,0.2304,22395.36,0.7696,36,Digital,2017,8,37,CLT,3869.46,46.0,Familiar,472.0,5,0,Não,0
P001587,2025-09-01,68900.0,18100.03,0.2627,50799.97,0.7373,24,Digital,2024,1,31,Servidor público,5393.17,156.0,Própria,738.0,0,1,Não,0
P001588,2025-11-01,22000.0,3465.0,0.1575,18535.0,0.8425,48,Digital,2022,3,59,CLT,,62.0,Financiada,0.0,5,12,Sim,0
P001589,2025-10-01,32500.0,2736.5,0.0842,29763.5,0.9158,60,Correspondente bancário,2022,3,57,Autônomo,5763.99,15.0,Própria,419.0,2,4,Sim,0
P001590,2025-09-01,26800.0,4330.88,0.1616,22469.12,0.8384,48,Correspondente bancário,2013,12,38,CLT,3739.31,,Própria,424.0,2,6,Sim,0
P001591,2025-09-01,31200.0,3098.16,0.0993,28101.84,0.9007,36,Concessionária,2018,7,54,CLT,1600.0,20.0,Alugada,499.0,2,2,Não,0
P001592,2025-12-01,38100.0,5928.36,0.1556,32171.64,0.8444,36,Revenda multimarca,2020,5,56,CLT,,70.0,Financiada,582.0,0,3,Não,0
P001593,2025-07-01,46000.0,14697.0,0.3195,31303.0,0.6805,60,Digital,2020,5,51,CLT,3936.79,19.0,Alugada,702.0,1,0,Sim,0
P001594,2025-11-01,37200.0,2976.0,0.08,34224.0,0.92,48,Concessionária,2017,8,33,Empresário,7727.73,33.0,Própria,593.0,0,3,Não,0
P001595,2025-09-01,51500.0,23520.05,0.4567,27979.95,0.5433,60,Revenda multimarca,2018,7,39,CLT,3903.48,0.0,Alugada,409.0,2,1,Sim,0
P001596,2025-08-01,81100.0,22018.65,0.2715,59081.35,0.7285,48,Correspondente bancário,2024,1,41,Empresário,,147.0,Financiada,662.0,1,3,Não,0
P001597,2025-07-01,127700.0,11991.03,0.0939,115708.97,0.9061,48,Concessionária,2017,8,57,Autônomo,5124.96,,Própria,911.0,0,1,Não,0
P001598,2025-07-01,51300.0,14564.07,0.2839,36735.93,0.7161,24,Correspondente bancário,2019,6,28,CLT,2281.39,95.0,Financiada,649.0,0,3,Não,0
P001599,2025-07-01,81900.0,22047.48,0.2692,59852.52,0.7308,48,Digital,2023,2,47,Autônomo,,5.0,Alugada,737.0,1,0,Não,0
P001600,2025-08-01,29300.0,4934.12,0.1684,24365.88,0.8316,48,Revenda multimarca,2022,3,47,Servidor público,5498.22,86.0,Própria,603.0,0,0,Não,0
P001601,2025-08-01,39400.0,11087.16,0.2814,28312.84,0.7186,60,Correspondente bancário,2023,2,30,Autônomo,3020.72,33.0,Própria,398.0,4,1,Não,0
P001602,2025-10-01,22000.0,7691.2,0.3496,14308.8,0.6504,60,Concessionária,2016,9,25,Autônomo,1737.97,,Própria,686.0,1,2,Não,0
P001603,2025-07-01,46700.0,14266.85,0.3055,32433.15,0.6945,36,Concessionária,2018,7,59,Autônomo,5247.55,21.0,Alugada,688.0,2,1,Não,0
P001604,2025-11-01,22900.0,1348.81,0.0589,21551.19,0.9411,24,Digital,2023,2,32,CLT,1863.86,91.0,Alugada,433.0,3,1,Sim,0
P001605,2025-10-01,23400.0,2288.52,0.0978,21111.48,0.9022,48,Revenda multimarca,2021,4,50,Autônomo,6481.95,90.0,Alugada,658.0,0,4,Não,0
P001606,2025-07-01,22000.0,4323.0,0.1965,17677.0,0.8035,36,Digital,2019,6,29,CLT,2645.16,1.0,Familiar,470.0,5,2,Não,0
P001607,2025-12-01,34300.0,6129.41,0.1787,28170.59,0.8213,48,Concessionária,2020,5,32,Autônomo,3107.46,,Alugada,753.0,0,1,Não,0
P001608,2025-07-01,67800.0,26604.72,0.3924,41195.28,0.6076,60,Concessionária,2023,2,47,Empresário,7799.91,66.0,Alugada,560.0,4,0,Não,0
P001609,2025-12-01,92600.0,30483.92,0.3292,62116.08,0.6708,36,Concessionária,2023,2,53,Autônomo,13015.03,16.0,Alugada,757.0,1,0,Não,0
P001610,2025-11-01,46700.0,6150.39,0.1317,40549.61,0.8683,48,Concessionária,2023,2,75,Empresário,6791.24,60.0,Financiada,538.0,2,4,Não,0
P001611,2025-12-01,29900.0,12007.84,0.4016,17892.16,0.5984,48,Correspondente bancário,2024,1,40,CLT,4564.87,,Própria,713.0,0,1,Não,0
P001612,2025-07-01,22000.0,9209.2,0.4186,12790.8,0.5814,48,Revenda multimarca,2020,5,63,Aposentado,1880.02,246.0,Alugada,698.0,0,1,Não,0
P001613,2025-10-01,63200.0,10143.6,0.1605,53056.4,0.8395,60,Digital,2020,5,36,CLT,3818.6,19.0,Própria,635.0,3,2,Não,0
P001614,2025-09-01,30400.0,1279.84,0.0421,29120.16,0.9579,36,Concessionária,2013,12,31,Autônomo,3014.28,26.0,Alugada,234.0,5,4,Sim,0
P001615,2025-11-01,86000.0,12814.0,0.149,73186.0,0.851,60,Concessionária,2023,2,51,Empresário,25480.21,45.0,Familiar,817.0,0,0,Não,0
P001616,2025-10-01,48500.0,14491.8,0.2988,34008.2,0.7012,48,Concessionária,2020,5,47,Autônomo,,17.0,Financiada,444.0,5,6,Não,0
P001617,2025-11-01,38000.0,4556.2,0.1199,33443.8,0.8801,60,Concessionária,2016,9,31,Autônomo,2418.14,15.0,Financiada,553.0,1,4,Não,0
P001618,2025-10-01,24100.0,7116.73,0.2953,16983.27,0.7047,60,Concessionária,2017,8,28,Autônomo,3453.66,63.0,Alugada,539.0,0,1,Não,0
P001619,2025-07-01,22000.0,4026.0,0.183,17974.0,0.817,36,Concessionária,2013,12,33,Autônomo,3476.0,,Familiar,557.0,1,1,Sim,0
P001620,2025-07-01,56500.0,28509.9,0.5046,27990.1,0.4954,36,Revenda multimarca,2023,2,53,CLT,4443.98,16.0,Própria,818.0,0,1,Não,0
P001621,2025-09-01,47600.0,2518.04,0.0529,45081.96,0.9471,36,Digital,2021,4,75,Servidor público,8466.52,56.0,Financiada,416.0,4,4,Não,0
P001622,2025-07-01,29800.0,5572.6,0.187,24227.4,0.813,48,Concessionária,2019,6,41,CLT,4967.71,114.0,Alugada,239.0,5,6,Sim,0
P001623,2025-10-01,22000.0,1042.8,0.0474,20957.2,0.9526,24,Digital,2018,7,46,CLT,4656.78,,Familiar,625.0,0,1,Não,0
P001624,2025-11-01,52300.0,5428.74,0.1038,46871.26,0.8962,48,Revenda multimarca,2017,8,62,Empresário,7994.37,8.0,Familiar,270.0,5,4,Sim,0
P001625,2025-08-01,96500.0,19647.4,0.2036,76852.6,0.7964,24,Correspondente bancário,2022,3,37,Empresário,6472.07,71.0,Própria,,0,1,Sim,0
P001626,2025-09-01,33600.0,3094.56,0.0921,30505.44,0.9079,60,Concessionária,2020,5,38,Empresário,7378.35,19.0,Financiada,590.0,1,1,Sim,0
P001627,2025-07-01,36300.0,3481.17,0.0959,32818.83,0.9041,24,Concessionária,2018,7,25,CLT,2875.18,38.0,Alugada,411.0,3,4,Não,0
P001628,2025-08-01,22000.0,3797.2,0.1726,18202.8,0.8274,60,Correspondente bancário,2019,6,28,CLT,1600.0,3.0,Alugada,415.0,3,2,Não,0
P001629,2025-11-01,22000.0,4734.4,0.2152,17265.6,0.7848,60,Revenda multimarca,2023,2,42,CLT,3809.39,80.0,Alugada,533.0,1,2,Não,0
P001630,2025-08-01,48400.0,4762.56,0.0984,43637.44,0.9016,24,Concessionária,2018,7,42,CLT,6820.12,9.0,Financiada,465.0,4,0,Sim,0
P001631,2025-12-01,26200.0,5682.78,0.2169,20517.22,0.7831,48,Correspondente bancário,2023,2,26,Servidor público,3785.16,83.0,Alugada,569.0,0,2,Sim,0
P001632,2025-07-01,29100.0,11107.47,0.3817,17992.53,0.6183,48,Revenda multimarca,2016,9,23,CLT,3741.42,26.0,Própria,540.0,2,1,Não,0
P001633,2025-12-01,22000.0,5106.2,0.2321,16893.8,0.7679,24,Digital,2023,2,34,Autônomo,2170.64,41.0,Familiar,493.0,2,5,Não,0
P001634,2025-07-01,60000.0,4494.0,0.0749,55506.0,0.9251,36,Concessionária,2024,1,75,CLT,15681.96,9.0,Financiada,653.0,0,0,Não,0
P001635,2025-10-01,36000.0,1335.6,0.0371,34664.4,0.9629,48,Concessionária,2022,3,29,CLT,2814.67,3.0,Própria,374.0,1,3,Não,0
P001636,2025-08-01,130000.0,29939.0,0.2303,100061.0,0.7697,24,Revenda multimarca,2019,6,42,Empresário,8958.16,43.0,Própria,712.0,0,2,Não,0
P001637,2025-07-01,44600.0,16363.74,0.3669,28236.26,0.6331,24,Revenda multimarca,2019,6,44,Autônomo,4163.43,41.0,Própria,825.0,0,0,Sim,0
P001638,2025-08-01,41500.0,4091.9,0.0986,37408.1,0.9014,60,Digital,2021,4,39,Servidor público,6080.22,252.0,Alugada,449.0,0,0,Sim,0
P001639,2025-12-01,38200.0,17312.24,0.4532,20887.76,0.5468,36,Revenda multimarca,2019,6,46,CLT,,112.0,Financiada,594.0,0,2,Não,0
P001640,2025-10-01,53300.0,5687.11,0.1067,47612.89,0.8933,60,Revenda multimarca,2024,1,52,Empresário,10616.53,22.0,Alugada,659.0,0,0,Sim,0
P001641,2025-12-01,43400.0,6514.34,0.1501,36885.66,0.8499,60,Revenda multimarca,2024,1,28,CLT,5615.95,10.0,Alugada,639.0,0,3,Não,0
P001642,2025-12-01,27000.0,11134.8,0.4124,15865.2,0.5876,60,Correspondente bancário,2013,12,42,Autônomo,3674.38,67.0,Própria,402.0,0,3,Não,0
P001643,2025-08-01,36500.0,9172.45,0.2513,27327.55,0.7487,60,Concessionária,2019,6,54,CLT,6057.69,,Financiada,751.0,0,2,Não,0
P001644,2025-10-01,29500.0,3982.5,0.135,25517.5,0.865,60,Concessionária,2020,5,43,Autônomo,4227.84,64.0,Própria,620.0,0,1,Não,0
P001645,2025-09-01,22000.0,2477.2,0.1126,19522.8,0.8874,48,Revenda multimarca,2016,9,34,CLT,1600.0,41.0,Financiada,,5,3,Não,0
P001646,2025-12-01,38200.0,8086.94,0.2117,30113.06,0.7883,48,Concessionária,2022,3,47,CLT,2932.84,6.0,Financiada,548.0,4,1,Sim,0
P001647,2025-07-01,32900.0,4168.43,0.1267,28731.57,0.8733,36,Concessionária,2023,2,27,CLT,4810.79,33.0,Financiada,451.0,3,3,Sim,0
P001648,2025-08-01,72100.0,29683.57,0.4117,42416.43,0.5883,60,Concessionária,2022,3,43,Servidor público,13185.23,168.0,Familiar,633.0,0,1,Não,0
P001649,2025-12-01,22000.0,8272.0,0.376,13728.0,0.624,36,Concessionária,2021,4,69,CLT,3376.16,24.0,Financiada,709.0,0,0,Não,0
P001650,2025-07-01,24800.0,10502.8,0.4235,14297.2,0.5765,24,Correspondente bancário,2019,6,44,Autônomo,2529.51,100.0,Alugada,450.0,1,3,Não,0
P001651,2025-11-01,77900.0,5211.51,0.0669,72688.49,0.9331,24,Revenda multimarca,2018,7,52,CLT,,21.0,Própria,675.0,1,1,Não,0
P001652,2025-11-01,23700.0,1189.74,0.0502,22510.26,0.9498,48,Revenda multimarca,2021,4,28,CLT,4535.69,,Alugada,467.0,1,1,Não,0
P001653,2025-12-01,92600.0,15316.04,0.1654,77283.96,0.8346,60,Concessionária,2023,2,45,CLT,16267.54,45.0,Alugada,856.0,0,1,Não,0
P001654,2025-07-01,47600.0,5788.16,0.1216,41811.84,0.8784,60,Concessionária,2021,4,43,CLT,,108.0,Financiada,,2,6,Não,0
P001655,2025-07-01,26700.0,7462.65,0.2795,19237.35,0.7205,36,Revenda multimarca,2024,1,34,Autônomo,,3.0,Familiar,694.0,2,1,Não,0
P001656,2025-07-01,47200.0,31524.88,0.6679,15675.12,0.3321,48,Concessionária,2022,3,54,Servidor público,7472.24,32.0,Alugada,599.0,1,0,Não,0
P001657,2025-11-01,22000.0,2043.8,0.0929,19956.2,0.9071,48,Correspondente bancário,2021,4,53,CLT,3765.7,22.0,Financiada,174.0,5,1,Sim,0
P001658,2025-07-01,65800.0,4967.9,0.0755,60832.1,0.9245,60,Concessionária,2022,3,32,CLT,6572.63,59.0,Própria,786.0,0,0,Não,0
P001659,2025-12-01,36800.0,11632.48,0.3161,25167.52,0.6839,36,Revenda multimarca,2023,2,29,CLT,3684.24,15.0,Familiar,401.0,5,5,Não,0
P001660,2025-10-01,39800.0,15565.78,0.3911,24234.22,0.6089,48,Correspondente bancário,2022,3,30,CLT,9176.49,,Financiada,720.0,0,2,Não,0
P001661,2025-07-01,22000.0,10164.0,0.462,11836.0,0.538,60,Concessionária,2025,0,23,Servidor público,7364.14,,Própria,385.0,5,5,Sim,0
P001662,2025-11-01,30600.0,8540.46,0.2791,22059.54,0.7209,24,Concessionária,2019,6,33,CLT,6295.27,18.0,Própria,590.0,0,0,Não,0
P001663,2025-07-01,59700.0,15247.38,0.2554,44452.62,0.7446,36,Concessionária,2023,2,24,Autônomo,4401.9,11.0,Familiar,639.0,0,1,Não,0
P001664,2025-09-01,36100.0,12288.44,0.3404,23811.56,0.6596,36,Digital,2019,6,40,Empresário,4768.19,218.0,Alugada,558.0,0,0,Não,0
P001665,2025-08-01,23900.0,9526.54,0.3986,14373.46,0.6014,24,Concessionária,2021,4,51,CLT,2986.43,97.0,Financiada,610.0,0,1,Não,0
P001666,2025-10-01,37100.0,10695.93,0.2883,26404.07,0.7117,36,Digital,2020,5,68,Aposentado,1874.73,127.0,Financiada,552.0,0,0,Não,0
P001667,2025-09-01,36500.0,5336.3,0.1462,31163.7,0.8538,60,Correspondente bancário,2019,6,34,CLT,2733.0,8.0,Financiada,276.0,3,4,Sim,0
P001668,2025-08-01,51200.0,7731.2,0.151,43468.8,0.849,36,Revenda multimarca,2021,4,61,Aposentado,5581.64,481.0,Financiada,582.0,0,3,Sim,0
P001669,2025-12-01,31700.0,8035.95,0.2535,23664.05,0.7465,36,Concessionária,2021,4,68,Aposentado,2006.49,149.0,Familiar,232.0,5,6,Sim,0
P001670,2025-12-01,37600.0,2150.72,0.0572,35449.28,0.9428,24,Concessionária,2021,4,35,Autônomo,3176.47,5.0,Própria,781.0,0,1,Não,0
P001671,2025-09-01,53200.0,6458.48,0.1214,46741.52,0.8786,24,Concessionária,2023,2,54,Aposentado,6557.14,54.0,Própria,911.0,0,1,Não,0
P001672,2025-09-01,52200.0,13608.54,0.2607,38591.46,0.7393,24,Revenda multimarca,2022,3,36,Autônomo,4782.86,94.0,Familiar,457.0,1,1,Sim,0
P001673,2025-09-01,54100.0,4998.84,0.0924,49101.16,0.9076,60,Revenda multimarca,2023,2,60,Aposentado,5987.2,25.0,Financiada,502.0,4,0,Sim,0
P001674,2025-11-01,22000.0,2312.2,0.1051,19687.8,0.8949,36,Concessionária,2023,2,40,CLT,2746.16,128.0,Alugada,554.0,0,1,Não,0
P001675,2025-10-01,27900.0,558.0,0.02,27342.0,0.98,48,Revenda multimarca,2018,7,75,Autônomo,,,Própria,304.0,5,3,Sim,0
P001676,2025-10-01,34000.0,1570.8,0.0462,32429.2,0.9538,48,Revenda multimarca,2023,2,40,Servidor público,2261.93,35.0,Financiada,313.0,5,2,Sim,0
P001677,2025-10-01,52600.0,10088.68,0.1918,42511.32,0.8082,24,Digital,2024,1,72,CLT,11014.95,156.0,Familiar,359.0,2,1,Não,0
P001678,2025-12-01,55100.0,18105.86,0.3286,36994.14,0.6714,48,Concessionária,2024,1,51,Servidor público,11592.12,100.0,Financiada,364.0,4,2,Sim,0
P001679,2025-10-01,22000.0,1093.4,0.0497,20906.6,0.9503,48,Revenda multimarca,2017,8,33,CLT,1600.0,58.0,Financiada,192.0,5,2,Sim,0
P001680,2025-11-01,22000.0,4217.4,0.1917,17782.6,0.8083,48,Concessionária,2020,5,32,Autônomo,2613.34,56.0,Própria,835.0,0,2,Não,0
P001681,2025-10-01,29000.0,2705.7,0.0933,26294.3,0.9067,60,Digital,2024,1,49,CLT,3949.71,23.0,Financiada,612.0,0,0,Não,0
P001682,2025-07-01,29600.0,18289.84,0.6179,11310.16,0.3821,48,Revenda multimarca,2020,5,32,CLT,2720.3,8.0,Familiar,492.0,2,1,Não,0
P001683,2025-08-01,32200.0,8478.26,0.2633,23721.74,0.7367,60,Revenda multimarca,2020,5,46,CLT,2278.94,205.0,Financiada,402.0,4,3,Não,0
P001684,2025-11-01,94900.0,32275.49,0.3401,62624.51,0.6599,36,Concessionária,2020,5,48,CLT,17396.39,80.0,Própria,,0,0,Não,0
P001685,2025-12-01,38100.0,10584.18,0.2778,27515.82,0.7222,48,Digital,2024,1,33,CLT,3301.91,18.0,Financiada,830.0,0,3,Sim,0
P001686,2025-09-01,22000.0,4360.4,0.1982,17639.6,0.8018,60,Digital,2021,4,49,CLT,3902.87,6.0,Familiar,441.0,2,0,Não,0
P001687,2025-09-01,51900.0,13483.62,0.2598,38416.38,0.7402,36,Concessionária,2023,2,29,CLT,,33.0,Alugada,556.0,0,0,Não,0
P001688,2025-10-01,27900.0,2547.27,0.0913,25352.73,0.9087,24,Correspondente bancário,2018,7,32,Autônomo,1722.19,13.0,Financiada,693.0,0,3,Não,0
P001689,2025-11-01,82600.0,28521.78,0.3453,54078.22,0.6547,48,Concessionária,2017,8,29,CLT,8492.61,11.0,Alugada,,0,1,Não,0
P001690,2025-11-01,28700.0,3802.75,0.1325,24897.25,0.8675,48,Digital,2023,2,33,CLT,1600.0,26.0,Financiada,187.0,5,4,Não,0
P001691,2025-12-01,73800.0,18235.98,0.2471,55564.02,0.7529,60,Revenda multimarca,2021,4,48,Servidor público,6724.54,99.0,Financiada,501.0,2,4,Não,0
P001692,2025-08-01,65300.0,14535.78,0.2226,50764.22,0.7774,48,Concessionária,2013,12,64,Aposentado,5220.22,113.0,Alugada,414.0,3,2,Sim,0
P001693,2025-08-01,30900.0,8670.54,0.2806,22229.46,0.7194,48,Concessionária,2021,4,64,CLT,5542.01,7.0,Alugada,665.0,1,0,Não,0
P001694,2025-09-01,22000.0,13813.8,0.6279,8186.2,0.3721,24,Digital,2025,0,24,Autônomo,1778.83,26.0,Própria,490.0,1,2,Não,0
P001695,2025-09-01,30100.0,20513.15,0.6815,9586.85,0.3185,36,Concessionária,2022,3,33,CLT,2958.06,45.0,Própria,629.0,0,6,Não,0
P001696,2025-09-01,38000.0,1732.8,0.0456,36267.2,0.9544,36,Correspondente bancário,2016,9,44,CLT,9055.63,14.0,Familiar,451.0,1,1,Não,0
P001697,2025-12-01,30200.0,3023.02,0.1001,27176.98,0.8999,36,Concessionária,2016,9,28,Empresário,2353.13,86.0,Familiar,521.0,2,1,Sim,0
P001698,2025-07-01,99800.0,6397.18,0.0641,93402.82,0.9359,24,Concessionária,2023,2,45,Servidor público,8114.41,32.0,Financiada,373.0,5,3,Sim,0
P001699,2025-11-01,27700.0,8382.02,0.3026,19317.98,0.6974,36,Correspondente bancário,2021,4,30,CLT,1935.45,29.0,Alugada,474.0,4,2,Sim,0
P001700,2025-07-01,49800.0,5627.4,0.113,44172.6,0.887,60,Revenda multimarca,2018,7,30,CLT,3929.27,96.0,Financiada,505.0,3,3,Sim,0
P001701,2025-12-01,48100.0,19576.7,0.407,28523.3,0.593,48,Digital,2025,0,35,CLT,6247.16,19.0,Financiada,841.0,0,1,Não,0
P001702,2025-07-01,93200.0,15359.36,0.1648,77840.64,0.8352,24,Concessionária,2020,5,41,CLT,6393.75,41.0,Familiar,622.0,0,1,Sim,0
P001703,2025-11-01,57200.0,11954.8,0.209,45245.2,0.791,48,Concessionária,2023,2,45,Empresário,22298.86,2.0,Alugada,603.0,0,0,Não,0
P001704,2025-10-01,23700.0,4718.67,0.1991,18981.33,0.8009,36,Revenda multimarca,2021,4,28,CLT,2024.22,63.0,Financiada,420.0,1,4,Sim,0
P001705,2025-10-01,25600.0,512.0,0.02,25088.0,0.98,48,Revenda multimarca,2022,3,35,Empresário,7109.11,1.0,Familiar,521.0,3,8,Sim,0
P001706,2025-11-01,33100.0,8000.27,0.2417,25099.73,0.7583,60,Concessionária,2024,1,42,Autônomo,3937.67,,Própria,517.0,1,2,Não,0
P001707,2025-09-01,27100.0,1395.65,0.0515,25704.35,0.9485,36,Concessionária,2024,1,39,Autônomo,4144.66,41.0,Financiada,635.0,0,1,Não,0
P001708,2025-07-01,47400.0,5545.8,0.117,41854.2,0.883,24,Concessionária,2022,3,22,CLT,9376.52,43.0,Alugada,733.0,0,0,Não,0
P001709,2025-09-01,58100.0,16953.58,0.2918,41146.42,0.7082,48,Correspondente bancário,2022,3,50,Autônomo,2939.09,,Alugada,526.0,2,4,Sim,0
P001710,2025-07-01,51400.0,14052.76,0.2734,37347.24,0.7266,24,Concessionária,2021,4,43,Empresário,5771.22,44.0,Própria,731.0,0,0,Não,0
P001711,2025-10-01,64700.0,14538.09,0.2247,50161.91,0.7753,48,Concessionária,2023,2,29,Servidor público,14856.92,,Financiada,972.0,0,0,Não,0
P001712,2025-11-01,32400.0,3178.44,0.0981,29221.56,0.9019,48,Digital,2014,11,56,Aposentado,,147.0,Alugada,481.0,2,2,Sim,0
P001713,2025-09-01,22000.0,1812.8,0.0824,20187.2,0.9176,36,Concessionária,2023,2,59,Autônomo,2169.85,28.0,Alugada,572.0,1,1,Não,0
P001714,2025-07-01,35900.0,1206.24,0.0336,34693.76,0.9664,24,Revenda multimarca,2013,12,44,CLT,3452.15,37.0,Financiada,594.0,2,1,Não,0
P001715,2025-10-01,25600.0,2124.8,0.083,23475.2,0.917,48,Concessionária,2023,2,29,Autônomo,5187.55,42.0,Financiada,534.0,0,1,Sim,0
P001716,2025-08-01,22000.0,6388.8,0.2904,15611.2,0.7096,48,Concessionária,2023,2,52,Autônomo,2801.14,23.0,Alugada,451.0,2,4,Sim,0
P001717,2025-09-01,34500.0,10919.25,0.3165,23580.75,0.6835,48,Correspondente bancário,2025,0,32,CLT,5067.75,52.0,Alugada,613.0,0,2,Sim,0
P001718,2025-10-01,39300.0,6028.62,0.1534,33271.38,0.8466,60,Revenda multimarca,2019,6,32,CLT,3008.26,88.0,Financiada,514.0,1,2,Sim,0
P001719,2025-12-01,36300.0,13078.89,0.3603,23221.11,0.6397,48,Revenda multimarca,2016,9,47,CLT,3837.56,6.0,Alugada,373.0,0,2,Não,0
P001720,2025-09-01,48400.0,17317.52,0.3578,31082.48,0.6422,36,Revenda multimarca,2023,2,31,CLT,4433.57,,Alugada,628.0,0,1,Sim,0
P001721,2025-07-01,47200.0,18620.4,0.3945,28579.6,0.6055,48,Concessionária,2022,3,68,Aposentado,6574.84,355.0,Familiar,464.0,1,3,Não,0
P001722,2025-08-01,37200.0,19634.16,0.5278,17565.84,0.4722,36,Concessionária,2023,2,39,CLT,1600.0,101.0,Financiada,481.0,1,3,Não,0
P001723,2025-09-01,28900.0,6878.2,0.238,22021.8,0.762,60,Revenda multimarca,2020,5,56,Empresário,4116.56,3.0,Alugada,549.0,2,1,Não,0
P001724,2025-10-01,114200.0,12299.34,0.1077,101900.66,0.8923,60,Revenda multimarca,2021,4,66,Servidor público,11432.86,168.0,Familiar,586.0,0,5,Não,0
P001725,2025-08-01,24900.0,3891.87,0.1563,21008.13,0.8437,48,Digital,2019,6,30,CLT,4968.66,118.0,Alugada,585.0,2,2,Não,0
P001726,2025-11-01,106700.0,26973.76,0.2528,79726.24,0.7472,48,Concessionária,2020,5,65,CLT,13834.23,,Própria,738.0,0,2,Não,0
P001727,2025-07-01,46300.0,6412.55,0.1385,39887.45,0.8615,48,Concessionária,2018,7,28,CLT,4658.36,44.0,Alugada,658.0,0,1,Não,0
P001728,2025-08-01,35400.0,20666.52,0.5838,14733.48,0.4162,24,Concessionária,2025,0,39,CLT,3283.81,93.0,Alugada,583.0,1,0,Sim,0
P001729,2025-07-01,22000.0,7860.6,0.3573,14139.4,0.6427,60,Concessionária,2017,8,35,Autônomo,1827.3,29.0,Própria,633.0,1,3,Não,0
P001730,2025-10-01,27600.0,4736.16,0.1716,22863.84,0.8284,60,Revenda multimarca,2013,12,40,CLT,2249.2,45.0,Alugada,550.0,3,1,Não,0
P001731,2025-12-01,39300.0,2684.19,0.0683,36615.81,0.9317,36,Concessionária,2015,10,33,Autônomo,2030.99,118.0,Financiada,447.0,5,2,Não,0
P001732,2025-12-01,47200.0,5687.6,0.1205,41512.4,0.8795,60,Revenda multimarca,2024,1,47,CLT,,26.0,Própria,710.0,1,1,Não,0
P001733,2025-12-01,68500.0,10720.25,0.1565,57779.75,0.8435,48,Concessionária,2019,6,50,CLT,8435.21,59.0,Própria,308.0,5,2,Não,0
P001734,2025-07-01,31600.0,12147.04,0.3844,19452.96,0.6156,60,Digital,2018,7,54,Empresário,5366.78,22.0,Alugada,456.0,0,2,Não,0
P001735,2025-09-01,49300.0,6478.02,0.1314,42821.98,0.8686,48,Concessionária,2024,1,36,Servidor público,8039.47,165.0,Própria,579.0,0,2,Não,0
P001736,2025-09-01,49700.0,17723.02,0.3566,31976.98,0.6434,48,Revenda multimarca,2023,2,44,CLT,4303.8,21.0,Financiada,637.0,0,1,Não,0
P001737,2025-10-01,39000.0,6871.8,0.1762,32128.2,0.8238,24,Correspondente bancário,2022,3,30,Autônomo,1600.0,,Alugada,380.0,3,3,Sim,0
P001738,2025-10-01,37400.0,20416.66,0.5459,16983.34,0.4541,60,Revenda multimarca,2023,2,40,CLT,6650.85,14.0,Alugada,,0,0,Não,0
P001739,2025-10-01,38200.0,5172.28,0.1354,33027.72,0.8646,60,Concessionária,2024,1,48,CLT,5237.3,22.0,Financiada,580.0,0,0,Não,0
P001740,2025-07-01,33700.0,4037.26,0.1198,29662.74,0.8802,60,Digital,2023,2,42,Autônomo,2962.76,69.0,Própria,644.0,0,1,Não,0
P001741,2025-08-01,56100.0,10877.79,0.1939,45222.21,0.8061,36,Concessionária,2024,1,75,CLT,2967.4,4.0,Própria,604.0,1,0,Não,0
P001742,2025-07-01,25500.0,10177.05,0.3991,15322.95,0.6009,48,Revenda multimarca,2019,6,29,CLT,2744.44,,Própria,606.0,0,3,Não,0
P001743,2025-10-01,52800.0,17534.88,0.3321,35265.12,0.6679,48,Revenda multimarca,2022,3,26,CLT,6092.96,3.0,Própria,540.0,2,2,Não,0
P001744,2025-08-01,22000.0,1295.8,0.0589,20704.2,0.9411,48,Revenda multimarca,2016,9,40,CLT,,47.0,Alugada,631.0,1,2,Não,0
P001745,2025-10-01,54300.0,4067.07,0.0749,50232.93,0.9251,48,Correspondente bancário,2018,7,27,Autônomo,2250.27,35.0,Própria,612.0,2,2,Não,0
P001746,2025-08-01,43500.0,11888.55,0.2733,31611.45,0.7267,36,Revenda multimarca,2022,3,30,CLT,3278.47,6.0,Familiar,389.0,3,1,Não,0
P001747,2025-11-01,22000.0,1775.4,0.0807,20224.6,0.9193,48,Digital,2019,6,36,Empresário,5429.37,18.0,Alugada,686.0,0,1,Não,0
P001748,2025-09-01,39700.0,18361.25,0.4625,21338.75,0.5375,36,Concessionária,2024,1,42,Servidor público,12267.05,97.0,Alugada,757.0,1,3,Não,0
P001749,2025-09-01,23400.0,5009.94,0.2141,18390.06,0.7859,48,Revenda multimarca,2013,12,48,CLT,1696.7,144.0,Alugada,239.0,5,1,Sim,0
P001750,2025-08-01,48800.0,17314.24,0.3548,31485.76,0.6452,60,Concessionária,2021,4,47,CLT,3417.23,185.0,Familiar,697.0,0,0,Sim,0
P001751,2025-10-01,28600.0,4853.42,0.1697,23746.58,0.8303,24,Correspondente bancário,2020,5,44,Empresário,5173.24,61.0,Própria,416.0,1,2,Não,0
P001752,2025-11-01,36700.0,3196.57,0.0871,33503.43,0.9129,24,Revenda multimarca,2015,10,27,Autônomo,2891.28,8.0,Alugada,574.0,1,0,Sim,0
P001753,2025-10-01,33500.0,13976.2,0.4172,19523.8,0.5828,36,Revenda multimarca,2015,10,45,CLT,3122.34,142.0,Própria,495.0,0,2,Não,0
P001754,2025-10-01,50500.0,5600.45,0.1109,44899.55,0.8891,60,Revenda multimarca,2020,5,59,Aposentado,2380.75,95.0,Alugada,341.0,3,3,Sim,0
P001755,2025-07-01,49800.0,18933.96,0.3802,30866.04,0.6198,36,Correspondente bancário,2021,4,43,Autônomo,4756.9,44.0,Financiada,813.0,0,1,Não,0
P001756,2025-09-01,42500.0,5597.25,0.1317,36902.75,0.8683,60,Concessionária,2021,4,21,CLT,9520.12,36.0,Familiar,700.0,0,0,Não,0
P001757,2025-10-01,73800.0,18855.9,0.2555,54944.1,0.7445,48,Correspondente bancário,2024,1,69,Aposentado,21771.8,467.0,Familiar,422.0,1,4,Não,0
P001758,2025-09-01,27400.0,1348.08,0.0492,26051.92,0.9508,36,Revenda multimarca,2019,6,34,CLT,2382.02,,Própria,404.0,5,3,Sim,0
P001759,2025-08-01,37500.0,10837.5,0.289,26662.5,0.711,48,Revenda multimarca,2022,3,26,CLT,,33.0,Própria,769.0,0,1,Não,0
P001760,2025-11-01,47800.0,6118.4,0.128,41681.6,0.872,60,Revenda multimarca,2023,2,34,CLT,10045.41,19.0,Financiada,558.0,1,3,Não,0
P001761,2025-07-01,23100.0,5273.73,0.2283,17826.27,0.7717,48,Concessionária,2014,11,41,Autônomo,1919.03,31.0,Própria,254.0,3,3,Não,0
P001762,2025-10-01,27200.0,1297.44,0.0477,25902.56,0.9523,60,Concessionária,2021,4,26,CLT,1600.0,39.0,Financiada,242.0,5,4,Sim,0
P001763,2025-10-01,22000.0,2860.0,0.13,19140.0,0.87,60,Concessionária,2022,3,32,CLT,2203.46,108.0,Familiar,398.0,4,5,Não,0
P001764,2025-11-01,65300.0,23129.26,0.3542,42170.74,0.6458,36,Concessionária,2023,2,53,CLT,12720.91,19.0,Familiar,675.0,1,1,Não,0
P001765,2025-12-01,30900.0,7276.95,0.2355,23623.05,0.7645,60,Digital,2022,3,35,CLT,2461.65,22.0,Própria,,3,1,Não,0
P001766,2025-11-01,97700.0,23946.27,0.2451,73753.73,0.7549,36,Concessionária,2024,1,28,CLT,9765.24,26.0,Familiar,627.0,0,5,Não,0
P001767,2025-12-01,73300.0,19725.03,0.2691,53574.97,0.7309,36,Concessionária,2024,1,39,Autônomo,6886.28,14.0,Familiar,776.0,0,1,Não,0
P001768,2025-12-01,42200.0,4853.0,0.115,37347.0,0.885,48,Correspondente bancário,2021,4,45,CLT,2963.44,52.0,Própria,482.0,4,4,Sim,0
P001769,2025-08-01,60200.0,26469.94,0.4397,33730.06,0.5603,36,Revenda multimarca,2023,2,32,Servidor público,5855.85,101.0,Financiada,514.0,1,5,Não,0
P001770,2025-11-01,98500.0,19256.75,0.1955,79243.25,0.8045,60,Correspondente bancário,2021,4,62,CLT,15331.44,51.0,Financiada,652.0,0,1,Não,0
P001771,2025-07-01,43100.0,10706.04,0.2484,32393.96,0.7516,48,Revenda multimarca,2023,2,54,CLT,9284.46,25.0,Própria,609.0,2,2,Não,0
P001772,2025-12-01,53600.0,9406.8,0.1755,44193.2,0.8245,48,Correspondente bancário,2019,6,51,CLT,5621.55,81.0,Familiar,382.0,5,6,Sim,0
P001773,2025-12-01,78100.0,11480.7,0.147,66619.3,0.853,60,Revenda multimarca,2023,2,62,CLT,,62.0,Própria,658.0,0,0,Sim,0
P001774,2025-10-01,54500.0,21538.4,0.3952,32961.6,0.6048,24,Concessionária,2021,4,33,Empresário,9690.27,12.0,Própria,573.0,0,1,Não,0
P001775,2025-08-01,33000.0,10744.8,0.3256,22255.2,0.6744,24,Concessionária,2023,2,33,CLT,5011.1,179.0,Familiar,807.0,1,2,Não,0
P001776,2025-08-01,22000.0,6087.4,0.2767,15912.6,0.7233,36,Revenda multimarca,2023,2,36,CLT,4013.75,64.0,Alugada,342.0,4,2,Sim,0
P001777,2025-11-01,22000.0,2719.2,0.1236,19280.8,0.8764,60,Concessionária,2023,2,32,CLT,1600.0,30.0,Alugada,259.0,5,1,Não,0
P001778,2025-08-01,45300.0,21218.52,0.4684,24081.48,0.5316,36,Concessionária,2023,2,35,CLT,,7.0,Familiar,516.0,1,2,Não,0
P001779,2025-10-01,52700.0,11883.85,0.2255,40816.15,0.7745,48,Concessionária,2024,1,37,CLT,3274.1,93.0,Alugada,620.0,1,2,Não,0
P001780,2025-10-01,27200.0,10442.08,0.3839,16757.92,0.6161,36,Revenda multimarca,2018,7,35,Servidor público,4989.14,119.0,Alugada,613.0,1,0,Sim,0
P001781,2025-09-01,56700.0,15218.28,0.2684,41481.72,0.7316,60,Concessionária,2025,0,31,CLT,27545.49,18.0,Própria,645.0,0,1,Não,0
P001782,2025-07-01,22000.0,1874.4,0.0852,20125.6,0.9148,48,Revenda multimarca,2023,2,45,CLT,1600.0,120.0,Própria,456.0,2,1,Sim,0
P001783,2025-11-01,22000.0,1599.4,0.0727,20400.6,0.9273,48,Revenda multimarca,2016,9,38,CLT,1637.29,,Própria,551.0,1,1,Não,0
P001784,2025-09-01,22000.0,440.0,0.02,21560.0,0.98,48,Digital,2023,2,43,Empresário,2360.54,28.0,Própria,292.0,5,5,Não,0
P001785,2025-08-01,31900.0,5234.79,0.1641,26665.21,0.8359,60,Digital,2020,5,25,Servidor público,,83.0,Alugada,340.0,5,3,Sim,0
P001786,2025-09-01,97300.0,19858.93,0.2041,77441.07,0.7959,60,Concessionária,2024,1,48,Servidor público,19220.06,29.0,Alugada,1000.0,0,0,Não,0
P001787,2025-07-01,25400.0,4218.94,0.1661,21181.06,0.8339,36,Concessionária,2024,1,49,Servidor público,4287.7,53.0,Própria,502.0,0,5,Não,0
P001788,2025-11-01,37400.0,12342.0,0.33,25058.0,0.67,48,Concessionária,2017,8,50,CLT,4973.86,69.0,Própria,532.0,0,2,Não,0
P001789,2025-11-01,45500.0,9013.55,0.1981,36486.45,0.8019,36,Concessionária,2024,1,23,CLT,5228.78,33.0,Própria,665.0,0,0,Não,0
P001790,2025-10-01,22000.0,3456.2,0.1571,18543.8,0.8429,60,Correspondente bancário,2021,4,41,Autônomo,1600.0,40.0,Familiar,212.0,5,4,Sim,0
P001791,2025-12-01,31100.0,5744.17,0.1847,25355.83,0.8153,60,Revenda multimarca,2020,5,75,Aposentado,5514.67,194.0,Própria,515.0,0,2,Não,0
P001792,2025-12-01,29100.0,7368.12,0.2532,21731.88,0.7468,36,Concessionária,2019,6,31,CLT,6325.88,,Alugada,630.0,2,2,Sim,0
P001793,2025-10-01,116200.0,20346.62,0.1751,95853.38,0.8249,24,Concessionária,2022,3,31,Servidor público,5307.42,77.0,Própria,307.0,5,5,Sim,0
P001794,2025-12-01,55300.0,12149.41,0.2197,43150.59,0.7803,24,Digital,2024,1,42,Autônomo,10949.34,35.0,Financiada,800.0,0,1,Não,0
P001795,2025-08-01,22000.0,3280.2,0.1491,18719.8,0.8509,48,Concessionária,2021,4,48,CLT,1600.0,70.0,Financiada,337.0,5,4,Não,0
P001796,2025-08-01,23300.0,1048.5,0.045,22251.5,0.955,60,Correspondente bancário,2013,12,41,CLT,2140.69,78.0,Alugada,520.0,1,2,Sim,0
P001797,2025-08-01,22000.0,1540.0,0.07,20460.0,0.93,48,Revenda multimarca,2022,3,37,Autônomo,3993.51,63.0,Familiar,360.0,4,2,Sim,0
P001798,2025-12-01,80800.0,8984.96,0.1112,71815.04,0.8888,24,Revenda multimarca,2021,4,55,Empresário,13897.4,15.0,Própria,472.0,2,4,Não,0
P001799,2025-09-01,40000.0,14420.0,0.3605,25580.0,0.6395,60,Revenda multimarca,2016,9,36,Autônomo,7520.18,153.0,Alugada,736.0,1,3,Não,0
P001800,2025-07-01,34700.0,3247.92,0.0936,31452.08,0.9064,60,Digital,2024,1,42,Servidor público,2898.98,16.0,Familiar,512.0,0,2,Sim,0
P001801,2025-07-01,30400.0,2541.44,0.0836,27858.56,0.9164,24,Correspondente bancário,2017,8,45,Autônomo,,3.0,Financiada,481.0,5,0,Sim,0
P001802,2025-09-01,33900.0,12800.64,0.3776,21099.36,0.6224,48,Concessionária,2022,3,41,CLT,2661.43,8.0,Própria,203.0,5,9,Não,0
P001803,2025-11-01,81500.0,20309.8,0.2492,61190.2,0.7508,48,Correspondente bancário,2024,1,50,Empresário,5840.45,70.0,Própria,687.0,0,0,Não,0
P001804,2025-07-01,25600.0,5009.92,0.1957,20590.08,0.8043,24,Revenda multimarca,2023,2,24,CLT,2474.54,64.0,Familiar,690.0,0,1,Não,0
P001805,2025-09-01,28900.0,3352.4,0.116,25547.6,0.884,48,Correspondente bancário,2020,5,30,Empresário,11326.15,77.0,Alugada,578.0,3,0,Sim,0
P001806,2025-09-01,22000.0,6791.4,0.3087,15208.6,0.6913,48,Concessionária,2024,1,35,CLT,4378.68,13.0,Alugada,453.0,1,1,Sim,0
P001807,2025-09-01,25000.0,9787.5,0.3915,15212.5,0.6085,24,Revenda multimarca,2016,9,37,CLT,2733.5,53.0,Própria,573.0,1,4,Sim,0
P001808,2025-11-01,26300.0,1301.85,0.0495,24998.15,0.9505,48,Concessionária,2022,3,32,CLT,2441.86,10.0,Familiar,393.0,1,2,Sim,0
P001809,2025-12-01,44100.0,9860.76,0.2236,34239.24,0.7764,48,Revenda multimarca,2024,1,34,CLT,6038.35,16.0,Própria,495.0,2,2,Não,0
P001810,2025-10-01,22000.0,5203.0,0.2365,16797.0,0.7635,48,Correspondente bancário,2018,7,39,CLT,,5.0,Própria,617.0,3,0,Não,0
P001811,2025-08-01,39700.0,1480.81,0.0373,38219.19,0.9627,24,Concessionária,2024,1,29,CLT,2694.18,28.0,Familiar,459.0,5,4,Não,0
P001812,2025-09-01,47700.0,7717.86,0.1618,39982.14,0.8382,24,Correspondente bancário,2023,2,33,Empresário,9041.63,39.0,Financiada,,0,3,Não,0
P001813,2025-07-01,23800.0,8575.14,0.3603,15224.86,0.6397,60,Correspondente bancário,2018,7,61,CLT,3487.6,37.0,Própria,,3,8,Sim,0
P001814,2025-10-01,22000.0,741.4,0.0337,21258.6,0.9663,24,Revenda multimarca,2022,3,38,CLT,9019.05,15.0,Alugada,692.0,0,1,Sim,0
P001815,2025-12-01,44500.0,14533.7,0.3266,29966.3,0.6734,24,Digital,2023,2,38,CLT,5705.24,14.0,Familiar,482.0,0,2,Sim,0
P001816,2025-10-01,36000.0,3466.8,0.0963,32533.2,0.9037,60,Concessionária,2021,4,36,Servidor público,5563.72,15.0,Familiar,451.0,2,1,Não,0
P001817,2025-11-01,38000.0,8724.8,0.2296,29275.2,0.7704,24,Revenda multimarca,2024,1,45,CLT,5884.45,34.0,Própria,503.0,2,1,Não,0
P001818,2025-07-01,22000.0,7671.4,0.3487,14328.6,0.6513,48,Correspondente bancário,2016,9,34,CLT,1689.13,,Própria,515.0,1,0,Não,0
P001819,2025-10-01,48300.0,12963.72,0.2684,35336.28,0.7316,48,Concessionária,2022,3,36,CLT,4007.99,,Alugada,415.0,2,3,Não,0
P001820,2025-07-01,22000.0,1988.8,0.0904,20011.2,0.9096,36,Revenda multimarca,2023,2,34,Autônomo,1600.0,18.0,Alugada,313.0,3,3,Não,0
P001821,2025-08-01,22000.0,3913.8,0.1779,18086.2,0.8221,60,Correspondente bancário,2023,2,47,Autônomo,1837.16,30.0,Própria,410.0,2,1,Sim,0
P001822,2025-07-01,22600.0,4535.82,0.2007,18064.18,0.7993,24,Revenda multimarca,2018,7,40,CLT,1600.0,15.0,Alugada,335.0,5,2,Não,0
P001823,2025-11-01,30600.0,1067.94,0.0349,29532.06,0.9651,36,Concessionária,2023,2,34,CLT,3514.98,21.0,Própria,436.0,4,4,Não,0
P001824,2025-07-01,29400.0,11660.04,0.3966,17739.96,0.6034,36,Revenda multimarca,2016,9,64,Aposentado,1600.0,479.0,Financiada,260.0,3,3,Não,0
P001825,2025-11-01,47000.0,5969.0,0.127,41031.0,0.873,24,Concessionária,2021,4,27,CLT,6494.84,73.0,Familiar,396.0,1,1,Sim,0
P001826,2025-07-01,44900.0,18611.05,0.4145,26288.95,0.5855,60,Concessionária,2015,10,75,Aposentado,1825.8,233.0,Alugada,509.0,1,2,Sim,0
P001827,2025-10-01,28600.0,12892.88,0.4508,15707.12,0.5492,48,Revenda multimarca,2024,1,38,CLT,4548.14,12.0,Alugada,453.0,1,2,Sim,0
P001828,2025-10-01,26800.0,6917.08,0.2581,19882.92,0.7419,36,Concessionária,2024,1,26,CLT,3225.87,26.0,Própria,436.0,4,3,Não,0
P001829,2025-08-01,36800.0,16493.76,0.4482,20306.24,0.5518,24,Concessionária,2024,1,29,Autônomo,1600.0,31.0,Própria,623.0,1,4,Sim,0
P001830,2025-10-01,22000.0,5803.6,0.2638,16196.4,0.7362,48,Concessionária,2017,8,31,CLT,3957.12,,Própria,445.0,3,0,Não,0
P001831,2025-10-01,31800.0,5828.94,0.1833,25971.06,0.8167,60,Correspondente bancário,2023,2,27,Autônomo,1692.89,39.0,Financiada,,2,3,Não,0
P001832,2025-07-01,32500.0,8853.0,0.2724,23647.0,0.7276,60,Correspondente bancário,2020,5,57,CLT,4815.2,94.0,Alugada,456.0,2,0,Sim,0
P001833,2025-12-01,28900.0,1225.36,0.0424,27674.64,0.9576,36,Correspondente bancário,2022,3,29,CLT,5882.57,60.0,Própria,556.0,0,2,Não,0
P001834,2025-12-01,70000.0,19824.0,0.2832,50176.0,0.7168,48,Digital,2019,6,49,Servidor público,14464.71,104.0,Própria,737.0,0,1,Sim,0
P001835,2025-09-01,56300.0,16366.41,0.2907,39933.59,0.7093,36,Digital,2019,6,32,CLT,2327.2,63.0,Alugada,978.0,0,0,Não,0
P001836,2025-12-01,22000.0,14339.6,0.6518,7660.4,0.3482,48,Revenda multimarca,2013,12,32,CLT,1994.32,56.0,Própria,288.0,5,0,Sim,0
P001837,2025-12-01,80100.0,20689.83,0.2583,59410.17,0.7417,36,Concessionária,2024,1,48,CLT,4228.08,17.0,Financiada,665.0,0,1,Não,0
P001838,2025-08-01,53900.0,6715.94,0.1246,47184.06,0.8754,48,Concessionária,2024,1,42,Empresário,4098.35,88.0,Própria,434.0,4,3,Sim,0
P001839,2025-12-01,55800.0,13392.0,0.24,42408.0,0.76,48,Correspondente bancário,2023,2,45,Autônomo,4667.57,31.0,Alugada,418.0,3,1,Não,0
P001840,2025-10-01,52500.0,5271.0,0.1004,47229.0,0.8996,60,Digital,2021,4,38,CLT,4707.28,62.0,Financiada,454.0,3,3,Sim,0
P001841,2025-08-01,80100.0,32873.04,0.4104,47226.96,0.5896,36,Concessionária,2024,1,69,Autônomo,9488.05,29.0,Própria,775.0,0,3,Não,0
P001842,2025-09-01,26100.0,5859.45,0.2245,20240.55,0.7755,60,Digital,2022,3,56,CLT,3949.72,17.0,Familiar,274.0,5,6,Não,0
P001843,2025-11-01,53700.0,6481.59,0.1207,47218.41,0.8793,36,Concessionária,2024,1,59,Autônomo,5717.57,14.0,Alugada,712.0,0,0,Não,0
P001844,2025-11-01,23700.0,8204.94,0.3462,15495.06,0.6538,48,Revenda multimarca,2024,1,35,Empresário,5424.23,71.0,Familiar,413.0,4,3,Não,0
P001845,2025-09-01,28000.0,4922.4,0.1758,23077.6,0.8242,60,Concessionária,2021,4,36,CLT,2085.95,24.0,Própria,546.0,1,1,Não,0
P001846,2025-12-01,62600.0,10216.32,0.1632,52383.68,0.8368,60,Concessionária,2022,3,32,CLT,8404.18,19.0,Própria,814.0,0,0,Não,0
P001847,2025-11-01,22000.0,1555.4,0.0707,20444.6,0.9293,60,Revenda multimarca,2023,2,41,Autônomo,2092.9,90.0,Própria,529.0,2,4,Não,0
P001848,2025-09-01,44400.0,7587.96,0.1709,36812.04,0.8291,48,Revenda multimarca,2021,4,24,CLT,3449.12,,Familiar,683.0,1,1,Não,0
P001849,2025-11-01,22000.0,7825.4,0.3557,14174.6,0.6443,36,Digital,2017,8,60,CLT,8064.18,33.0,Alugada,459.0,3,6,Não,0
P001850,2025-08-01,32100.0,4378.44,0.1364,27721.56,0.8636,48,Correspondente bancário,2023,2,30,Autônomo,3832.87,,Familiar,559.0,0,1,Não,0
P001851,2025-11-01,76700.0,29376.1,0.383,47323.9,0.617,24,Digital,2024,1,45,Servidor público,13362.68,5.0,Alugada,552.0,0,1,Não,0
P001852,2025-08-01,36900.0,12712.05,0.3445,24187.95,0.6555,36,Digital,2013,12,44,Autônomo,1600.0,,Financiada,521.0,0,2,Não,0
P001853,2025-07-01,52800.0,6747.84,0.1278,46052.16,0.8722,48,Revenda multimarca,2024,1,37,Empresário,6151.68,14.0,Alugada,661.0,2,1,Não,0
P001854,2025-11-01,25100.0,1895.05,0.0755,23204.95,0.9245,36,Revenda multimarca,2020,5,43,CLT,3097.42,89.0,Financiada,435.0,1,2,Sim,0
P001855,2025-12-01,197700.0,24317.1,0.123,173382.9,0.877,48,Concessionária,2022,3,31,CLT,12157.93,46.0,Familiar,754.0,0,1,Não,0
P001856,2025-10-01,75700.0,30817.47,0.4071,44882.53,0.5929,60,Correspondente bancário,2022,3,47,CLT,9592.57,61.0,Financiada,609.0,1,2,Não,0
P001857,2025-11-01,26000.0,14687.4,0.5649,11312.6,0.4351,48,Concessionária,2024,1,65,CLT,1678.23,,Alugada,657.0,1,1,Não,0
P001858,2025-12-01,47700.0,3596.58,0.0754,44103.42,0.9246,36,Concessionária,2023,2,33,CLT,4450.71,,Alugada,,0,1,Não,0
P001859,2025-10-01,28300.0,566.0,0.02,27734.0,0.98,60,Digital,2025,0,39,CLT,2402.07,79.0,Própria,370.0,2,3,Não,0
P001860,2025-08-01,22000.0,11431.2,0.5196,10568.8,0.4804,36,Concessionária,2024,1,32,CLT,4567.72,18.0,Alugada,674.0,0,2,Não,0
P001861,2025-12-01,34300.0,2356.41,0.0687,31943.59,0.9313,48,Digital,2024,1,49,CLT,2798.74,59.0,Familiar,492.0,2,0,Não,0
P001862,2025-09-01,75400.0,8482.5,0.1125,66917.5,0.8875,48,Concessionária,2023,2,42,CLT,,51.0,Financiada,421.0,5,2,Sim,0
P001863,2025-07-01,30300.0,10183.83,0.3361,20116.17,0.6639,36,Revenda multimarca,2024,1,36,CLT,2896.86,144.0,Financiada,391.0,3,0,Não,0
P001864,2025-10-01,43400.0,13588.54,0.3131,29811.46,0.6869,48,Revenda multimarca,2021,4,51,CLT,5729.63,66.0,Alugada,667.0,2,1,Não,0
P001865,2025-10-01,59200.0,13988.96,0.2363,45211.04,0.7637,48,Revenda multimarca,2013,12,26,CLT,4932.67,63.0,Familiar,665.0,0,1,Não,0
P001866,2025-12-01,32300.0,6175.76,0.1912,26124.24,0.8088,60,Concessionária,2022,3,31,CLT,2163.66,59.0,Financiada,558.0,1,1,Não,0
P001867,2025-11-01,56700.0,1134.0,0.02,55566.0,0.98,48,Correspondente bancário,2025,0,46,CLT,15944.08,99.0,Financiada,729.0,0,2,Sim,0
P001868,2025-07-01,29100.0,8721.27,0.2997,20378.73,0.7003,36,Correspondente bancário,2023,2,23,CLT,1600.0,60.0,Alugada,148.0,5,5,Sim,0
P001869,2025-10-01,33000.0,24750.0,0.75,8250.0,0.25,36,Concessionária,2023,2,47,CLT,,24.0,Familiar,137.0,5,6,Sim,0
P001870,2025-09-01,22900.0,2106.8,0.092,20793.2,0.908,48,Correspondente bancário,2020,5,24,Autônomo,1600.0,72.0,Alugada,,5,0,Sim,0
P001871,2025-10-01,32500.0,11235.25,0.3457,21264.75,0.6543,24,Revenda multimarca,2024,1,64,Aposentado,3496.65,,Própria,510.0,4,6,Não,0
P001872,2025-09-01,23900.0,8145.12,0.3408,15754.88,0.6592,36,Revenda multimarca,2023,2,44,Autônomo,1624.35,30.0,Financiada,,5,3,Não,0
P001873,2025-09-01,50800.0,18836.64,0.3708,31963.36,0.6292,24,Digital,2019,6,36,Servidor público,8964.69,38.0,Própria,643.0,0,2,Não,0
P001874,2025-09-01,22000.0,2930.4,0.1332,19069.6,0.8668,48,Revenda multimarca,2017,8,32,CLT,2164.74,78.0,Financiada,453.0,2,2,Não,0
P001875,2025-11-01,33800.0,12529.66,0.3707,21270.34,0.6293,48,Revenda multimarca,2023,2,53,CLT,,21.0,Financiada,740.0,0,0,Não,0
P001876,2025-10-01,22000.0,4771.8,0.2169,17228.2,0.7831,48,Revenda multimarca,2023,2,29,CLT,1911.16,9.0,Alugada,404.0,2,4,Não,0
P001877,2025-08-01,25600.0,6264.32,0.2447,19335.68,0.7553,36,Concessionária,2024,1,38,Autônomo,2092.7,11.0,Financiada,554.0,4,1,Não,0
P001878,2025-10-01,125000.0,19737.5,0.1579,105262.5,0.8421,48,Digital,2021,4,39,Autônomo,11347.99,24.0,Financiada,642.0,0,1,Não,0
P001879,2025-09-01,42700.0,3535.56,0.0828,39164.44,0.9172,36,Concessionária,2019,6,33,CLT,2740.58,,Alugada,668.0,0,2,Sim,0
P001880,2025-07-01,22000.0,2972.2,0.1351,19027.8,0.8649,36,Digital,2019,6,34,CLT,1970.94,58.0,Alugada,346.0,4,6,Sim,0
P001881,2025-10-01,106200.0,9632.34,0.0907,96567.66,0.9093,60,Revenda multimarca,2025,0,41,Autônomo,,17.0,Alugada,580.0,1,0,Não,0
P001882,2025-11-01,37100.0,3583.86,0.0966,33516.14,0.9034,24,Revenda multimarca,2018,7,35,CLT,3477.61,67.0,Própria,738.0,2,3,Não,0
P001883,2025-10-01,38600.0,25383.36,0.6576,13216.64,0.3424,48,Digital,2023,2,54,CLT,6899.65,20.0,Própria,598.0,0,2,Não,0
P001884,2025-09-01,24000.0,9088.8,0.3787,14911.2,0.6213,48,Concessionária,2024,1,32,CLT,4619.81,35.0,Própria,541.0,2,1,Não,0
P001885,2025-09-01,27000.0,7149.6,0.2648,19850.4,0.7352,36,Concessionária,2015,10,51,Servidor público,,126.0,Familiar,675.0,3,4,Não,0
P001886,2025-12-01,37900.0,2660.58,0.0702,35239.42,0.9298,48,Revenda multimarca,2021,4,29,CLT,5543.04,36.0,Familiar,989.0,0,0,Não,0
P001887,2025-10-01,69300.0,21018.69,0.3033,48281.31,0.6967,48,Concessionária,2021,4,40,CLT,3836.97,159.0,Própria,768.0,0,2,Não,0
P001888,2025-08-01,22000.0,440.0,0.02,21560.0,0.98,60,Revenda multimarca,2020,5,22,Autônomo,1600.0,,Própria,57.0,5,9,Sim,0
P001889,2025-10-01,32200.0,16827.72,0.5226,15372.28,0.4774,60,Concessionária,2021,4,37,CLT,4374.25,52.0,Financiada,410.0,5,2,Não,0
P001890,2025-08-01,40300.0,1156.61,0.0287,39143.39,0.9713,36,Revenda multimarca,2021,4,30,CLT,2841.97,,Familiar,500.0,0,0,Sim,0
P001891,2025-09-01,45800.0,6897.48,0.1506,38902.52,0.8494,48,Digital,2023,2,55,Autônomo,7364.6,19.0,Financiada,661.0,2,1,Não,0
P001892,2025-10-01,32800.0,13067.52,0.3984,19732.48,0.6016,48,Concessionária,2025,0,34,CLT,6452.74,16.0,Familiar,556.0,0,0,Não,0
P001893,2025-11-01,48400.0,30729.16,0.6349,17670.84,0.3651,24,Concessionária,2024,1,27,Servidor público,5441.81,108.0,Financiada,373.0,1,2,Sim,0
P001894,2025-12-01,32100.0,9039.36,0.2816,23060.64,0.7184,60,Concessionária,2019,6,39,CLT,4439.16,50.0,Própria,798.0,0,3,Não,0
P001895,2025-10-01,39900.0,22675.17,0.5683,17224.83,0.4317,36,Digital,2024,1,40,Empresário,8373.99,136.0,Própria,485.0,4,1,Não,0
P001896,2025-12-01,22000.0,8093.8,0.3679,13906.2,0.6321,48,Revenda multimarca,2015,10,51,Autônomo,,50.0,Própria,335.0,2,1,Não,0
P001897,2025-11-01,24200.0,4394.72,0.1816,19805.28,0.8184,48,Digital,2013,12,33,CLT,1773.71,30.0,Alugada,525.0,0,0,Não,0
P001898,2025-09-01,44800.0,23376.64,0.5218,21423.36,0.4782,60,Digital,2018,7,40,Servidor público,10391.36,69.0,Familiar,773.0,0,2,Não,0
P001899,2025-08-01,22000.0,1016.4,0.0462,20983.6,0.9538,60,Concessionária,2021,4,32,CLT,2710.41,80.0,Alugada,567.0,3,2,Não,0
P001900,2025-11-01,36500.0,9541.1,0.2614,26958.9,0.7386,60,Revenda multimarca,2014,11,43,Servidor público,3334.89,30.0,Própria,530.0,2,2,Sim,0
P001901,2025-08-01,34800.0,6023.88,0.1731,28776.12,0.8269,24,Digital,2019,6,66,Aposentado,4865.53,223.0,Própria,475.0,3,6,Sim,0
P001902,2025-09-01,39300.0,12741.06,0.3242,26558.94,0.6758,48,Concessionária,2024,1,35,CLT,3384.26,32.0,Alugada,375.0,5,2,Não,0
P001903,2025-07-01,22000.0,10392.8,0.4724,11607.2,0.5276,60,Correspondente bancário,2022,3,59,CLT,3522.44,108.0,Alugada,534.0,0,0,Não,0
P001904,2025-09-01,60700.0,8145.94,0.1342,52554.06,0.8658,60,Revenda multimarca,2023,2,56,Empresário,25891.55,10.0,Própria,598.0,2,3,Não,0
P001905,2025-10-01,47200.0,16227.36,0.3438,30972.64,0.6562,48,Digital,2022,3,43,CLT,3067.87,,Alugada,560.0,1,1,Não,0
P001906,2025-11-01,65800.0,13238.96,0.2012,52561.04,0.7988,36,Concessionária,2023,2,39,Autônomo,4439.15,37.0,Própria,687.0,0,0,Não,0
P001907,2025-09-01,103900.0,19179.94,0.1846,84720.06,0.8154,36,Concessionária,2024,1,41,CLT,6783.89,46.0,Alugada,688.0,0,2,Não,0
P001908,2025-09-01,33000.0,4887.3,0.1481,28112.7,0.8519,24,Revenda multimarca,2024,1,29,CLT,4071.17,11.0,Própria,385.0,3,2,Não,0
P001909,2025-08-01,27600.0,2296.32,0.0832,25303.68,0.9168,60,Revenda multimarca,2022,3,37,CLT,2672.37,99.0,Familiar,325.0,3,4,Sim,0
P001910,2025-12-01,34300.0,10118.5,0.295,24181.5,0.705,60,Correspondente bancário,2024,1,56,Autônomo,4517.54,80.0,Financiada,587.0,3,3,Não,0
P001911,2025-12-01,39800.0,8198.8,0.206,31601.2,0.794,36,Concessionária,2022,3,28,Servidor público,2903.69,87.0,Alugada,496.0,2,5,Não,0
P001912,2025-08-01,58500.0,7523.1,0.1286,50976.9,0.8714,36,Digital,2016,9,38,Empresário,4324.34,72.0,Alugada,315.0,4,2,Não,0
P001913,2025-12-01,22000.0,3702.6,0.1683,18297.4,0.8317,36,Concessionária,2022,3,37,Autônomo,1715.86,,Própria,661.0,3,1,Não,0
P001914,2025-07-01,22000.0,1271.6,0.0578,20728.4,0.9422,24,Digital,2020,5,40,Servidor público,2879.67,12.0,Alugada,457.0,0,1,Não,0
P001915,2025-10-01,58600.0,5326.74,0.0909,53273.26,0.9091,48,Digital,2024,1,40,Servidor público,4415.93,74.0,Própria,381.0,3,1,Não,0
P001916,2025-08-01,22000.0,1042.8,0.0474,20957.2,0.9526,24,Concessionária,2021,4,62,CLT,2534.07,,Familiar,528.0,1,2,Não,0
P001917,2025-07-01,74500.0,4529.6,0.0608,69970.4,0.9392,36,Concessionária,2023,2,39,Autônomo,5740.95,25.0,Alugada,674.0,0,1,Não,0
P001918,2025-10-01,48100.0,2751.32,0.0572,45348.68,0.9428,36,Concessionária,2014,11,46,CLT,4780.24,16.0,Financiada,568.0,3,2,Não,0
P001919,2025-12-01,22000.0,6641.8,0.3019,15358.2,0.6981,36,Concessionária,2019,6,32,CLT,,92.0,Alugada,421.0,2,3,Sim,0
P001920,2025-10-01,50400.0,5261.76,0.1044,45138.24,0.8956,60,Concessionária,2022,3,31,CLT,3003.7,19.0,Própria,596.0,0,1,Não,0
P001921,2025-12-01,50900.0,3466.29,0.0681,47433.71,0.9319,48,Correspondente bancário,2018,7,38,CLT,2798.69,31.0,Familiar,264.0,5,3,Não,0
P001922,2025-08-01,27400.0,2937.28,0.1072,24462.72,0.8928,24,Concessionária,2024,1,75,Aposentado,4879.92,101.0,Própria,518.0,4,4,Sim,0
P001923,2025-12-01,25100.0,4337.28,0.1728,20762.72,0.8272,60,Digital,2023,2,44,CLT,3059.1,,Alugada,658.0,2,1,Não,0
P001924,2025-07-01,22000.0,1537.8,0.0699,20462.2,0.9301,60,Concessionária,2020,5,40,CLT,2275.99,32.0,Financiada,,5,2,Não,0
P001925,2025-09-01,28600.0,2405.26,0.0841,26194.74,0.9159,48,Revenda multimarca,2023,2,40,CLT,2583.77,19.0,Própria,512.0,2,5,Sim,0
P001926,2025-11-01,25400.0,1915.16,0.0754,23484.84,0.9246,48,Correspondente bancário,2017,8,39,Autônomo,1821.3,29.0,Familiar,354.0,5,3,Sim,0
P001927,2025-10-01,22000.0,10100.2,0.4591,11899.8,0.5409,24,Concessionária,2021,4,36,Autônomo,1600.0,,Alugada,506.0,3,0,Sim,0
P001928,2025-10-01,57500.0,11293.0,0.1964,46207.0,0.8036,24,Digital,2024,1,50,CLT,10666.28,20.0,Familiar,700.0,2,0,Não,0
P001929,2025-08-01,26900.0,4486.92,0.1668,22413.08,0.8332,48,Revenda multimarca,2021,4,37,Empresário,8347.75,102.0,Financiada,624.0,2,1,Não,0
P001930,2025-11-01,48900.0,10117.41,0.2069,38782.59,0.7931,48,Revenda multimarca,2023,2,46,Autônomo,4727.19,15.0,Alugada,196.0,5,5,Sim,0
P001931,2025-11-01,22000.0,2600.4,0.1182,19399.6,0.8818,48,Revenda multimarca,2024,1,39,CLT,1600.0,46.0,Própria,442.0,5,1,Não,0
P001932,2025-09-01,22000.0,6723.2,0.3056,15276.8,0.6944,24,Revenda multimarca,2023,2,35,CLT,3613.74,15.0,Financiada,793.0,0,1,Não,0
P001933,2025-09-01,71400.0,37620.66,0.5269,33779.34,0.4731,48,Revenda multimarca,2025,0,75,Aposentado,13730.09,182.0,Alugada,991.0,0,0,Não,0
P001934,2025-07-01,23200.0,1635.6,0.0705,21564.4,0.9295,48,Concessionária,2024,1,23,CLT,3551.39,,Familiar,575.0,2,2,Não,0
P001935,2025-12-01,22000.0,3128.4,0.1422,18871.6,0.8578,60,Revenda multimarca,2022,3,53,Aposentado,1884.68,123.0,Própria,344.0,5,1,Não,0
P001936,2025-07-01,37800.0,6142.5,0.1625,31657.5,0.8375,48,Concessionária,2021,4,41,CLT,3056.6,49.0,Familiar,815.0,0,1,Não,0
P001937,2025-09-01,51600.0,20232.36,0.3921,31367.64,0.6079,24,Revenda multimarca,2022,3,33,Empresário,4641.35,37.0,Própria,500.0,3,1,Não,0
P001938,2025-11-01,37700.0,3328.91,0.0883,34371.09,0.9117,48,Concessionária,2023,2,37,CLT,4269.7,33.0,Familiar,510.0,0,2,Não,0
P001939,2025-10-01,48400.0,6292.0,0.13,42108.0,0.87,60,Concessionária,2021,4,42,Empresário,,37.0,Alugada,703.0,1,0,Não,0
P001940,2025-08-01,27600.0,12091.56,0.4381,15508.44,0.5619,48,Digital,2018,7,33,Autônomo,4463.12,33.0,Familiar,437.0,3,4,Não,0
P001941,2025-08-01,77400.0,12608.46,0.1629,64791.54,0.8371,24,Revenda multimarca,2023,2,29,CLT,8036.37,123.0,Própria,682.0,0,2,Não,0
P001942,2025-10-01,52100.0,7049.13,0.1353,45050.87,0.8647,24,Revenda multimarca,2015,10,33,CLT,4928.05,12.0,Alugada,368.0,5,3,Sim,0
P001943,2025-07-01,31900.0,6485.27,0.2033,25414.73,0.7967,36,Revenda multimarca,2018,7,27,Servidor público,2150.39,59.0,Própria,418.0,1,0,Não,0
P001944,2025-11-01,32500.0,9278.75,0.2855,23221.25,0.7145,60,Revenda multimarca,2018,7,29,CLT,3111.57,,Familiar,156.0,5,3,Sim,0
P001945,2025-12-01,73100.0,5314.37,0.0727,67785.63,0.9273,60,Concessionária,2022,3,45,Servidor público,7332.28,19.0,Financiada,634.0,1,1,Não,0
P001946,2025-07-01,22000.0,664.4,0.0302,21335.6,0.9698,48,Correspondente bancário,2021,4,43,CLT,1600.0,136.0,Própria,412.0,4,4,Não,0
P001947,2025-08-01,66400.0,9960.0,0.15,56440.0,0.85,36,Correspondente bancário,2022,3,38,CLT,5309.72,24.0,Familiar,770.0,0,1,Não,0
P001948,2025-08-01,22000.0,4881.8,0.2219,17118.2,0.7781,36,Correspondente bancário,2013,12,33,Autônomo,2034.44,23.0,Familiar,455.0,0,2,Não,0
P001949,2025-09-01,22000.0,5178.8,0.2354,16821.2,0.7646,60,Digital,2018,7,31,CLT,1600.0,25.0,Alugada,42.0,5,6,Sim,0
P001950,2025-11-01,33500.0,1936.3,0.0578,31563.7,0.9422,36,Correspondente bancário,2013,12,50,Autônomo,2482.09,36.0,Alugada,379.0,5,1,Sim,0
P001951,2025-11-01,43600.0,3392.08,0.0778,40207.92,0.9222,24,Concessionária,2024,1,60,CLT,6810.11,31.0,Familiar,725.0,0,1,Não,0
P001952,2025-09-01,47200.0,6154.88,0.1304,41045.12,0.8696,48,Concessionária,2023,2,28,CLT,4629.53,26.0,Financiada,600.0,0,1,Não,0
P001953,2025-11-01,25000.0,6115.0,0.2446,18885.0,0.7554,36,Digital,2024,1,32,CLT,2303.46,,Própria,480.0,1,2,Sim,0
P001954,2025-08-01,29300.0,3718.17,0.1269,25581.83,0.8731,48,Revenda multimarca,2019,6,54,Autônomo,2295.28,20.0,Própria,363.0,2,2,Não,0
P001955,2025-08-01,48200.0,2226.84,0.0462,45973.16,0.9538,60,Revenda multimarca,2013,12,54,Aposentado,3521.19,,Financiada,501.0,1,2,Não,0
P001956,2025-07-01,24300.0,5904.9,0.243,18395.1,0.757,36,Digital,2021,4,46,CLT,3025.95,11.0,Financiada,437.0,1,3,Não,0
P001957,2025-07-01,30800.0,2103.64,0.0683,28696.36,0.9317,36,Concessionária,2023,2,36,Empresário,5313.94,31.0,Alugada,728.0,0,3,Não,0
P001958,2025-07-01,22000.0,5640.8,0.2564,16359.2,0.7436,36,Concessionária,2022,3,40,CLT,4871.25,19.0,Alugada,615.0,1,5,Sim,0
P001959,2025-11-01,22000.0,5568.2,0.2531,16431.8,0.7469,48,Digital,2019,6,35,CLT,2855.57,,Alugada,481.0,3,1,Não,0
P001960,2025-08-01,22000.0,7497.6,0.3408,14502.4,0.6592,48,Revenda multimarca,2025,0,40,Autônomo,2318.94,7.0,Financiada,476.0,2,1,Não,0
P001961,2025-12-01,29400.0,3627.96,0.1234,25772.04,0.8766,24,Concessionária,2022,3,34,Autônomo,1600.0,29.0,Familiar,402.0,3,2,Sim,0
P001962,2025-10-01,22000.0,2030.6,0.0923,19969.4,0.9077,48,Concessionária,2023,2,25,CLT,2496.02,38.0,Familiar,,2,0,Sim,0
P001963,2025-07-01,22000.0,4006.2,0.1821,17993.8,0.8179,48,Digital,2022,3,40,Servidor público,4035.09,,Alugada,288.0,5,5,Não,0
P001964,2025-09-01,27000.0,3199.5,0.1185,23800.5,0.8815,48,Concessionária,2018,7,51,CLT,5257.02,75.0,Familiar,262.0,5,2,Sim,0
P001965,2025-10-01,27500.0,1289.75,0.0469,26210.25,0.9531,36,Correspondente bancário,2021,4,46,CLT,,25.0,Alugada,723.0,0,2,Não,0
P001966,2025-07-01,37700.0,1734.2,0.046,35965.8,0.954,60,Correspondente bancário,2023,2,51,Autônomo,10972.7,5.0,Própria,535.0,2,1,Não,0
P001967,2025-12-01,54900.0,14586.93,0.2657,40313.07,0.7343,48,Digital,2021,4,55,CLT,7924.08,17.0,Alugada,864.0,0,0,Não,0
P001968,2025-09-01,75600.0,17554.32,0.2322,58045.68,0.7678,36,Digital,2019,6,48,CLT,5309.26,,Familiar,480.0,1,4,Não,0
P001969,2025-10-01,23000.0,3146.4,0.1368,19853.6,0.8632,48,Concessionária,2023,2,27,CLT,1818.75,31.0,Própria,426.0,0,2,Não,0
P001970,2025-08-01,30400.0,7223.04,0.2376,23176.96,0.7624,48,Revenda multimarca,2019,6,28,Autônomo,2098.66,35.0,Alugada,323.0,4,5,Não,0
P001971,2025-12-01,22000.0,2222.0,0.101,19778.0,0.899,36,Revenda multimarca,2019,6,47,CLT,1903.99,118.0,Financiada,,2,0,Sim,0
P001972,2025-09-01,24200.0,5340.94,0.2207,18859.06,0.7793,24,Correspondente bancário,2022,3,37,CLT,,119.0,Própria,515.0,1,3,Sim,0
P001973,2025-09-01,22000.0,2629.0,0.1195,19371.0,0.8805,48,Digital,2022,3,66,CLT,1600.0,162.0,Própria,343.0,5,7,Não,0
P001974,2025-09-01,77100.0,8396.19,0.1089,68703.81,0.8911,24,Concessionária,2017,8,33,CLT,6834.41,76.0,Familiar,512.0,0,2,Não,0
P001975,2025-12-01,28600.0,2722.72,0.0952,25877.28,0.9048,36,Concessionária,2017,8,48,CLT,2157.1,28.0,Alugada,436.0,1,2,Não,0
P001976,2025-12-01,66600.0,2131.2,0.032,64468.8,0.968,60,Digital,2024,1,59,Autônomo,12682.35,,Familiar,665.0,0,0,Não,0
P001977,2025-11-01,22000.0,10111.2,0.4596,11888.8,0.5404,24,Revenda multimarca,2018,7,33,Servidor público,2889.44,180.0,Familiar,516.0,3,1,Não,0
P001978,2025-11-01,28200.0,11344.86,0.4023,16855.14,0.5977,48,Correspondente bancário,2016,9,27,Empresário,3416.06,31.0,Própria,577.0,2,5,Não,0
P001979,2025-12-01,36900.0,4808.07,0.1303,32091.93,0.8697,24,Revenda multimarca,2018,7,58,CLT,4590.63,32.0,Financiada,741.0,0,0,Não,0
P001980,2025-11-01,37200.0,11647.32,0.3131,25552.68,0.6869,24,Concessionária,2024,1,33,Autônomo,4486.19,49.0,Própria,687.0,0,0,Não,0
P001981,2025-10-01,78200.0,25555.76,0.3268,52644.24,0.6732,48,Digital,2023,2,56,CLT,14951.32,42.0,Financiada,753.0,0,0,Não,0
P001982,2025-07-01,23200.0,10377.36,0.4473,12822.64,0.5527,60,Correspondente bancário,2022,3,47,Autônomo,5402.64,30.0,Familiar,382.0,4,5,Não,0
P001983,2025-09-01,57200.0,15158.0,0.265,42042.0,0.735,60,Concessionária,2024,1,48,CLT,5317.96,130.0,Familiar,634.0,0,1,Não,0
P001984,2025-12-01,22000.0,2607.0,0.1185,19393.0,0.8815,24,Revenda multimarca,2019,6,29,CLT,1600.0,121.0,Própria,200.0,5,7,Sim,0
P001985,2025-08-01,33000.0,7679.1,0.2327,25320.9,0.7673,60,Revenda multimarca,2022,3,62,Autônomo,4260.95,23.0,Própria,702.0,4,1,Não,0
P001986,2025-11-01,22000.0,2926.0,0.133,19074.0,0.867,60,Concessionária,2024,1,49,Servidor público,4071.62,,Alugada,425.0,1,2,Não,0
P001987,2025-08-01,41700.0,20270.37,0.4861,21429.63,0.5139,48,Concessionária,2020,5,38,Empresário,8847.0,39.0,Própria,316.0,5,4,Sim,0
P001988,2025-12-01,42100.0,14600.28,0.3468,27499.72,0.6532,48,Revenda multimarca,2019,6,38,CLT,4552.29,67.0,Alugada,554.0,2,2,Não,0
P001989,2025-09-01,58700.0,28446.02,0.4846,30253.98,0.5154,60,Concessionária,2016,9,47,CLT,4998.78,75.0,Própria,710.0,1,0,Sim,0
P001990,2025-08-01,47500.0,17527.5,0.369,29972.5,0.631,24,Concessionária,2024,1,56,Autônomo,4347.21,132.0,Financiada,505.0,0,1,Não,0
P001991,2025-11-01,22100.0,6296.29,0.2849,15803.71,0.7151,60,Digital,2019,6,50,Autônomo,3961.61,57.0,Alugada,409.0,3,2,Não,0
P001992,2025-08-01,28500.0,6449.55,0.2263,22050.45,0.7737,60,Digital,2023,2,25,CLT,1864.47,31.0,Alugada,298.0,4,2,Sim,0
P001993,2025-11-01,36200.0,9343.22,0.2581,26856.78,0.7419,36,Revenda multimarca,2023,2,75,Aposentado,5390.02,158.0,Financiada,781.0,0,2,Não,0
P001994,2025-08-01,24900.0,5221.53,0.2097,19678.47,0.7903,60,Revenda multimarca,2018,7,40,CLT,1600.0,96.0,Familiar,425.0,2,2,Não,0
P001995,2025-12-01,30500.0,1756.8,0.0576,28743.2,0.9424,48,Revenda multimarca,2020,5,32,CLT,1836.09,59.0,Alugada,360.0,3,4,Sim,0
P001996,2025-11-01,26400.0,7022.4,0.266,19377.6,0.734,60,Revenda multimarca,2022,3,26,CLT,4628.61,41.0,Própria,218.0,5,2,Não,0
P001997,2025-09-01,44600.0,4642.86,0.1041,39957.14,0.8959,24,Concessionária,2019,6,25,Empresário,8410.0,48.0,Própria,583.0,1,0,Não,0
P001998,2025-09-01,68100.0,1709.31,0.0251,66390.69,0.9749,60,Digital,2021,4,42,CLT,2963.31,172.0,Própria,573.0,0,2,Sim,0
P001999,2025-10-01,28800.0,5232.96,0.1817,23567.04,0.8183,48,Concessionária,2023,2,26,CLT,5312.27,6.0,Financiada,722.0,0,2,Não,0
P002000,2025-07-01,46900.0,32581.43,0.6947,14318.57,0.3053,36,Revenda multimarca,2020,5,32,CLT,2833.19,71.0,Própria,604.0,0,2,Não,0
P002001,2025-07-01,28800.0,1025.28,0.0356,27774.72,0.9644,36,Concessionária,2019,6,28,Servidor público,2705.21,120.0,Própria,439.0,5,1,Não,0
P002002,2025-08-01,89700.0,34812.57,0.3881,54887.43,0.6119,48,Digital,2019,6,66,Aposentado,5459.97,439.0,Familiar,507.0,1,4,Sim,0
P002003,2025-08-01,63900.0,7610.49,0.1191,56289.51,0.8809,24,Revenda multimarca,2021,4,53,Autônomo,4606.73,24.0,Alugada,589.0,0,3,Não,0
P002004,2025-07-01,22000.0,3929.2,0.1786,18070.8,0.8214,24,Concessionária,2014,11,41,CLT,,48.0,Própria,566.0,0,1,Não,0
P002005,2025-12-01,36600.0,5537.58,0.1513,31062.42,0.8487,36,Correspondente bancário,2022,3,33,CLT,6671.12,29.0,Alugada,396.0,5,2,Não,0
P002006,2025-12-01,36900.0,13922.37,0.3773,22977.63,0.6227,60,Revenda multimarca,2017,8,48,CLT,3671.78,8.0,Própria,544.0,0,2,Não,0
P002007,2025-07-01,25000.0,3585.0,0.1434,21415.0,0.8566,24,Concessionária,2022,3,54,CLT,,21.0,Alugada,373.0,2,4,Não,0
P002008,2025-12-01,29800.0,5086.86,0.1707,24713.14,0.8293,48,Revenda multimarca,2020,5,28,CLT,6331.9,97.0,Financiada,578.0,0,1,Não,0
P002009,2025-10-01,69500.0,23261.65,0.3347,46238.35,0.6653,60,Digital,2024,1,35,CLT,,21.0,Alugada,773.0,0,2,Não,0
P002010,2025-10-01,22000.0,14878.6,0.6763,7121.4,0.3237,48,Revenda multimarca,2020,5,24,Autônomo,,71.0,Alugada,474.0,3,1,Não,0
P002011,2025-08-01,55900.0,10498.02,0.1878,45401.98,0.8122,60,Concessionária,2024,1,28,CLT,6707.81,46.0,Familiar,741.0,1,2,Não,0
P002012,2025-11-01,47500.0,6925.5,0.1458,40574.5,0.8542,36,Correspondente bancário,2024,1,46,CLT,6869.82,,Própria,573.0,2,2,Não,0
P002013,2025-12-01,38000.0,6395.4,0.1683,31604.6,0.8317,60,Concessionária,2024,1,31,CLT,2709.06,6.0,Alugada,605.0,1,1,Não,0
P002014,2025-11-01,33900.0,2176.38,0.0642,31723.62,0.9358,48,Digital,2023,2,42,CLT,5440.34,38.0,Familiar,657.0,0,1,Não,0
P002015,2025-12-01,43700.0,6362.72,0.1456,37337.28,0.8544,48,Concessionária,2021,4,38,CLT,10365.34,47.0,Familiar,724.0,0,1,Não,0
P002016,2025-08-01,22000.0,1502.6,0.0683,20497.4,0.9317,60,Digital,2017,8,29,Autônomo,3107.34,9.0,Financiada,712.0,2,1,Sim,0
P002017,2025-12-01,95200.0,9443.84,0.0992,85756.16,0.9008,48,Revenda multimarca,2024,1,60,CLT,20155.9,,Própria,845.0,1,1,Não,0
P002018,2025-08-01,68500.0,25208.0,0.368,43292.0,0.632,60,Concessionária,2021,4,41,CLT,19322.64,45.0,Financiada,518.0,0,2,Não,0
P002019,2025-08-01,30400.0,4012.8,0.132,26387.2,0.868,60,Concessionária,2015,10,42,CLT,3916.87,108.0,Familiar,220.0,5,7,Sim,0
P002020,2025-12-01,29700.0,5396.49,0.1817,24303.51,0.8183,48,Concessionária,2016,9,37,CLT,3750.01,64.0,Alugada,435.0,1,2,Não,0
P002021,2025-12-01,28700.0,10837.12,0.3776,17862.88,0.6224,48,Concessionária,2020,5,38,Autônomo,2580.65,1.0,Alugada,599.0,2,1,Não,0
P002022,2025-12-01,31600.0,14046.2,0.4445,17553.8,0.5555,60,Correspondente bancário,2022,3,27,CLT,,2.0,Alugada,536.0,1,3,Não,0
P002023,2025-11-01,69900.0,21235.62,0.3038,48664.38,0.6962,36,Correspondente bancário,2025,0,39,CLT,3835.18,8.0,Financiada,819.0,0,1,Não,0
P002024,2025-08-01,38500.0,3715.25,0.0965,34784.75,0.9035,60,Revenda multimarca,2023,2,29,CLT,5706.28,81.0,Própria,438.0,0,4,Não,0
P002025,2025-11-01,22000.0,3115.2,0.1416,18884.8,0.8584,48,Concessionária,2023,2,72,Autônomo,8301.49,4.0,Própria,611.0,3,1,Não,0
P002026,2025-12-01,24800.0,10763.2,0.434,14036.8,0.566,48,Digital,2024,1,31,CLT,2759.47,13.0,Financiada,467.0,1,0,Não,0
P002027,2025-08-01,28100.0,8328.84,0.2964,19771.16,0.7036,48,Digital,2015,10,33,CLT,4637.43,83.0,Própria,467.0,2,0,Não,0
P002028,2025-09-01,39700.0,10603.87,0.2671,29096.13,0.7329,36,Concessionária,2017,8,28,Autônomo,3120.44,,Alugada,391.0,4,5,Sim,0
P002029,2025-07-01,32500.0,9633.0,0.2964,22867.0,0.7036,60,Concessionária,2021,4,34,CLT,6782.93,35.0,Familiar,525.0,1,1,Sim,0
P002030,2025-11-01,36200.0,11131.5,0.3075,25068.5,0.6925,36,Correspondente bancário,2017,8,30,CLT,6226.07,144.0,Familiar,404.0,0,2,Não,0
P002031,2025-10-01,60100.0,35633.29,0.5929,24466.71,0.4071,48,Concessionária,2021,4,40,CLT,5143.1,53.0,Própria,715.0,0,0,Não,0
P002032,2025-12-01,96700.0,20800.17,0.2151,75899.83,0.7849,24,Revenda multimarca,2022,3,48,Empresário,8868.92,60.0,Alugada,342.0,5,6,Sim,0
P002033,2025-12-01,73300.0,11654.7,0.159,61645.3,0.841,48,Concessionária,2024,1,51,CLT,21867.5,,Familiar,639.0,0,2,Não,0
P002034,2025-10-01,40200.0,9434.94,0.2347,30765.06,0.7653,60,Revenda multimarca,2022,3,47,Autônomo,4011.57,14.0,Própria,585.0,0,3,Não,0
P002035,2025-12-01,37400.0,748.0,0.02,36652.0,0.98,48,Concessionária,2019,6,30,CLT,2049.19,57.0,Financiada,629.0,1,1,Não,0
P002036,2025-11-01,44300.0,4341.4,0.098,39958.6,0.902,60,Concessionária,2020,5,51,CLT,3218.55,35.0,Financiada,444.0,5,5,Não,0
P002037,2025-08-01,28500.0,3841.8,0.1348,24658.2,0.8652,48,Correspondente bancário,2017,8,37,Servidor público,2366.72,,Familiar,353.0,5,3,Não,0
P002038,2025-10-01,55900.0,14360.71,0.2569,41539.29,0.7431,24,Digital,2024,1,40,CLT,13836.79,72.0,Própria,509.0,2,0,Não,0
P002039,2025-10-01,63000.0,10728.9,0.1703,52271.1,0.8297,24,Revenda multimarca,2021,4,49,CLT,13971.01,21.0,Própria,732.0,0,0,Não,0
P002040,2025-09-01,58100.0,8668.52,0.1492,49431.48,0.8508,60,Revenda multimarca,2020,5,38,Servidor público,8559.43,45.0,Própria,581.0,1,1,Não,0
P002041,2025-11-01,22000.0,8610.8,0.3914,13389.2,0.6086,60,Revenda multimarca,2021,4,44,CLT,2472.37,14.0,Financiada,229.0,5,1,Não,0
P002042,2025-11-01,25200.0,5140.8,0.204,20059.2,0.796,48,Concessionária,2014,11,37,Autônomo,1600.0,39.0,Própria,574.0,0,1,Não,0
P002043,2025-09-01,22000.0,3258.2,0.1481,18741.8,0.8519,24,Revenda multimarca,2015,10,59,CLT,1600.0,60.0,Financiada,535.0,5,0,Não,0
P002044,2025-12-01,22000.0,3027.2,0.1376,18972.8,0.8624,48,Concessionária,2021,4,34,CLT,1661.86,39.0,Financiada,629.0,0,1,Sim,0
P002045,2025-12-01,22100.0,7485.27,0.3387,14614.73,0.6613,36,Digital,2021,4,40,CLT,6734.01,32.0,Familiar,706.0,0,2,Não,0
P002046,2025-08-01,38600.0,3520.32,0.0912,35079.68,0.9088,48,Concessionária,2018,7,52,CLT,3709.33,123.0,Alugada,471.0,2,2,Sim,0
P002047,2025-12-01,30700.0,8433.29,0.2747,22266.71,0.7253,36,Revenda multimarca,2022,3,43,CLT,2815.28,77.0,Própria,674.0,0,2,Não,0
P002048,2025-11-01,22000.0,2318.8,0.1054,19681.2,0.8946,48,Correspondente bancário,2023,2,34,CLT,2028.05,70.0,Alugada,472.0,4,1,Sim,0
P002049,2025-07-01,82900.0,27332.13,0.3297,55567.87,0.6703,48,Revenda multimarca,2025,0,67,Autônomo,11271.42,70.0,Alugada,644.0,0,3,Não,0
P002050,2025-11-01,24000.0,1423.2,0.0593,22576.8,0.9407,60,Revenda multimarca,2017,8,27,Servidor público,2596.75,108.0,Alugada,409.0,5,2,Não,0
P002051,2025-10-01,38000.0,4392.8,0.1156,33607.2,0.8844,24,Revenda multimarca,2018,7,28,CLT,2502.65,15.0,Financiada,541.0,0,1,Não,0
P002052,2025-07-01,24600.0,1067.64,0.0434,23532.36,0.9566,48,Concessionária,2020,5,33,CLT,5589.34,43.0,Própria,350.0,5,2,Sim,0
P002053,2025-11-01,22000.0,6219.4,0.2827,15780.6,0.7173,48,Concessionária,2022,3,58,Autônomo,2331.48,,Familiar,546.0,3,1,Não,0
P002054,2025-11-01,22500.0,2731.5,0.1214,19768.5,0.8786,48,Concessionária,2017,8,46,CLT,1600.0,58.0,Financiada,604.0,1,3,Sim,0
P002055,2025-11-01,63400.0,24123.7,0.3805,39276.3,0.6195,60,Correspondente bancário,2015,10,67,CLT,9850.64,55.0,Alugada,730.0,1,2,Não,0
P002056,2025-11-01,64000.0,8390.4,0.1311,55609.6,0.8689,48,Concessionária,2022,3,56,CLT,4601.46,7.0,Familiar,616.0,1,3,Sim,0
P002057,2025-09-01,28000.0,16461.2,0.5879,11538.8,0.4121,48,Digital,2020,5,47,Empresário,5887.33,43.0,Alugada,487.0,0,0,Sim,0
P002058,2025-10-01,42100.0,6811.78,0.1618,35288.22,0.8382,60,Revenda multimarca,2022,3,26,CLT,4581.23,47.0,Própria,540.0,1,2,Sim,0
P002059,2025-08-01,46000.0,10230.4,0.2224,35769.6,0.7776,48,Concessionária,2019,6,37,CLT,3293.96,,Alugada,550.0,3,3,Sim,0
P002060,2025-09-01,33000.0,7583.4,0.2298,25416.6,0.7702,48,Concessionária,2024,1,36,CLT,5920.06,59.0,Própria,574.0,1,0,Não,0
P002061,2025-08-01,27700.0,2689.67,0.0971,25010.33,0.9029,36,Revenda multimarca,2023,2,40,CLT,1723.49,20.0,Própria,519.0,1,3,Sim,0
P002062,2025-07-01,64900.0,17393.2,0.268,47506.8,0.732,60,Digital,2022,3,30,Autônomo,5321.65,30.0,Alugada,701.0,0,2,Não,0
P002063,2025-10-01,22000.0,1529.0,0.0695,20471.0,0.9305,48,Digital,2021,4,42,CLT,2313.22,36.0,Familiar,373.0,5,9,Sim,0
P002064,2025-08-01,22000.0,4230.6,0.1923,17769.4,0.8077,60,Revenda multimarca,2023,2,43,Servidor público,3486.83,,Financiada,440.0,2,2,Sim,0
P002065,2025-07-01,32400.0,17327.52,0.5348,15072.48,0.4652,36,Concessionária,2023,2,23,CLT,4255.18,27.0,Alugada,657.0,0,1,Não,0
P002066,2025-09-01,22000.0,1001.0,0.0455,20999.0,0.9545,24,Correspondente bancário,2017,8,28,CLT,1600.0,58.0,Familiar,293.0,5,4,Não,0
P002067,2025-08-01,37700.0,3758.69,0.0997,33941.31,0.9003,48,Concessionária,2019,6,28,CLT,4545.75,51.0,Alugada,566.0,4,1,Não,0
P002068,2025-08-01,52100.0,8398.52,0.1612,43701.48,0.8388,24,Concessionária,2024,1,53,Autônomo,2291.81,,Própria,676.0,0,3,Não,0
P002069,2025-07-01,22700.0,9148.1,0.403,13551.9,0.597,60,Concessionária,2020,5,47,CLT,1764.77,46.0,Própria,,5,4,Não,0
P002070,2025-11-01,38700.0,12066.66,0.3118,26633.34,0.6882,36,Concessionária,2019,6,30,Empresário,5011.65,24.0,Própria,459.0,3,3,Sim,0
P002071,2025-12-01,27400.0,7041.8,0.257,20358.2,0.743,60,Revenda multimarca,2024,1,45,Autônomo,2214.09,69.0,Própria,331.0,5,1,Não,0
P002072,2025-11-01,77100.0,12405.39,0.1609,64694.61,0.8391,60,Concessionária,2021,4,41,Servidor público,20212.92,115.0,Alugada,827.0,0,0,Não,0
P002073,2025-10-01,32500.0,2021.5,0.0622,30478.5,0.9378,36,Revenda multimarca,2019,6,58,CLT,3860.92,,Própria,628.0,2,0,Não,0
P002074,2025-08-01,22000.0,2521.2,0.1146,19478.8,0.8854,48,Digital,2023,2,31,Empresário,4503.36,53.0,Financiada,215.0,5,6,Não,0
P002075,2025-12-01,57000.0,12540.0,0.22,44460.0,0.78,60,Digital,2024,1,74,Aposentado,11235.92,60.0,Própria,684.0,0,0,Não,0
P002076,2025-07-01,93100.0,12382.3,0.133,80717.7,0.867,36,Concessionária,2024,1,28,CLT,4504.09,,Financiada,796.0,0,2,Não,0
P002077,2025-11-01,24900.0,8353.95,0.3355,16546.05,0.6645,36,Correspondente bancário,2014,11,22,Servidor público,5295.26,,Financiada,516.0,0,4,Não,0
P002078,2025-07-01,22000.0,745.8,0.0339,21254.2,0.9661,24,Concessionária,2024,1,33,Empresário,4326.52,55.0,Própria,122.0,5,4,Sim,0
P002079,2025-09-01,22000.0,943.8,0.0429,21056.2,0.9571,60,Concessionária,2021,4,31,CLT,1600.0,10.0,Alugada,320.0,5,6,Sim,0
P002080,2025-10-01,49100.0,3819.98,0.0778,45280.02,0.9222,48,Correspondente bancário,2021,4,34,Autônomo,3669.29,6.0,Alugada,703.0,1,0,Não,0
P002081,2025-10-01,30100.0,17626.56,0.5856,12473.44,0.4144,48,Concessionária,2024,1,47,CLT,4703.01,45.0,Alugada,746.0,0,1,Não,0
P002082,2025-07-01,67800.0,14787.18,0.2181,53012.82,0.7819,24,Revenda multimarca,2021,4,35,Autônomo,12279.85,27.0,Familiar,867.0,0,0,Não,0
P002083,2025-12-01,106600.0,35881.56,0.3366,70718.44,0.6634,60,Concessionária,2022,3,58,CLT,10119.44,11.0,Familiar,516.0,0,1,Não,0
P002084,2025-11-01,33900.0,14675.31,0.4329,19224.69,0.5671,60,Concessionária,2015,10,75,Aposentado,3218.39,28.0,Própria,721.0,0,1,Sim,0
P002085,2025-09-01,32200.0,8233.54,0.2557,23966.46,0.7443,48,Concessionária,2021,4,47,CLT,3196.06,55.0,Própria,366.0,5,4,Sim,0
P002086,2025-07-01,33400.0,11018.66,0.3299,22381.34,0.6701,60,Revenda multimarca,2017,8,28,CLT,2529.51,120.0,Alugada,726.0,1,0,Não,0
P002087,2025-12-01,41200.0,8034.0,0.195,33166.0,0.805,48,Concessionária,2024,1,26,CLT,1600.0,,Familiar,416.0,2,2,Não,0
P002088,2025-09-01,66600.0,18701.28,0.2808,47898.72,0.7192,24,Correspondente bancário,2020,5,31,Servidor público,7800.63,31.0,Alugada,314.0,5,3,Sim,0
P002089,2025-08-01,29800.0,8791.0,0.295,21009.0,0.705,24,Concessionária,2020,5,31,CLT,8743.46,19.0,Própria,487.0,5,0,Não,0
P002090,2025-08-01,77600.0,27563.52,0.3552,50036.48,0.6448,36,Digital,2021,4,46,Autônomo,8819.48,10.0,Própria,663.0,0,2,Não,0
P002091,2025-12-01,28200.0,1855.56,0.0658,26344.44,0.9342,48,Revenda multimarca,2019,6,56,CLT,6639.36,44.0,Familiar,535.0,3,0,Sim,0
P002092,2025-07-01,28300.0,10570.05,0.3735,17729.95,0.6265,60,Correspondente bancário,2021,4,25,Autônomo,,8.0,Financiada,526.0,0,4,Não,0
P002093,2025-08-01,31200.0,5665.92,0.1816,25534.08,0.8184,60,Revenda multimarca,2022,3,56,Aposentado,1600.0,316.0,Familiar,510.0,1,1,Não,0
P002094,2025-12-01,68100.0,9282.03,0.1363,58817.97,0.8637,48,Correspondente bancário,2024,1,40,CLT,4652.54,87.0,Alugada,389.0,3,0,Não,0
P002095,2025-09-01,51200.0,6456.32,0.1261,44743.68,0.8739,48,Concessionária,2018,7,28,Autônomo,3176.14,11.0,Familiar,664.0,0,3,Não,0
P002096,2025-12-01,60100.0,14874.75,0.2475,45225.25,0.7525,48,Concessionária,2021,4,55,CLT,7571.03,40.0,Financiada,682.0,0,1,Não,0
P002097,2025-11-01,28900.0,4395.69,0.1521,24504.31,0.8479,24,Digital,2014,11,34,Empresário,,20.0,Própria,626.0,2,1,Não,0
P002098,2025-08-01,22800.0,7423.68,0.3256,15376.32,0.6744,48,Revenda multimarca,2024,1,75,Aposentado,3190.58,30.0,Própria,217.0,5,0,Sim,0
P002099,2025-12-01,58900.0,29420.55,0.4995,29479.45,0.5005,60,Concessionária,2021,4,60,CLT,10496.32,48.0,Própria,686.0,1,2,Sim,0
P002100,2025-11-01,26300.0,1025.7,0.039,25274.3,0.961,48,Revenda multimarca,2023,2,45,CLT,2293.38,30.0,Alugada,162.0,5,3,Sim,0
P002101,2025-10-01,34000.0,15772.6,0.4639,18227.4,0.5361,48,Digital,2017,8,37,Autônomo,11175.84,16.0,Própria,717.0,0,1,Não,0
P002102,2025-11-01,58700.0,15667.03,0.2669,43032.97,0.7331,36,Correspondente bancário,2016,9,24,CLT,,72.0,Financiada,602.0,0,1,Sim,0
P002103,2025-08-01,47900.0,15926.75,0.3325,31973.25,0.6675,36,Concessionária,2023,2,32,CLT,5537.7,100.0,Própria,795.0,0,2,Não,0
P002104,2025-10-01,26300.0,3421.63,0.1301,22878.37,0.8699,24,Digital,2022,3,75,Aposentado,2890.34,385.0,Familiar,519.0,0,1,Não,0
P002105,2025-11-01,43800.0,15732.96,0.3592,28067.04,0.6408,48,Concessionária,2024,1,26,CLT,3566.98,,Alugada,,1,2,Não,0
P002106,2025-10-01,38200.0,9465.96,0.2478,28734.04,0.7522,24,Concessionária,2013,12,24,CLT,2033.85,26.0,Alugada,468.0,0,5,Não,0
P002107,2025-11-01,59900.0,15130.74,0.2526,44769.26,0.7474,48,Revenda multimarca,2021,4,34,CLT,8929.32,13.0,Alugada,773.0,1,0,Sim,0
P002108,2025-10-01,59800.0,18125.38,0.3031,41674.62,0.6969,48,Concessionária,2024,1,38,Empresário,7897.35,32.0,Financiada,708.0,0,0,Não,0
P002109,2025-08-01,35700.0,16114.98,0.4514,19585.02,0.5486,48,Concessionária,2021,4,30,CLT,,13.0,Familiar,404.0,3,4,Sim,0
P002110,2025-07-01,119700.0,13035.33,0.1089,106664.67,0.8911,36,Concessionária,2020,5,43,Servidor público,,74.0,Alugada,878.0,0,1,Não,0
P002111,2025-08-01,22000.0,1104.4,0.0502,20895.6,0.9498,60,Revenda multimarca,2020,5,29,Autônomo,4408.32,70.0,Alugada,563.0,1,3,Não,0
P002112,2025-10-01,73500.0,16059.75,0.2185,57440.25,0.7815,48,Concessionária,2024,1,38,CLT,3188.29,21.0,Familiar,852.0,0,2,Não,0
P002113,2025-10-01,22000.0,3755.4,0.1707,18244.6,0.8293,48,Revenda multimarca,2022,3,41,Autônomo,1812.77,66.0,Alugada,641.0,0,0,Não,0
P002114,2025-08-01,27100.0,5192.36,0.1916,21907.64,0.8084,24,Revenda multimarca,2019,6,26,CLT,3856.2,50.0,Alugada,450.0,1,2,Sim,0
P002115,2025-07-01,28200.0,10577.82,0.3751,17622.18,0.6249,36,Concessionária,2019,6,30,CLT,2425.38,144.0,Alugada,444.0,3,0,Sim,0
P002116,2025-12-01,92200.0,18154.18,0.1969,74045.82,0.8031,24,Concessionária,2025,0,67,CLT,6986.91,33.0,Alugada,574.0,1,1,Não,0
P002117,2025-09-01,51700.0,4565.11,0.0883,47134.89,0.9117,24,Concessionária,2019,6,45,Autônomo,3684.78,,Própria,537.0,1,0,Sim,0
P002118,2025-11-01,22700.0,1200.83,0.0529,21499.17,0.9471,48,Digital,2023,2,39,Autônomo,4820.34,40.0,Financiada,729.0,2,3,Não,0
P002119,2025-08-01,34000.0,7486.8,0.2202,26513.2,0.7798,48,Concessionária,2024,1,44,CLT,5647.82,18.0,Alugada,546.0,3,3,Não,0
P002120,2025-09-01,44800.0,21616.0,0.4825,23184.0,0.5175,48,Digital,2024,1,40,CLT,4685.88,16.0,Alugada,855.0,0,1,Não,0
P002121,2025-08-01,62500.0,19406.25,0.3105,43093.75,0.6895,36,Concessionária,2023,2,38,Servidor público,9427.67,154.0,Familiar,593.0,0,0,Não,0
P002122,2025-08-01,24100.0,13353.81,0.5541,10746.19,0.4459,48,Digital,2013,12,33,CLT,,,Própria,486.0,1,6,Não,0
P002123,2025-11-01,35100.0,3352.05,0.0955,31747.95,0.9045,60,Concessionária,2020,5,30,CLT,4376.58,30.0,Familiar,336.0,5,0,Sim,0
P002124,2025-07-01,33300.0,2094.57,0.0629,31205.43,0.9371,36,Revenda multimarca,2020,5,29,CLT,4280.18,132.0,Própria,529.0,2,1,Sim,0
P002125,2025-09-01,53400.0,15421.92,0.2888,37978.08,0.7112,36,Correspondente bancário,2017,8,31,CLT,2613.77,28.0,Financiada,524.0,0,1,Não,0
P002126,2025-07-01,42600.0,13265.64,0.3114,29334.36,0.6886,60,Correspondente bancário,2022,3,37,Servidor público,8608.43,54.0,Alugada,425.0,5,2,Não,0
P002127,2025-07-01,37400.0,6402.88,0.1712,30997.12,0.8288,60,Digital,2024,1,44,CLT,3783.78,115.0,Familiar,254.0,5,4,Não,0
P002128,2025-11-01,23200.0,2809.52,0.1211,20390.48,0.8789,48,Digital,2017,8,30,Empresário,3662.85,,Financiada,343.0,5,7,Sim,0
P002129,2025-11-01,26500.0,5694.85,0.2149,20805.15,0.7851,36,Revenda multimarca,2021,4,64,Aposentado,2187.37,45.0,Alugada,418.0,1,3,Não,0
P002130,2025-12-01,22000.0,1247.4,0.0567,20752.6,0.9433,36,Revenda multimarca,2014,11,63,Aposentado,3466.08,,Financiada,518.0,1,5,Não,0
P002131,2025-08-01,44200.0,15717.52,0.3556,28482.48,0.6444,24,Revenda multimarca,2022,3,39,CLT,3764.95,20.0,Familiar,555.0,0,2,Não,0
P002132,2025-07-01,28500.0,8561.4,0.3004,19938.6,0.6996,48,Concessionária,2016,9,38,Servidor público,2784.42,98.0,Própria,250.0,5,5,Sim,0
P002133,2025-10-01,58200.0,9317.82,0.1601,48882.18,0.8399,36,Concessionária,2021,4,28,Empresário,7691.56,57.0,Familiar,470.0,3,3,Sim,0
P002134,2025-09-01,41300.0,2333.45,0.0565,38966.55,0.9435,48,Correspondente bancário,2021,4,32,CLT,1600.0,,Própria,373.0,1,5,Sim,0
P002135,2025-12-01,33100.0,4157.36,0.1256,28942.64,0.8744,60,Revenda multimarca,2017,8,35,CLT,2257.83,6.0,Própria,522.0,1,1,Não,0
P002136,2025-08-01,78300.0,26066.07,0.3329,52233.93,0.6671,36,Correspondente bancário,2020,5,34,Servidor público,7507.56,42.0,Alugada,622.0,1,1,Não,0
P002137,2025-12-01,22000.0,3493.6,0.1588,18506.4,0.8412,60,Concessionária,2017,8,58,Autônomo,4417.15,8.0,Própria,518.0,0,4,Não,0
P002138,2025-09-01,63400.0,30749.0,0.485,32651.0,0.515,36,Correspondente bancário,2020,5,26,CLT,,16.0,Financiada,669.0,1,2,Não,0
P002139,2025-10-01,22000.0,842.6,0.0383,21157.4,0.9617,60,Digital,2020,5,53,CLT,1600.0,32.0,Alugada,0.0,5,11,Sim,0
P002140,2025-10-01,33800.0,2521.48,0.0746,31278.52,0.9254,36,Concessionária,2023,2,24,CLT,3696.53,32.0,Alugada,772.0,2,2,Sim,0
P002141,2025-07-01,24900.0,1352.07,0.0543,23547.93,0.9457,60,Concessionária,2017,8,28,CLT,3454.84,62.0,Própria,642.0,2,5,Não,0
P002142,2025-07-01,22000.0,1788.6,0.0813,20211.4,0.9187,36,Correspondente bancário,2019,6,38,CLT,2181.26,66.0,Própria,347.0,4,3,Não,0
P002143,2025-12-01,27200.0,704.48,0.0259,26495.52,0.9741,36,Concessionária,2017,8,53,CLT,3230.18,97.0,Própria,300.0,5,5,Não,0
P002144,2025-11-01,46200.0,6144.6,0.133,40055.4,0.867,48,Revenda multimarca,2016,9,32,CLT,5333.29,46.0,Alugada,654.0,1,2,Não,0
P002145,2025-07-01,79700.0,19454.77,0.2441,60245.23,0.7559,36,Concessionária,2024,1,56,Empresário,20049.74,35.0,Alugada,861.0,0,4,Não,0
P002146,2025-12-01,49500.0,9207.0,0.186,40293.0,0.814,60,Concessionária,2023,2,35,Empresário,9528.53,6.0,Financiada,875.0,0,0,Não,0
P002147,2025-11-01,59800.0,16110.12,0.2694,43689.88,0.7306,48,Digital,2020,5,54,CLT,7355.54,38.0,Familiar,647.0,0,0,Não,0
P002148,2025-08-01,36200.0,2414.54,0.0667,33785.46,0.9333,36,Revenda multimarca,2019,6,75,Empresário,16842.15,,Alugada,586.0,1,0,Sim,0
P002149,2025-08-01,22000.0,4934.6,0.2243,17065.4,0.7757,48,Revenda multimarca,2017,8,33,Servidor público,7291.79,128.0,Familiar,65.0,5,7,Sim,0
P002150,2025-12-01,54200.0,9918.6,0.183,44281.4,0.817,36,Revenda multimarca,2024,1,49,CLT,2495.22,5.0,Própria,703.0,1,0,Não,0
P002151,2025-10-01,51200.0,17582.08,0.3434,33617.92,0.6566,48,Revenda multimarca,2014,11,31,Autônomo,3784.31,80.0,Financiada,459.0,0,4,Não,0
P002152,2025-12-01,27600.0,6295.56,0.2281,21304.44,0.7719,60,Revenda multimarca,2014,11,30,Autônomo,2945.04,49.0,Própria,486.0,2,1,Sim,0
P002153,2025-08-01,22000.0,5291.0,0.2405,16709.0,0.7595,48,Concessionária,2016,9,29,CLT,3190.63,76.0,Própria,653.0,0,3,Não,0
P002154,2025-11-01,38700.0,3548.79,0.0917,35151.21,0.9083,24,Digital,2024,1,30,CLT,4804.87,41.0,Própria,657.0,0,1,Sim,0
P002155,2025-11-01,69100.0,12728.22,0.1842,56371.78,0.8158,36,Concessionária,2022,3,30,Empresário,,28.0,Própria,383.0,2,2,Não,0
P002156,2025-08-01,34200.0,6973.38,0.2039,27226.62,0.7961,36,Correspondente bancário,2015,10,25,Autônomo,2916.26,28.0,Financiada,699.0,1,2,Não,0
P002157,2025-11-01,62300.0,6909.07,0.1109,55390.93,0.8891,36,Digital,2021,4,42,CLT,10934.04,10.0,Financiada,669.0,0,3,Não,0
P002158,2025-07-01,37200.0,11892.84,0.3197,25307.16,0.6803,36,Concessionária,2021,4,31,Autônomo,4236.38,36.0,Própria,,1,0,Não,0
P002159,2025-09-01,50200.0,18443.48,0.3674,31756.52,0.6326,36,Concessionária,2020,5,62,Aposentado,3285.52,11.0,Própria,423.0,0,4,Não,0
P002160,2025-12-01,24200.0,943.8,0.039,23256.2,0.961,60,Digital,2016,9,37,CLT,3005.36,63.0,Própria,347.0,1,1,Não,0
P002161,2025-07-01,27600.0,2503.32,0.0907,25096.68,0.9093,60,Digital,2024,1,26,CLT,1600.0,27.0,Alugada,342.0,4,3,Sim,0
P002162,2025-08-01,93000.0,34437.9,0.3703,58562.1,0.6297,24,Concessionária,2022,3,36,Servidor público,10328.9,67.0,Familiar,598.0,0,3,Não,0
P002163,2025-10-01,31300.0,5627.74,0.1798,25672.26,0.8202,60,Revenda multimarca,2022,3,27,CLT,1672.08,,Própria,,5,3,Sim,0
P002164,2025-07-01,30600.0,14535.0,0.475,16065.0,0.525,60,Correspondente bancário,2023,2,58,Autônomo,3236.92,11.0,Financiada,530.0,1,2,Não,0
P002165,2025-10-01,65500.0,22505.8,0.3436,42994.2,0.6564,60,Correspondente bancário,2023,2,34,Empresário,7784.87,4.0,Alugada,676.0,1,3,Não,0
P002166,2025-07-01,119300.0,23525.96,0.1972,95774.04,0.8028,60,Digital,2022,3,36,Empresário,34397.83,19.0,Própria,749.0,0,3,Não,0
P002167,2025-07-01,43400.0,9656.5,0.2225,33743.5,0.7775,24,Concessionária,2025,0,65,Autônomo,14270.68,36.0,Alugada,650.0,3,2,Não,0
P002168,2025-11-01,35700.0,3459.33,0.0969,32240.67,0.9031,48,Revenda multimarca,2019,6,65,Aposentado,1600.0,131.0,Alugada,504.0,1,5,Não,0
P002169,2025-11-01,32800.0,10555.04,0.3218,22244.96,0.6782,48,Concessionária,2013,12,36,CLT,2234.27,25.0,Alugada,349.0,2,2,Sim,0
P002170,2025-12-01,22000.0,8749.4,0.3977,13250.6,0.6023,48,Revenda multimarca,2016,9,34,CLT,4411.66,43.0,Financiada,,1,3,Não,0
P002171,2025-08-01,26900.0,8174.91,0.3039,18725.09,0.6961,48,Correspondente bancário,2022,3,46,Empresário,3008.49,70.0,Financiada,546.0,3,4,Não,0
P002172,2025-09-01,63500.0,23221.95,0.3657,40278.05,0.6343,60,Revenda multimarca,2023,2,33,CLT,5542.75,,Financiada,848.0,0,1,Não,0
P002173,2025-12-01,25900.0,2066.82,0.0798,23833.18,0.9202,36,Correspondente bancário,2013,12,35,CLT,3800.3,10.0,Alugada,700.0,1,2,Não,0
P002174,2025-09-01,83000.0,31042.0,0.374,51958.0,0.626,36,Revenda multimarca,2021,4,42,Servidor público,15228.49,,Familiar,512.0,2,1,Não,0
P002175,2025-10-01,39000.0,10783.5,0.2765,28216.5,0.7235,60,Digital,2022,3,46,CLT,4233.26,37.0,Própria,540.0,1,0,Não,0
P002176,2025-08-01,33900.0,9508.95,0.2805,24391.05,0.7195,36,Revenda multimarca,2020,5,41,CLT,,46.0,Alugada,542.0,0,2,Não,0
P002177,2025-10-01,22000.0,5504.4,0.2502,16495.6,0.7498,36,Concessionária,2017,8,34,Empresário,4105.92,26.0,Financiada,250.0,5,0,Sim,0
P002178,2025-08-01,42300.0,7707.06,0.1822,34592.94,0.8178,36,Digital,2021,4,41,CLT,3042.74,32.0,Alugada,422.0,0,3,Não,0
P002179,2025-11-01,38100.0,7319.01,0.1921,30780.99,0.8079,48,Digital,2021,4,49,CLT,3898.32,26.0,Alugada,797.0,0,0,Não,0
P002180,2025-08-01,48300.0,966.0,0.02,47334.0,0.98,48,Digital,2019,6,46,CLT,4594.98,42.0,Alugada,500.0,2,2,Sim,0
P002181,2025-09-01,51300.0,16934.13,0.3301,34365.87,0.6699,36,Concessionária,2024,1,25,Empresário,5165.89,67.0,Familiar,487.0,0,1,Não,0
P002182,2025-07-01,54700.0,3391.4,0.062,51308.6,0.938,36,Revenda multimarca,2020,5,39,Autônomo,2879.26,41.0,Familiar,345.0,3,7,Não,0
P002183,2025-11-01,28400.0,5861.76,0.2064,22538.24,0.7936,60,Concessionária,2016,9,23,Autônomo,2522.83,38.0,Própria,368.0,5,1,Sim,0
P002184,2025-11-01,24300.0,5059.26,0.2082,19240.74,0.7918,24,Concessionária,2024,1,32,CLT,5208.04,7.0,Financiada,580.0,4,2,Não,0
P002185,2025-12-01,22000.0,6153.4,0.2797,15846.6,0.7203,36,Concessionária,2019,6,60,Servidor público,3106.89,,Financiada,504.0,0,1,Não,0
P002186,2025-10-01,25500.0,627.3,0.0246,24872.7,0.9754,36,Concessionária,2014,11,37,CLT,,90.0,Própria,390.0,5,1,Não,0
P002187,2025-09-01,48800.0,8998.72,0.1844,39801.28,0.8156,48,Digital,2015,10,26,Autônomo,5317.11,,Financiada,,0,1,Não,0
P002188,2025-08-01,64000.0,11801.6,0.1844,52198.4,0.8156,48,Concessionária,2021,4,38,Autônomo,3636.91,19.0,Própria,566.0,0,3,Não,0
P002189,2025-08-01,51500.0,25780.9,0.5006,25719.1,0.4994,24,Revenda multimarca,2024,1,23,Servidor público,7187.51,28.0,Própria,527.0,4,3,Não,0
P002190,2025-08-01,40200.0,7332.48,0.1824,32867.52,0.8176,24,Concessionária,2020,5,73,Aposentado,7132.87,77.0,Alugada,563.0,2,6,Não,0
P002191,2025-08-01,22000.0,3275.8,0.1489,18724.2,0.8511,60,Concessionária,2019,6,47,CLT,1739.66,32.0,Própria,358.0,5,0,Não,0
P002192,2025-09-01,41800.0,4735.94,0.1133,37064.06,0.8867,36,Revenda multimarca,2021,4,33,CLT,,3.0,Própria,631.0,1,2,Não,0
P002193,2025-12-01,28100.0,2630.16,0.0936,25469.84,0.9064,48,Digital,2021,4,36,CLT,1600.0,5.0,Familiar,304.0,5,4,Não,0
P002194,2025-11-01,25000.0,3245.0,0.1298,21755.0,0.8702,24,Concessionária,2013,12,27,CLT,5036.13,18.0,Própria,,5,7,Não,0
P002195,2025-11-01,22000.0,1282.6,0.0583,20717.4,0.9417,36,Revenda multimarca,2022,3,31,Servidor público,3081.85,,Financiada,78.0,5,3,Sim,0
P002196,2025-07-01,22000.0,9209.2,0.4186,12790.8,0.5814,60,Revenda multimarca,2024,1,35,CLT,2629.81,15.0,Financiada,579.0,0,2,Não,0
P002197,2025-08-01,54700.0,16027.1,0.293,38672.9,0.707,60,Concessionária,2013,12,48,CLT,5697.46,56.0,Própria,574.0,1,1,Não,0
P002198,2025-10-01,28300.0,829.19,0.0293,27470.81,0.9707,24,Revenda multimarca,2016,9,43,Servidor público,4266.5,50.0,Financiada,497.0,3,6,Não,0
P002199,2025-10-01,32100.0,7427.94,0.2314,24672.06,0.7686,48,Concessionária,2023,2,25,CLT,7528.59,23.0,Alugada,734.0,0,1,Não,0
P002200,2025-08-01,22000.0,3157.0,0.1435,18843.0,0.8565,24,Concessionária,2024,1,46,Autônomo,6711.66,47.0,Financiada,431.0,2,1,Não,0
P002201,2025-08-01,67700.0,11089.26,0.1638,56610.74,0.8362,36,Concessionária,2020,5,41,CLT,8196.28,38.0,Familiar,522.0,1,2,Não,0
P002202,2025-09-01,62000.0,10825.2,0.1746,51174.8,0.8254,24,Digital,2019,6,75,Autônomo,4979.6,9.0,Financiada,621.0,1,1,Não,0
P002203,2025-09-01,32400.0,4490.64,0.1386,27909.36,0.8614,60,Concessionária,2020,5,27,CLT,4280.48,108.0,Alugada,409.0,4,2,Não,0
P002204,2025-11-01,114300.0,45411.39,0.3973,68888.61,0.6027,48,Concessionária,2024,1,75,CLT,21328.38,,Própria,748.0,0,0,Não,0
P002205,2025-12-01,22000.0,2173.6,0.0988,19826.4,0.9012,60,Digital,2024,1,40,CLT,,36.0,Alugada,657.0,0,5,Sim,0
P002206,2025-10-01,24800.0,1287.12,0.0519,23512.88,0.9481,48,Correspondente bancário,2024,1,27,CLT,2594.96,108.0,Financiada,,3,1,Sim,0
P002207,2025-09-01,94500.0,11831.4,0.1252,82668.6,0.8748,48,Digital,2023,2,39,Autônomo,4508.07,49.0,Própria,551.0,3,1,Não,0
P002208,2025-10-01,36400.0,5510.96,0.1514,30889.04,0.8486,60,Correspondente bancário,2017,8,25,CLT,5405.44,23.0,Financiada,671.0,2,0,Não,0
P002209,2025-09-01,79700.0,41523.7,0.521,38176.3,0.479,48,Revenda multimarca,2023,2,57,CLT,6694.79,83.0,Familiar,678.0,1,2,Não,0
P002210,2025-09-01,60100.0,9880.44,0.1644,50219.56,0.8356,48,Concessionária,2022,3,38,CLT,3799.25,223.0,Alugada,552.0,1,4,Não,0
P002211,2025-11-01,25500.0,4090.2,0.1604,21409.8,0.8396,36,Digital,2019,6,48,CLT,,18.0,Própria,586.0,1,4,Não,0
P002212,2025-10-01,42500.0,7552.25,0.1777,34947.75,0.8223,48,Concessionária,2018,7,40,Autônomo,6334.21,9.0,Alugada,927.0,1,0,Não,0
P002213,2025-07-01,83800.0,18410.86,0.2197,65389.14,0.7803,24,Concessionária,2024,1,44,CLT,9993.27,87.0,Própria,675.0,0,1,Não,0
P002214,2025-11-01,53800.0,1732.36,0.0322,52067.64,0.9678,48,Digital,2024,1,33,Autônomo,4106.77,47.0,Familiar,546.0,1,0,Não,0
P002215,2025-11-01,22000.0,5317.4,0.2417,16682.6,0.7583,48,Concessionária,2020,5,26,CLT,1905.59,23.0,Própria,587.0,3,0,Não,0
P002216,2025-07-01,22000.0,3031.6,0.1378,18968.4,0.8622,24,Correspondente bancário,2022,3,47,CLT,2124.36,,Financiada,,2,1,Não,0
P002217,2025-07-01,23700.0,4630.98,0.1954,19069.02,0.8046,60,Concessionária,2020,5,26,CLT,,25.0,Familiar,382.0,3,2,Não,0
P002218,2025-08-01,22000.0,7339.2,0.3336,14660.8,0.6664,48,Revenda multimarca,2024,1,34,CLT,1600.0,46.0,Própria,315.0,4,6,Não,0
P002219,2025-07-01,47200.0,4351.84,0.0922,42848.16,0.9078,48,Concessionária,2021,4,52,CLT,5501.78,36.0,Financiada,617.0,1,0,Não,0
P002220,2025-10-01,82500.0,14008.5,0.1698,68491.5,0.8302,60,Revenda multimarca,2023,2,31,CLT,3672.56,31.0,Própria,369.0,2,7,Sim,0
P002221,2025-11-01,51800.0,3983.42,0.0769,47816.58,0.9231,60,Correspondente bancário,2023,2,28,CLT,5036.21,83.0,Alugada,484.0,0,2,Não,0
P002222,2025-08-01,37600.0,4068.32,0.1082,33531.68,0.8918,24,Revenda multimarca,2023,2,51,CLT,5541.21,29.0,Financiada,488.0,2,1,Não,0
P002223,2025-10-01,22000.0,3665.2,0.1666,18334.8,0.8334,36,Revenda multimarca,2016,9,37,CLT,1654.12,149.0,Familiar,503.0,5,1,Não,0
P002224,2025-07-01,40200.0,16164.42,0.4021,24035.58,0.5979,24,Correspondente bancário,2017,8,50,CLT,6547.07,21.0,Familiar,528.0,0,0,Não,0
P002225,2025-11-01,22300.0,13870.6,0.622,8429.4,0.378,48,Correspondente bancário,2021,4,34,Autônomo,2327.21,38.0,Financiada,424.0,2,1,Não,0
P002226,2025-07-01,81100.0,5174.18,0.0638,75925.82,0.9362,36,Concessionária,2020,5,27,Servidor público,4825.52,37.0,Própria,620.0,1,1,Não,0
P002227,2025-11-01,54700.0,3473.45,0.0635,51226.55,0.9365,48,Concessionária,2022,3,35,CLT,11006.43,79.0,Alugada,868.0,1,0,Não,0
P002228,2025-10-01,25000.0,3230.0,0.1292,21770.0,0.8708,36,Revenda multimarca,2013,12,41,CLT,1600.0,9.0,Alugada,390.0,1,3,Não,0
P002229,2025-09-01,78700.0,18179.7,0.231,60520.3,0.769,24,Revenda multimarca,2023,2,30,CLT,10722.46,27.0,Financiada,784.0,0,1,Não,0
P002230,2025-10-01,22000.0,5944.4,0.2702,16055.6,0.7298,60,Concessionária,2020,5,34,Autônomo,1600.0,19.0,Própria,531.0,1,0,Sim,0
P002231,2025-11-01,44700.0,2235.0,0.05,42465.0,0.95,24,Concessionária,2018,7,25,Autônomo,3557.74,44.0,Própria,504.0,1,3,Sim,0
P002232,2025-07-01,43900.0,10461.37,0.2383,33438.63,0.7617,60,Concessionária,2019,6,63,Aposentado,3556.32,27.0,Alugada,462.0,1,1,Não,0
P002233,2025-11-01,22000.0,3447.4,0.1567,18552.6,0.8433,36,Digital,2019,6,29,CLT,3992.78,85.0,Própria,436.0,5,3,Não,0
P002234,2025-08-01,30800.0,2818.2,0.0915,27981.8,0.9085,48,Digital,2020,5,24,CLT,2346.91,,Alugada,349.0,5,3,Não,0
P002235,2025-09-01,107100.0,13387.5,0.125,93712.5,0.875,60,Digital,2021,4,70,CLT,11494.55,,Própria,636.0,0,1,Não,0
P002236,2025-07-01,52200.0,10831.5,0.2075,41368.5,0.7925,48,Revenda multimarca,2024,1,66,Aposentado,8300.42,93.0,Financiada,751.0,1,1,Não,0
P002237,2025-10-01,50000.0,5220.0,0.1044,44780.0,0.8956,24,Concessionária,2022,3,75,Aposentado,4969.91,246.0,Alugada,558.0,2,3,Não,0
P002238,2025-11-01,40600.0,3341.38,0.0823,37258.62,0.9177,36,Concessionária,2023,2,36,CLT,4852.76,32.0,Alugada,520.0,0,0,Sim,0
P002239,2025-07-01,39400.0,7489.94,0.1901,31910.06,0.8099,60,Revenda multimarca,2016,9,30,Servidor público,6231.07,72.0,Familiar,519.0,5,3,Não,0
P002240,2025-08-01,31400.0,628.0,0.02,30772.0,0.98,36,Digital,2022,3,37,CLT,1730.7,,Financiada,438.0,3,2,Sim,0
P002241,2025-08-01,29700.0,11832.48,0.3984,17867.52,0.6016,48,Concessionária,2021,4,35,CLT,2724.55,30.0,Financiada,646.0,1,6,Não,0
P002242,2025-11-01,64600.0,10077.6,0.156,54522.4,0.844,48,Concessionária,2023,2,41,CLT,1924.76,66.0,Própria,550.0,1,1,Não,0
P002243,2025-08-01,29200.0,6733.52,0.2306,22466.48,0.7694,60,Correspondente bancário,2017,8,30,Autônomo,1600.0,40.0,Alugada,352.0,5,2,Não,0
P002244,2025-12-01,27700.0,9213.02,0.3326,18486.98,0.6674,48,Digital,2024,1,28,CLT,,34.0,Financiada,493.0,2,3,Não,0
P002245,2025-09-01,76600.0,18728.7,0.2445,57871.3,0.7555,36,Concessionária,2023,2,31,CLT,4410.21,74.0,Financiada,559.0,1,1,Não,0
P002246,2025-09-01,25100.0,2858.89,0.1139,22241.11,0.8861,36,Concessionária,2022,3,25,CLT,3070.57,84.0,Própria,481.0,3,3,Não,0
P002247,2025-10-01,50300.0,3661.84,0.0728,46638.16,0.9272,48,Concessionária,2018,7,29,Autônomo,,132.0,Alugada,477.0,2,2,Não,0
P002248,2025-12-01,59300.0,11836.28,0.1996,47463.72,0.8004,60,Revenda multimarca,2023,2,34,CLT,8021.11,41.0,Familiar,719.0,1,2,Não,0
P002249,2025-12-01,22000.0,2340.8,0.1064,19659.2,0.8936,60,Revenda multimarca,2025,0,44,CLT,2230.28,97.0,Alugada,532.0,3,2,Sim,0
P002250,2025-07-01,40100.0,7775.39,0.1939,32324.61,0.8061,48,Digital,2017,8,36,Servidor público,3446.75,44.0,Familiar,605.0,2,4,Não,0
P002251,2025-11-01,30700.0,1642.45,0.0535,29057.55,0.9465,48,Digital,2021,4,51,CLT,4453.22,67.0,Financiada,599.0,0,0,Sim,0
P002252,2025-12-01,92500.0,48858.5,0.5282,43641.5,0.4718,48,Digital,2024,1,49,Empresário,24685.5,13.0,Alugada,724.0,1,0,Não,0
P002253,2025-07-01,72500.0,13651.75,0.1883,58848.25,0.8117,48,Concessionária,2022,3,36,CLT,,123.0,Alugada,664.0,0,1,Não,0
P002254,2025-11-01,28500.0,6745.95,0.2367,21754.05,0.7633,60,Concessionária,2023,2,32,Servidor público,3659.81,,Financiada,461.0,4,0,Sim,0
P002255,2025-08-01,46500.0,10211.4,0.2196,36288.6,0.7804,24,Digital,2023,2,66,Aposentado,2822.94,244.0,Familiar,696.0,2,1,Sim,0
P002256,2025-12-01,61300.0,37092.63,0.6051,24207.37,0.3949,24,Correspondente bancário,2018,7,26,CLT,5974.2,49.0,Familiar,698.0,0,1,Não,0
P002257,2025-11-01,27200.0,4256.8,0.1565,22943.2,0.8435,60,Concessionária,2013,12,26,CLT,,42.0,Própria,487.0,3,2,Não,0
P002258,2025-08-01,42400.0,3090.96,0.0729,39309.04,0.9271,60,Concessionária,2022,3,31,CLT,1600.0,146.0,Própria,337.0,5,3,Sim,0
P002259,2025-09-01,22400.0,3059.84,0.1366,19340.16,0.8634,24,Revenda multimarca,2016,9,34,Empresário,2113.56,63.0,Própria,238.0,5,2,Não,0
P002260,2025-11-01,22000.0,2486.0,0.113,19514.0,0.887,48,Revenda multimarca,2023,2,33,CLT,1600.0,110.0,Alugada,92.0,5,6,Sim,0
P002261,2025-09-01,43300.0,14046.52,0.3244,29253.48,0.6756,48,Concessionária,2024,1,29,CLT,6496.97,48.0,Financiada,698.0,0,3,Não,0
P002262,2025-08-01,50200.0,21781.78,0.4339,28418.22,0.5661,60,Concessionária,2017,8,46,CLT,4904.52,4.0,Própria,724.0,0,0,Não,0
P002263,2025-09-01,23200.0,7897.28,0.3404,15302.72,0.6596,24,Concessionária,2020,5,29,CLT,5365.57,114.0,Familiar,525.0,0,1,Não,0
P002264,2025-07-01,209400.0,51219.24,0.2446,158180.76,0.7554,36,Revenda multimarca,2022,3,24,CLT,6947.35,,Financiada,642.0,0,1,Não,0
P002265,2025-11-01,66800.0,6018.68,0.0901,60781.32,0.9099,24,Correspondente bancário,2021,4,63,CLT,3657.79,24.0,Própria,650.0,1,0,Não,0
P002266,2025-10-01,28800.0,6624.0,0.23,22176.0,0.77,60,Revenda multimarca,2023,2,55,CLT,,92.0,Financiada,607.0,1,1,Não,0
P002267,2025-07-01,44300.0,5329.29,0.1203,38970.71,0.8797,48,Concessionária,2020,5,58,Empresário,4586.74,,Própria,227.0,5,0,Sim,0
P002268,2025-07-01,27600.0,902.52,0.0327,26697.48,0.9673,24,Concessionária,2013,12,38,CLT,3782.37,44.0,Própria,468.0,0,1,Não,0
P002269,2025-08-01,29500.0,11440.1,0.3878,18059.9,0.6122,60,Concessionária,2022,3,41,CLT,2993.38,73.0,Financiada,731.0,0,1,Não,0
P002270,2025-08-01,33600.0,5453.28,0.1623,28146.72,0.8377,36,Concessionária,2019,6,31,CLT,5943.51,45.0,Alugada,703.0,0,2,Não,0
P002271,2025-11-01,32700.0,4564.92,0.1396,28135.08,0.8604,48,Revenda multimarca,2021,4,49,Autônomo,2124.14,,Alugada,546.0,0,0,Não,0
P002272,2025-12-01,34700.0,12748.78,0.3674,21951.22,0.6326,60,Revenda multimarca,2019,6,34,Autônomo,2007.27,25.0,Financiada,520.0,0,1,Não,0
P002273,2025-08-01,44400.0,2770.56,0.0624,41629.44,0.9376,60,Concessionária,2025,0,52,CLT,9390.22,100.0,Financiada,422.0,4,4,Não,0
P002274,2025-07-01,36300.0,8258.25,0.2275,28041.75,0.7725,60,Digital,2020,5,41,CLT,4816.61,65.0,Familiar,598.0,1,4,Não,0
P002275,2025-11-01,27900.0,5387.49,0.1931,22512.51,0.8069,60,Revenda multimarca,2020,5,43,Autônomo,8040.8,6.0,Alugada,481.0,3,3,Não,0
P002276,2025-11-01,30900.0,3893.4,0.126,27006.6,0.874,60,Concessionária,2017,8,25,CLT,7472.67,84.0,Familiar,716.0,1,3,Sim,0
P002277,2025-12-01,67800.0,2115.36,0.0312,65684.64,0.9688,60,Concessionária,2022,3,55,CLT,5956.5,31.0,Alugada,338.0,5,1,Sim,0
P002278,2025-07-01,55700.0,4043.82,0.0726,51656.18,0.9274,24,Concessionária,2023,2,47,Servidor público,7047.17,74.0,Própria,523.0,0,3,Sim,0
P002279,2025-08-01,44400.0,8249.52,0.1858,36150.48,0.8142,48,Concessionária,2024,1,60,CLT,6133.24,85.0,Familiar,378.0,4,0,Não,0
P002280,2025-10-01,22000.0,5308.6,0.2413,16691.4,0.7587,36,Concessionária,2021,4,34,Autônomo,1600.0,11.0,Alugada,441.0,4,1,Sim,0
P002281,2025-12-01,22000.0,440.0,0.02,21560.0,0.98,36,Correspondente bancário,2021,4,29,CLT,2401.13,42.0,Familiar,213.0,5,1,Sim,0
P002282,2025-08-01,22000.0,11838.2,0.5381,10161.8,0.4619,48,Digital,2018,7,44,Empresário,6456.34,38.0,Financiada,467.0,3,1,Não,0
P002283,2025-09-01,58600.0,11895.8,0.203,46704.2,0.797,48,Correspondente bancário,2014,11,31,CLT,3827.62,52.0,Própria,776.0,1,0,Não,0
P002284,2025-09-01,31000.0,7018.4,0.2264,23981.6,0.7736,24,Digital,2020,5,29,Autônomo,3951.04,75.0,Financiada,576.0,2,1,Não,0
P002285,2025-10-01,89300.0,5974.17,0.0669,83325.83,0.9331,60,Correspondente bancário,2020,5,27,CLT,8437.25,108.0,Alugada,650.0,1,0,Sim,0
P002286,2025-09-01,80000.0,3520.0,0.044,76480.0,0.956,36,Revenda multimarca,2024,1,24,Autônomo,3032.84,40.0,Própria,527.0,0,2,Não,0
P002287,2025-12-01,43600.0,5000.92,0.1147,38599.08,0.8853,36,Concessionária,2022,3,45,Autônomo,5495.89,29.0,Própria,513.0,4,1,Não,0
P002288,2025-08-01,25800.0,1834.38,0.0711,23965.62,0.9289,60,Concessionária,2023,2,28,CLT,3888.88,70.0,Financiada,251.0,4,2,Sim,0
P002289,2025-08-01,31600.0,5906.04,0.1869,25693.96,0.8131,24,Revenda multimarca,2023,2,34,CLT,2671.96,,Alugada,,5,2,Não,0
P002290,2025-11-01,87100.0,29343.99,0.3369,57756.01,0.6631,48,Concessionária,2025,0,30,Empresário,8007.72,35.0,Própria,596.0,0,1,Não,0
P002291,2025-07-01,59000.0,24319.8,0.4122,34680.2,0.5878,24,Revenda multimarca,2022,3,49,Servidor público,6514.27,25.0,Financiada,673.0,1,0,Não,0
P002292,2025-11-01,49900.0,998.0,0.02,48902.0,0.98,24,Digital,2019,6,75,CLT,10988.02,,Financiada,441.0,2,2,Não,0
P002293,2025-07-01,22000.0,6380.0,0.29,15620.0,0.71,60,Concessionária,2025,0,47,Servidor público,3942.35,75.0,Alugada,404.0,5,6,Não,0
P002294,2025-12-01,42800.0,5512.64,0.1288,37287.36,0.8712,24,Digital,2024,1,43,CLT,11476.82,111.0,Própria,654.0,0,0,Sim,0
P002295,2025-12-01,54100.0,9267.33,0.1713,44832.67,0.8287,48,Concessionária,2024,1,32,Autônomo,2147.83,28.0,Alugada,587.0,0,0,Sim,0
P002296,2025-07-01,49100.0,10168.61,0.2071,38931.39,0.7929,36,Correspondente bancário,2023,2,40,CLT,8036.37,,Própria,630.0,1,0,Não,0
P002297,2025-10-01,46000.0,5805.2,0.1262,40194.8,0.8738,60,Concessionária,2021,4,49,Empresário,8621.47,18.0,Alugada,304.0,5,5,Não,0
P002298,2025-10-01,82500.0,30846.75,0.3739,51653.25,0.6261,36,Concessionária,2016,9,67,CLT,7993.88,108.0,Familiar,541.0,2,3,Não,0
P002299,2025-08-01,27400.0,7543.22,0.2753,19856.78,0.7247,48,Concessionária,2020,5,29,CLT,2080.85,6.0,Familiar,,1,2,Não,0
P002300,2025-12-01,59400.0,4906.44,0.0826,54493.56,0.9174,36,Revenda multimarca,2020,5,33,CLT,6893.12,48.0,Própria,663.0,2,3,Não,0
P002301,2025-08-01,26000.0,8637.2,0.3322,17362.8,0.6678,36,Digital,2023,2,31,CLT,3146.44,85.0,Familiar,802.0,0,1,Não,0
P002302,2025-09-01,38100.0,23557.23,0.6183,14542.77,0.3817,36,Concessionária,2023,2,62,Aposentado,6764.02,342.0,Financiada,576.0,1,2,Sim,0
P002303,2025-12-01,60400.0,20004.48,0.3312,40395.52,0.6688,36,Concessionária,2024,1,59,Aposentado,5567.71,87.0,Alugada,567.0,2,0,Não,0
P002304,2025-10-01,51800.0,2833.46,0.0547,48966.54,0.9453,48,Correspondente bancário,2023,2,58,Empresário,16757.08,45.0,Familiar,563.0,0,1,Sim,0
P002305,2025-12-01,22000.0,2710.4,0.1232,19289.6,0.8768,48,Revenda multimarca,2020,5,32,CLT,1661.95,28.0,Própria,,5,2,Não,0
P002306,2025-10-01,55800.0,6015.24,0.1078,49784.76,0.8922,60,Digital,2021,4,75,Aposentado,5083.57,26.0,Alugada,536.0,0,1,Sim,0
P002307,2025-11-01,50800.0,5852.16,0.1152,44947.84,0.8848,48,Revenda multimarca,2013,12,51,Autônomo,2660.98,12.0,Alugada,356.0,5,2,Sim,0
P002308,2025-07-01,27400.0,7187.02,0.2623,20212.98,0.7377,60,Digital,2017,8,33,Autônomo,3382.13,118.0,Alugada,712.0,0,0,Não,0
P002309,2025-07-01,22000.0,6855.2,0.3116,15144.8,0.6884,24,Revenda multimarca,2023,2,45,CLT,3024.12,40.0,Própria,542.0,2,2,Não,0
P002310,2025-11-01,67800.0,15275.34,0.2253,52524.66,0.7747,36,Concessionária,2022,3,65,Aposentado,6365.36,455.0,Familiar,527.0,2,4,Não,0
P002311,2025-11-01,55800.0,16399.62,0.2939,39400.38,0.7061,60,Concessionária,2020,5,30,Autônomo,7710.7,50.0,Alugada,760.0,0,0,Não,0
P002312,2025-09-01,22000.0,7002.6,0.3183,14997.4,0.6817,60,Revenda multimarca,2020,5,46,CLT,2883.53,97.0,Alugada,572.0,1,1,Não,0
P002313,2025-12-01,68400.0,3461.04,0.0506,64938.96,0.9494,48,Correspondente bancário,2021,4,50,Autônomo,6428.46,,Alugada,645.0,1,4,Sim,0
P002314,2025-09-01,44000.0,8575.6,0.1949,35424.4,0.8051,60,Correspondente bancário,2025,0,63,Aposentado,,215.0,Alugada,600.0,0,1,Não,0
P002315,2025-12-01,22300.0,5860.44,0.2628,16439.56,0.7372,48,Correspondente bancário,2023,2,46,Autônomo,5777.86,9.0,Própria,461.0,0,1,Não,0
P002316,2025-12-01,46200.0,15735.72,0.3406,30464.28,0.6594,24,Concessionária,2019,6,46,CLT,6710.7,43.0,Alugada,571.0,0,2,Não,0
P002317,2025-09-01,32900.0,18358.2,0.558,14541.8,0.442,60,Concessionária,2018,7,24,Autônomo,4457.54,72.0,Alugada,722.0,1,0,Não,0
P002318,2025-09-01,28600.0,7287.28,0.2548,21312.72,0.7452,36,Revenda multimarca,2023,2,37,CLT,2127.78,8.0,Própria,639.0,1,6,Não,0
P002319,2025-12-01,30200.0,11137.76,0.3688,19062.24,0.6312,48,Concessionária,2023,2,39,Autônomo,2789.1,103.0,Própria,422.0,3,3,Não,0
P002320,2025-12-01,59300.0,2389.79,0.0403,56910.21,0.9597,60,Correspondente bancário,2021,4,26,Empresário,5570.87,25.0,Familiar,611.0,2,2,Não,0
P002321,2025-10-01,79400.0,7757.38,0.0977,71642.62,0.9023,60,Concessionária,2021,4,49,Servidor público,7223.15,81.0,Alugada,1000.0,0,1,Não,0
P002322,2025-08-01,87900.0,14283.75,0.1625,73616.25,0.8375,36,Concessionária,2021,4,28,Autônomo,3840.48,8.0,Financiada,755.0,0,2,Não,0
P002323,2025-11-01,25100.0,5567.18,0.2218,19532.82,0.7782,60,Concessionária,2014,11,41,CLT,3310.63,31.0,Financiada,362.0,3,3,Sim,0
P002324,2025-09-01,32300.0,12642.22,0.3914,19657.78,0.6086,48,Correspondente bancário,2022,3,24,CLT,2322.25,63.0,Alugada,433.0,2,2,Não,0
P002325,2025-09-01,38600.0,7835.8,0.203,30764.2,0.797,48,Concessionária,2020,5,27,Autônomo,,44.0,Familiar,336.0,3,1,Sim,0
P002326,2025-09-01,22000.0,6855.2,0.3116,15144.8,0.6884,60,Correspondente bancário,2025,0,33,CLT,5872.24,21.0,Alugada,689.0,1,1,Não,0
P002327,2025-08-01,22000.0,3366.0,0.153,18634.0,0.847,60,Concessionária,2020,5,27,CLT,1600.0,42.0,Própria,248.0,5,2,Não,0
P002328,2025-10-01,88900.0,21540.47,0.2423,67359.53,0.7577,36,Concessionária,2025,0,58,Empresário,13657.62,,Familiar,596.0,0,3,Não,0
P002329,2025-07-01,35700.0,5961.9,0.167,29738.1,0.833,36,Digital,2020,5,41,CLT,4589.92,38.0,Própria,653.0,0,3,Não,0
P002330,2025-07-01,33000.0,660.0,0.02,32340.0,0.98,48,Revenda multimarca,2013,12,52,Autônomo,3857.71,21.0,Alugada,494.0,2,4,Não,0
P002331,2025-10-01,31000.0,7781.0,0.251,23219.0,0.749,48,Revenda multimarca,2020,5,57,Autônomo,3919.37,77.0,Alugada,623.0,4,4,Não,0
P002332,2025-08-01,22100.0,3810.04,0.1724,18289.96,0.8276,48,Concessionária,2020,5,51,Servidor público,3254.09,155.0,Financiada,380.0,5,1,Sim,0
P002333,2025-10-01,22000.0,6751.8,0.3069,15248.2,0.6931,48,Concessionária,2021,4,29,Empresário,,6.0,Alugada,469.0,4,8,Não,0
P002334,2025-08-01,74600.0,12607.4,0.169,61992.6,0.831,48,Revenda multimarca,2024,1,41,CLT,2254.68,32.0,Própria,699.0,2,1,Não,0
P002335,2025-09-01,44900.0,18099.19,0.4031,26800.81,0.5969,48,Concessionária,2021,4,37,CLT,3956.66,50.0,Alugada,611.0,1,2,Não,0
P002336,2025-12-01,109100.0,23096.47,0.2117,86003.53,0.7883,48,Concessionária,2024,1,46,Autônomo,,40.0,Familiar,637.0,0,2,Não,0
P002337,2025-09-01,32500.0,7741.5,0.2382,24758.5,0.7618,36,Concessionária,2022,3,39,Autônomo,2843.98,,Alugada,440.0,5,1,Não,0
P002338,2025-11-01,35000.0,10892.0,0.3112,24108.0,0.6888,36,Correspondente bancário,2023,2,58,CLT,4876.08,90.0,Própria,506.0,0,1,Sim,0
P002339,2025-11-01,36400.0,12386.92,0.3403,24013.08,0.6597,60,Correspondente bancário,2019,6,30,CLT,1600.0,70.0,Familiar,330.0,2,3,Não,0
P002340,2025-11-01,35500.0,12357.55,0.3481,23142.45,0.6519,60,Concessionária,2023,2,70,Autônomo,5828.1,,Familiar,595.0,1,2,Não,0
P002341,2025-08-01,35700.0,5415.69,0.1517,30284.31,0.8483,24,Concessionária,2020,5,41,CLT,4667.88,77.0,Familiar,519.0,1,5,Não,0
P002342,2025-07-01,43000.0,5314.8,0.1236,37685.2,0.8764,48,Concessionária,2018,7,43,CLT,,,Própria,734.0,0,1,Não,0
P002343,2025-11-01,38300.0,7667.66,0.2002,30632.34,0.7998,60,Revenda multimarca,2024,1,31,Autônomo,6701.38,80.0,Alugada,559.0,0,1,Sim,0
P002344,2025-12-01,60600.0,5478.24,0.0904,55121.76,0.9096,48,Digital,2023,2,24,CLT,4791.62,11.0,Alugada,604.0,1,3,Não,0
P002345,2025-07-01,39300.0,7765.68,0.1976,31534.32,0.8024,48,Concessionária,2022,3,45,Autônomo,4542.38,14.0,Alugada,754.0,0,1,Não,0
P002346,2025-10-01,42900.0,6765.33,0.1577,36134.67,0.8423,24,Revenda multimarca,2023,2,25,Autônomo,7379.64,46.0,Alugada,621.0,0,1,Não,0
P002347,2025-09-01,41900.0,4906.49,0.1171,36993.51,0.8829,48,Revenda multimarca,2021,4,34,CLT,7378.07,31.0,Alugada,475.0,3,1,Não,0
P002348,2025-11-01,31500.0,10442.25,0.3315,21057.75,0.6685,36,Correspondente bancário,2023,2,32,CLT,,42.0,Alugada,741.0,0,0,Não,0
P002349,2025-09-01,22000.0,4844.4,0.2202,17155.6,0.7798,60,Revenda multimarca,2019,6,37,CLT,1984.78,28.0,Alugada,258.0,5,7,Não,0
P002350,2025-09-01,57300.0,15797.61,0.2757,41502.39,0.7243,48,Digital,2021,4,37,CLT,6448.96,174.0,Familiar,769.0,0,2,Não,0
P002351,2025-07-01,35500.0,12265.25,0.3455,23234.75,0.6545,36,Concessionária,2013,12,45,Empresário,2919.43,27.0,Familiar,447.0,0,3,Não,0
P002352,2025-07-01,57500.0,24909.0,0.4332,32591.0,0.5668,48,Revenda multimarca,2018,7,27,Autônomo,2561.99,105.0,Alugada,536.0,1,4,Sim,0
P002353,2025-10-01,29200.0,5200.52,0.1781,23999.48,0.8219,24,Correspondente bancário,2022,3,24,CLT,1648.07,15.0,Familiar,,5,5,Sim,0
P002354,2025-11-01,61200.0,12307.32,0.2011,48892.68,0.7989,36,Revenda multimarca,2021,4,60,Aposentado,4462.55,39.0,Alugada,615.0,0,0,Não,0
P002355,2025-10-01,36000.0,15800.4,0.4389,20199.6,0.5611,36,Digital,2023,2,60,CLT,3939.71,134.0,Familiar,546.0,1,2,Não,0
P002356,2025-08-01,42100.0,3186.97,0.0757,38913.03,0.9243,48,Revenda multimarca,2020,5,37,Autônomo,2669.8,117.0,Alugada,851.0,0,0,Não,0
P002357,2025-12-01,46200.0,19011.3,0.4115,27188.7,0.5885,24,Correspondente bancário,2022,3,24,CLT,3953.97,20.0,Própria,693.0,1,2,Não,0
P002358,2025-07-01,22000.0,1612.6,0.0733,20387.4,0.9267,48,Digital,2019,6,26,Autônomo,2084.26,41.0,Alugada,,1,2,Não,0
P002359,2025-11-01,28000.0,4746.0,0.1695,23254.0,0.8305,60,Revenda multimarca,2022,3,39,Autônomo,,18.0,Própria,806.0,1,0,Sim,0
P002360,2025-11-01,22000.0,5977.4,0.2717,16022.6,0.7283,24,Concessionária,2018,7,47,CLT,1600.0,31.0,Alugada,131.0,5,4,Não,0
P002361,2025-07-01,22000.0,5493.4,0.2497,16506.6,0.7503,48,Revenda multimarca,2022,3,42,CLT,6760.44,92.0,Própria,472.0,1,2,Sim,0
P002362,2025-12-01,36800.0,2763.68,0.0751,34036.32,0.9249,60,Correspondente bancário,2021,4,25,CLT,,9.0,Alugada,666.0,0,4,Não,0
P002363,2025-11-01,70500.0,31732.05,0.4501,38767.95,0.5499,60,Concessionária,2022,3,26,CLT,5894.47,,Familiar,664.0,0,1,Não,0
P002364,2025-09-01,24700.0,13822.12,0.5596,10877.88,0.4404,36,Digital,2020,5,30,CLT,1600.0,4.0,Própria,587.0,0,1,Não,0
P002365,2025-08-01,37600.0,1951.44,0.0519,35648.56,0.9481,60,Concessionária,2021,4,43,CLT,4391.83,48.0,Alugada,624.0,2,1,Não,0
P002366,2025-12-01,32200.0,7982.38,0.2479,24217.62,0.7521,60,Concessionária,2021,4,27,CLT,3595.61,3.0,Alugada,753.0,0,0,Não,0
P002367,2025-11-01,22000.0,7143.4,0.3247,14856.6,0.6753,60,Revenda multimarca,2023,2,32,CLT,1883.68,17.0,Financiada,370.0,5,5,Não,0
P002368,2025-08-01,27200.0,12310.72,0.4526,14889.28,0.5474,24,Revenda multimarca,2022,3,40,CLT,1697.05,,Própria,498.0,0,3,Não,0
P002369,2025-09-01,59000.0,3097.5,0.0525,55902.5,0.9475,60,Correspondente bancário,2023,2,56,Autônomo,5122.37,5.0,Familiar,608.0,1,0,Não,0
P002370,2025-10-01,38500.0,10414.25,0.2705,28085.75,0.7295,48,Concessionária,2018,7,30,Autônomo,3337.33,3.0,Própria,514.0,0,1,Não,0
P002371,2025-07-01,23700.0,11352.3,0.479,12347.7,0.521,60,Correspondente bancário,2023,2,23,CLT,2261.98,23.0,Própria,686.0,0,3,Sim,0
P002372,2025-12-01,48800.0,10272.4,0.2105,38527.6,0.7895,48,Correspondente bancário,2023,2,62,Servidor público,10502.31,15.0,Própria,821.0,0,0,Não,0
P002373,2025-09-01,22000.0,3502.4,0.1592,18497.6,0.8408,36,Concessionária,2017,8,25,CLT,2555.19,35.0,Familiar,421.0,1,2,Não,0
P002374,2025-07-01,22000.0,6685.8,0.3039,15314.2,0.6961,36,Concessionária,2022,3,27,CLT,2036.86,,Familiar,652.0,1,1,Não,0
P002375,2025-12-01,22000.0,5352.6,0.2433,16647.4,0.7567,24,Revenda multimarca,2025,0,34,Autônomo,1600.0,,Própria,481.0,4,2,Sim,0
P002376,2025-09-01,51100.0,7925.61,0.1551,43174.39,0.8449,48,Digital,2022,3,29,CLT,11257.73,32.0,Própria,948.0,0,0,Não,0
P002377,2025-09-01,53600.0,5869.2,0.1095,47730.8,0.8905,48,Revenda multimarca,2019,6,41,Autônomo,,33.0,Própria,543.0,1,3,Sim,0
P002378,2025-09-01,34900.0,5748.03,0.1647,29151.97,0.8353,48,Revenda multimarca,2024,1,26,Empresário,7669.51,22.0,Financiada,,3,1,Não,0
P002379,2025-07-01,22000.0,5588.0,0.254,16412.0,0.746,36,Revenda multimarca,2014,11,33,CLT,,42.0,Alugada,396.0,2,2,Sim,0
P002380,2025-08-01,22000.0,6496.6,0.2953,15503.4,0.7047,60,Revenda multimarca,2024,1,31,CLT,,18.0,Própria,679.0,1,2,Não,0
P002381,2025-12-01,32800.0,656.0,0.02,32144.0,0.98,24,Correspondente bancário,2023,2,32,Autônomo,3051.24,5.0,Própria,636.0,0,1,Sim,0
P002382,2025-12-01,119100.0,40160.52,0.3372,78939.48,0.6628,24,Concessionária,2024,1,75,Servidor público,15346.51,80.0,Financiada,825.0,0,0,Não,0
P002383,2025-07-01,67700.0,12659.9,0.187,55040.1,0.813,60,Revenda multimarca,2021,4,47,Servidor público,,65.0,Familiar,717.0,0,1,Não,0
P002384,2025-11-01,63200.0,39556.88,0.6259,23643.12,0.3741,48,Concessionária,2016,9,44,CLT,10098.71,58.0,Alugada,531.0,3,1,Não,0
P002385,2025-08-01,47100.0,13715.52,0.2912,33384.48,0.7088,36,Digital,2016,9,43,Autônomo,3332.43,52.0,Própria,226.0,5,4,Não,0
P002386,2025-08-01,35900.0,3381.78,0.0942,32518.22,0.9058,48,Correspondente bancário,2020,5,37,CLT,2916.18,197.0,Própria,427.0,3,3,Sim,0
P002387,2025-08-01,22000.0,2758.8,0.1254,19241.2,0.8746,60,Concessionária,2024,1,66,Aposentado,1600.0,123.0,Própria,,5,3,Sim,0
P002388,2025-11-01,34300.0,4719.68,0.1376,29580.32,0.8624,48,Revenda multimarca,2018,7,61,Autônomo,2637.23,31.0,Familiar,318.0,5,6,Não,0
P002389,2025-10-01,76500.0,13219.2,0.1728,63280.8,0.8272,60,Revenda multimarca,2024,1,28,Autônomo,4496.0,6.0,Própria,569.0,2,0,Sim,0
P002390,2025-07-01,83700.0,12889.8,0.154,70810.2,0.846,60,Concessionária,2023,2,69,Aposentado,8085.76,138.0,Alugada,701.0,0,3,Sim,0
P002391,2025-11-01,23800.0,7492.24,0.3148,16307.76,0.6852,36,Correspondente bancário,2020,5,35,CLT,2024.32,10.0,Alugada,441.0,1,1,Não,0
P002392,2025-11-01,37700.0,1051.83,0.0279,36648.17,0.9721,60,Concessionária,2013,12,43,Autônomo,2082.76,36.0,Financiada,621.0,0,0,Não,0
P002393,2025-11-01,30300.0,3899.61,0.1287,26400.39,0.8713,36,Concessionária,2024,1,37,Autônomo,5763.6,46.0,Familiar,907.0,0,2,Não,0
P002394,2025-07-01,108400.0,20520.12,0.1893,87879.88,0.8107,48,Revenda multimarca,2022,3,26,CLT,6924.63,,Familiar,831.0,0,1,Não,0
P002395,2025-08-01,41700.0,7435.11,0.1783,34264.89,0.8217,24,Revenda multimarca,2018,7,54,Servidor público,4352.23,99.0,Própria,687.0,0,2,Não,0
P002396,2025-12-01,37500.0,9480.0,0.2528,28020.0,0.7472,48,Revenda multimarca,2018,7,37,Servidor público,7400.32,59.0,Familiar,482.0,5,5,Não,0
P002397,2025-11-01,65500.0,28800.35,0.4397,36699.65,0.5603,48,Digital,2020,5,60,CLT,7321.61,62.0,Alugada,651.0,1,2,Não,0
P002398,2025-09-01,25300.0,9993.5,0.395,15306.5,0.605,48,Concessionária,2022,3,31,Autônomo,2234.34,37.0,Alugada,613.0,4,3,Não,0
P002399,2025-09-01,34400.0,5610.64,0.1631,28789.36,0.8369,48,Correspondente bancário,2024,1,38,Autônomo,2169.75,15.0,Alugada,708.0,0,1,Não,0
P002400,2025-11-01,32800.0,12290.16,0.3747,20509.84,0.6253,36,Concessionária,2025,0,65,Aposentado,3995.19,,Alugada,332.0,3,2,Sim,0
P002401,2025-10-01,45100.0,8023.29,0.1779,37076.71,0.8221,60,Concessionária,2019,6,44,CLT,4543.97,139.0,Alugada,638.0,0,1,Não,0
P002402,2025-07-01,25800.0,3624.9,0.1405,22175.1,0.8595,48,Concessionária,2023,2,34,CLT,5780.82,39.0,Alugada,758.0,0,1,Não,0
P002403,2025-08-01,50100.0,12479.91,0.2491,37620.09,0.7509,24,Digital,2018,7,47,Autônomo,5337.07,55.0,Familiar,432.0,1,3,Não,0
P002404,2025-10-01,32500.0,10744.5,0.3306,21755.5,0.6694,60,Concessionária,2019,6,36,Empresário,10954.59,,Própria,526.0,0,1,Sim,0
P002405,2025-11-01,24800.0,8141.84,0.3283,16658.16,0.6717,36,Concessionária,2020,5,52,CLT,12581.07,112.0,Alugada,556.0,2,3,Não,0
P002406,2025-10-01,22000.0,7664.8,0.3484,14335.2,0.6516,48,Concessionária,2021,4,21,Autônomo,1600.0,26.0,Alugada,497.0,4,0,Não,0
P002407,2025-10-01,34000.0,15745.4,0.4631,18254.6,0.5369,36,Correspondente bancário,2023,2,54,Servidor público,5301.68,13.0,Familiar,356.0,1,0,Não,0
P002408,2025-10-01,22000.0,5060.0,0.23,16940.0,0.77,24,Revenda multimarca,2018,7,41,Servidor público,1600.0,31.0,Alugada,160.0,5,1,Sim,0
P002409,2025-12-01,35400.0,7122.48,0.2012,28277.52,0.7988,60,Concessionária,2024,1,33,CLT,5664.38,13.0,Alugada,703.0,0,2,Não,0
P002410,2025-09-01,29600.0,11552.88,0.3903,18047.12,0.6097,48,Digital,2022,3,25,Empresário,4397.94,18.0,Própria,519.0,2,4,Não,0
P002411,2025-09-01,35100.0,13436.28,0.3828,21663.72,0.6172,24,Concessionária,2022,3,38,CLT,1600.0,45.0,Própria,635.0,1,1,Não,0
P002412,2025-08-01,42200.0,14812.2,0.351,27387.8,0.649,24,Revenda multimarca,2022,3,34,Autônomo,2211.51,21.0,Financiada,592.0,0,1,Não,0
P002413,2025-11-01,52700.0,10534.73,0.1999,42165.27,0.8001,60,Concessionária,2021,4,29,CLT,5689.51,28.0,Alugada,569.0,1,0,Não,0
P002414,2025-11-01,33900.0,5291.79,0.1561,28608.21,0.8439,48,Correspondente bancário,2022,3,25,Autônomo,4873.49,23.0,Alugada,568.0,1,3,Não,0
P002415,2025-07-01,22000.0,534.6,0.0243,21465.4,0.9757,48,Concessionária,2022,3,43,CLT,1600.0,56.0,Alugada,463.0,3,3,Não,0
P002416,2025-12-01,33500.0,9055.05,0.2703,24444.95,0.7297,24,Revenda multimarca,2013,12,32,Empresário,6635.33,46.0,Financiada,547.0,0,1,Não,0
P002417,2025-10-01,66400.0,5683.84,0.0856,60716.16,0.9144,24,Digital,2020,5,43,Empresário,8646.49,33.0,Alugada,721.0,0,1,Não,0
P002418,2025-07-01,43000.0,13648.2,0.3174,29351.8,0.6826,24,Concessionária,2023,2,55,CLT,4248.62,,Financiada,690.0,0,0,Sim,0
P002419,2025-08-01,36200.0,12474.52,0.3446,23725.48,0.6554,24,Concessionária,2018,7,44,Servidor público,6382.6,32.0,Financiada,585.0,2,1,Não,0
P002420,2025-12-01,22000.0,3465.0,0.1575,18535.0,0.8425,24,Concessionária,2022,3,30,CLT,2413.48,29.0,Alugada,333.0,4,6,Não,0
P002421,2025-11-01,49100.0,6785.62,0.1382,42314.38,0.8618,48,Concessionária,2019,6,52,Empresário,5767.02,58.0,Própria,385.0,5,2,Não,0
P002422,2025-09-01,23100.0,1716.33,0.0743,21383.67,0.9257,48,Correspondente bancário,2022,3,41,Empresário,4712.06,59.0,Alugada,532.0,1,4,Não,0
P002423,2025-10-01,65300.0,10604.72,0.1624,54695.28,0.8376,36,Concessionária,2023,2,33,CLT,8434.16,118.0,Familiar,615.0,0,0,Não,0
P002424,2025-08-01,67500.0,27675.0,0.41,39825.0,0.59,24,Concessionária,2022,3,52,Servidor público,7585.24,272.0,Própria,450.0,4,1,Não,0
P002425,2025-09-01,38200.0,3854.38,0.1009,34345.62,0.8991,36,Concessionária,2023,2,34,Autônomo,1600.0,,Alugada,416.0,0,3,Não,0
P002426,2025-09-01,22000.0,3733.4,0.1697,18266.6,0.8303,48,Correspondente bancário,2020,5,24,CLT,1600.0,72.0,Própria,10.0,5,4,Sim,0
P002427,2025-08-01,96700.0,38003.1,0.393,58696.9,0.607,60,Digital,2023,2,26,Empresário,9850.68,20.0,Própria,,3,1,Não,0
P002428,2025-09-01,39100.0,5239.4,0.134,33860.6,0.866,36,Digital,2023,2,39,Autônomo,5843.88,74.0,Alugada,639.0,2,2,Não,0
P002429,2025-07-01,42700.0,12891.13,0.3019,29808.87,0.6981,48,Digital,2021,4,25,Autônomo,2181.51,32.0,Financiada,590.0,2,2,Não,0
P002430,2025-12-01,34600.0,9297.02,0.2687,25302.98,0.7313,60,Revenda multimarca,2019,6,41,CLT,5072.42,102.0,Familiar,524.0,0,6,Não,0
P002431,2025-09-01,34700.0,9167.74,0.2642,25532.26,0.7358,48,Concessionária,2023,2,48,CLT,7385.15,46.0,Alugada,732.0,0,2,Não,0
P002432,2025-07-01,22000.0,4697.0,0.2135,17303.0,0.7865,24,Digital,2024,1,42,CLT,3607.73,65.0,Familiar,530.0,1,1,Não,0
P002433,2025-11-01,22000.0,5737.6,0.2608,16262.4,0.7392,36,Concessionária,2020,5,47,Autônomo,2568.08,169.0,Própria,564.0,1,0,Não,0
P002434,2025-09-01,66800.0,26519.6,0.397,40280.4,0.603,36,Concessionária,2024,1,36,CLT,5290.75,29.0,Própria,621.0,1,1,Não,0
P002435,2025-11-01,41300.0,9185.12,0.2224,32114.88,0.7776,36,Revenda multimarca,2022,3,28,CLT,7171.7,120.0,Alugada,546.0,1,7,Não,0
P002436,2025-08-01,93300.0,25825.44,0.2768,67474.56,0.7232,48,Correspondente bancário,2025,0,75,Aposentado,9253.68,121.0,Alugada,773.0,1,2,Não,0
P002437,2025-10-01,77900.0,17379.49,0.2231,60520.51,0.7769,36,Digital,2017,8,26,CLT,7061.66,96.0,Alugada,684.0,1,2,Não,0
P002438,2025-07-01,94300.0,15785.82,0.1674,78514.18,0.8326,36,Concessionária,2023,2,41,CLT,11824.47,,Própria,906.0,0,0,Não,0
P002439,2025-12-01,42600.0,3097.02,0.0727,39502.98,0.9273,48,Revenda multimarca,2024,1,59,Autônomo,,57.0,Financiada,579.0,0,2,Não,0
P002440,2025-07-01,36700.0,4932.48,0.1344,31767.52,0.8656,60,Revenda multimarca,2022,3,58,CLT,2904.45,38.0,Alugada,581.0,0,3,Não,0
P002441,2025-08-01,44200.0,10329.54,0.2337,33870.46,0.7663,36,Concessionária,2021,4,30,CLT,4282.3,25.0,Própria,688.0,1,0,Não,0
P002442,2025-11-01,36300.0,10254.75,0.2825,26045.25,0.7175,36,Digital,2021,4,73,CLT,4922.58,40.0,Alugada,421.0,2,1,Sim,0
P002443,2025-08-01,57900.0,20641.35,0.3565,37258.65,0.6435,36,Concessionária,2021,4,26,CLT,8480.06,57.0,Alugada,837.0,0,1,Não,0
P002444,2025-08-01,27000.0,3396.6,0.1258,23603.4,0.8742,36,Digital,2019,6,42,Empresário,4589.7,151.0,Própria,425.0,2,3,Não,0
P002445,2025-12-01,52900.0,23556.37,0.4453,29343.63,0.5547,60,Revenda multimarca,2023,2,47,CLT,12330.47,42.0,Própria,429.0,1,4,Não,0
P002446,2025-11-01,22000.0,1630.2,0.0741,20369.8,0.9259,60,Concessionária,2023,2,54,Aposentado,2799.17,160.0,Alugada,466.0,2,1,Não,0
P002447,2025-08-01,68500.0,22255.65,0.3249,46244.35,0.6751,60,Revenda multimarca,2015,10,29,CLT,1989.57,45.0,Familiar,475.0,4,1,Sim,0
P002448,2025-12-01,36200.0,1922.22,0.0531,34277.78,0.9469,36,Concessionária,2013,12,23,Autônomo,2879.73,60.0,Financiada,586.0,2,1,Não,0
P002449,2025-11-01,39300.0,12092.61,0.3077,27207.39,0.6923,24,Concessionária,2022,3,66,Aposentado,3128.87,105.0,Alugada,445.0,5,1,Não,0
P002450,2025-08-01,46700.0,9003.76,0.1928,37696.24,0.8072,48,Correspondente bancário,2024,1,28,Servidor público,8945.59,18.0,Própria,703.0,1,0,Sim,0
P002451,2025-08-01,45500.0,8431.15,0.1853,37068.85,0.8147,36,Correspondente bancário,2019,6,37,Autônomo,3195.49,80.0,Própria,577.0,2,3,Não,0
P002452,2025-12-01,32700.0,1893.33,0.0579,30806.67,0.9421,36,Concessionária,2023,2,42,CLT,,65.0,Familiar,443.0,1,1,Não,0
P002453,2025-12-01,40800.0,10391.76,0.2547,30408.24,0.7453,36,Correspondente bancário,2024,1,45,Empresário,11523.52,51.0,Alugada,585.0,0,4,Não,0
P002454,2025-11-01,74500.0,14542.4,0.1952,59957.6,0.8048,48,Concessionária,2024,1,26,CLT,4089.82,47.0,Própria,870.0,0,1,Não,0
P002455,2025-10-01,53400.0,10690.68,0.2002,42709.32,0.7998,36,Digital,2018,7,26,CLT,4296.77,45.0,Alugada,457.0,3,3,Sim,0
P002456,2025-09-01,26800.0,7924.76,0.2957,18875.24,0.7043,36,Revenda multimarca,2025,0,51,Autônomo,2616.79,125.0,Familiar,550.0,2,0,Não,0
P002457,2025-10-01,41700.0,2910.66,0.0698,38789.34,0.9302,48,Correspondente bancário,2021,4,44,Autônomo,3148.82,43.0,Alugada,271.0,5,5,Sim,0
P002458,2025-07-01,36500.0,6595.55,0.1807,29904.45,0.8193,60,Concessionária,2021,4,52,CLT,,18.0,Financiada,400.0,1,3,Sim,0
P002459,2025-07-01,66200.0,30365.94,0.4587,35834.06,0.5413,48,Concessionária,2022,3,66,CLT,5949.62,,Própria,559.0,1,1,Sim,0
P002460,2025-12-01,27200.0,7194.4,0.2645,20005.6,0.7355,60,Correspondente bancário,2013,12,38,CLT,2625.08,105.0,Própria,275.0,5,4,Sim,0
P002461,2025-10-01,25700.0,2742.19,0.1067,22957.81,0.8933,48,Concessionária,2021,4,45,Servidor público,3494.11,101.0,Financiada,625.0,0,4,Não,0
P002462,2025-07-01,44000.0,7453.6,0.1694,36546.4,0.8306,48,Concessionária,2017,8,30,CLT,5957.6,,Familiar,489.0,2,2,Sim,0
P002463,2025-10-01,35400.0,10750.98,0.3037,24649.02,0.6963,36,Revenda multimarca,2021,4,50,Empresário,6900.63,61.0,Alugada,425.0,5,5,Sim,0
P002464,2025-09-01,22000.0,3223.0,0.1465,18777.0,0.8535,36,Correspondente bancário,2019,6,42,Autônomo,2007.19,19.0,Familiar,275.0,5,0,Sim,0
P002465,2025-09-01,31000.0,11026.7,0.3557,19973.3,0.6443,36,Revenda multimarca,2024,1,44,Autônomo,2106.27,10.0,Própria,708.0,0,0,Não,0
P002466,2025-10-01,73200.0,35480.04,0.4847,37719.96,0.5153,48,Revenda multimarca,2024,1,34,CLT,8045.1,9.0,Alugada,840.0,0,0,Não,0
P002467,2025-07-01,41400.0,16638.66,0.4019,24761.34,0.5981,24,Digital,2023,2,38,CLT,6094.94,,Financiada,750.0,1,1,Não,0
P002468,2025-09-01,65900.0,10372.66,0.1574,55527.34,0.8426,48,Concessionária,2024,1,37,Servidor público,10268.19,20.0,Financiada,640.0,1,2,Não,0
P002469,2025-10-01,49000.0,5066.6,0.1034,43933.4,0.8966,48,Concessionária,2023,2,29,CLT,7558.82,10.0,Financiada,561.0,0,3,Não,0
P002470,2025-09-01,45700.0,11123.38,0.2434,34576.62,0.7566,36,Correspondente bancário,2019,6,61,Aposentado,6458.79,18.0,Familiar,662.0,1,1,Não,0
P002471,2025-10-01,32100.0,14836.62,0.4622,17263.38,0.5378,60,Digital,2015,10,30,CLT,1698.42,120.0,Alugada,475.0,3,2,Não,0
P002472,2025-12-01,77700.0,28702.38,0.3694,48997.62,0.6306,60,Revenda multimarca,2023,2,28,Empresário,,56.0,Própria,836.0,0,1,Sim,0
P002473,2025-07-01,34600.0,9470.02,0.2737,25129.98,0.7263,36,Concessionária,2022,3,50,CLT,6224.12,74.0,Financiada,667.0,0,1,Sim,0
P002474,2025-07-01,43900.0,10606.24,0.2416,33293.76,0.7584,24,Correspondente bancário,2021,4,65,Aposentado,4367.81,59.0,Familiar,595.0,2,1,Não,0
P002475,2025-07-01,22000.0,3256.0,0.148,18744.0,0.852,36,Digital,2023,2,49,Empresário,4116.58,5.0,Financiada,548.0,3,2,Não,0
P002476,2025-12-01,58100.0,14920.08,0.2568,43179.92,0.7432,36,Concessionária,2021,4,44,CLT,4050.25,13.0,Financiada,,1,0,Não,0
P002477,2025-10-01,27500.0,6891.5,0.2506,20608.5,0.7494,48,Concessionária,2022,3,43,CLT,1777.42,87.0,Alugada,239.0,5,4,Não,0
P002478,2025-08-01,22000.0,5255.8,0.2389,16744.2,0.7611,36,Revenda multimarca,2022,3,47,CLT,3364.53,75.0,Alugada,582.0,0,1,Não,0
P002479,2025-07-01,22000.0,2629.0,0.1195,19371.0,0.8805,60,Concessionária,2014,11,35,Servidor público,1600.0,204.0,Familiar,154.0,5,3,Sim,0
P002480,2025-09-01,41700.0,24573.81,0.5893,17126.19,0.4107,24,Concessionária,2023,2,43,CLT,4477.06,54.0,Financiada,654.0,1,1,Não,0
P002481,2025-10-01,22000.0,5203.0,0.2365,16797.0,0.7635,36,Concessionária,2022,3,52,CLT,2530.09,,Alugada,510.0,1,1,Não,0
P002482,2025-07-01,41500.0,4610.65,0.1111,36889.35,0.8889,48,Digital,2022,3,25,CLT,4862.41,13.0,Própria,562.0,0,4,Não,0
P002483,2025-07-01,56500.0,20611.2,0.3648,35888.8,0.6352,36,Revenda multimarca,2022,3,31,CLT,4746.86,16.0,Familiar,828.0,0,2,Não,0
P002484,2025-08-01,77900.0,8195.08,0.1052,69704.92,0.8948,36,Digital,2025,0,53,CLT,8861.96,62.0,Própria,595.0,0,1,Não,0
P002485,2025-07-01,44100.0,3007.62,0.0682,41092.38,0.9318,48,Revenda multimarca,2015,10,42,Servidor público,5753.96,76.0,Própria,759.0,0,0,Não,0
P002486,2025-09-01,22000.0,1757.8,0.0799,20242.2,0.9201,48,Correspondente bancário,2018,7,33,CLT,3065.47,14.0,Familiar,491.0,3,1,Não,0
P002487,2025-08-01,22000.0,3183.4,0.1447,18816.6,0.8553,24,Correspondente bancário,2023,2,47,Autônomo,4158.19,,Própria,586.0,0,0,Não,0
P002488,2025-07-01,33100.0,6629.93,0.2003,26470.07,0.7997,36,Concessionária,2018,7,55,CLT,,34.0,Própria,847.0,1,0,Não,0
P002489,2025-11-01,107400.0,29449.08,0.2742,77950.92,0.7258,60,Concessionária,2021,4,38,Servidor público,17290.85,240.0,Própria,564.0,1,2,Não,0
P002490,2025-11-01,71200.0,1751.52,0.0246,69448.48,0.9754,48,Revenda multimarca,2023,2,29,Autônomo,7001.39,28.0,Alugada,774.0,0,0,Não,0
P002491,2025-07-01,33300.0,3586.41,0.1077,29713.59,0.8923,48,Revenda multimarca,2024,1,44,Autônomo,3162.4,,Própria,601.0,0,0,Não,0
P002492,2025-07-01,28400.0,1743.76,0.0614,26656.24,0.9386,48,Concessionária,2022,3,44,Autônomo,2889.77,3.0,Alugada,555.0,2,1,Não,0
P002493,2025-08-01,24100.0,7092.63,0.2943,17007.37,0.7057,48,Revenda multimarca,2025,0,43,Servidor público,3784.5,107.0,Alugada,550.0,4,1,Não,0
P002494,2025-10-01,35800.0,7697.0,0.215,28103.0,0.785,60,Correspondente bancário,2023,2,29,Autônomo,2874.24,23.0,Alugada,669.0,1,2,Não,0
P002495,2025-12-01,27900.0,7968.24,0.2856,19931.76,0.7144,36,Revenda multimarca,2022,3,38,CLT,3551.51,37.0,Financiada,435.0,3,5,Não,0
P002496,2025-08-01,22000.0,5964.2,0.2711,16035.8,0.7289,36,Concessionária,2013,12,26,CLT,1600.0,87.0,Própria,,0,3,Não,0
P002497,2025-07-01,83000.0,5635.7,0.0679,77364.3,0.9321,48,Concessionária,2021,4,38,Servidor público,6437.48,,Familiar,434.0,3,1,Sim,0
P002498,2025-09-01,31800.0,5326.5,0.1675,26473.5,0.8325,60,Concessionária,2021,4,27,CLT,4085.45,64.0,Alugada,548.0,2,2,Não,0
P002499,2025-09-01,81000.0,4147.2,0.0512,76852.8,0.9488,48,Digital,2024,1,22,Servidor público,13325.27,48.0,Familiar,692.0,0,0,Não,0
P002500,2025-11-01,33300.0,14392.26,0.4322,18907.74,0.5678,48,Concessionária,2015,10,62,CLT,3060.97,7.0,Familiar,537.0,1,2,Não,0
P002501,2025-12-01,46700.0,6183.08,0.1324,40516.92,0.8676,36,Revenda multimarca,2023,2,40,CLT,2359.47,40.0,Própria,558.0,0,0,Não,0
P002502,2025-10-01,54600.0,15719.34,0.2879,38880.66,0.7121,48,Digital,2021,4,56,CLT,5038.13,20.0,Familiar,575.0,1,2,Não,0
P002503,2025-08-01,22000.0,1454.2,0.0661,20545.8,0.9339,24,Concessionária,2022,3,38,Autônomo,2496.15,14.0,Própria,326.0,5,2,Sim,0
P002504,2025-12-01,28200.0,4193.34,0.1487,24006.66,0.8513,48,Revenda multimarca,2013,12,43,Autônomo,6417.4,69.0,Financiada,461.0,1,2,Sim,0
P002505,2025-12-01,66500.0,3710.7,0.0558,62789.3,0.9442,60,Concessionária,2022,3,45,Servidor público,13205.81,147.0,Financiada,577.0,1,1,Não,0
P002506,2025-12-01,34100.0,7611.12,0.2232,26488.88,0.7768,36,Concessionária,2024,1,61,CLT,6038.7,14.0,Financiada,552.0,0,5,Não,0
P002507,2025-12-01,22000.0,2358.4,0.1072,19641.6,0.8928,48,Concessionária,2023,2,48,CLT,2146.4,9.0,Alugada,249.0,5,6,Não,0
P002508,2025-11-01,115400.0,9347.4,0.081,106052.6,0.919,60,Concessionária,2022,3,39,CLT,13649.4,140.0,Própria,680.0,1,0,Sim,0
P002509,2025-10-01,29800.0,4452.12,0.1494,25347.88,0.8506,48,Concessionária,2024,1,53,Autônomo,2433.46,26.0,Própria,548.0,1,2,Não,0
P002510,2025-08-01,67100.0,26477.66,0.3946,40622.34,0.6054,36,Revenda multimarca,2021,4,24,CLT,7028.89,72.0,Financiada,810.0,1,1,Não,0
P002511,2025-07-01,53500.0,16815.05,0.3143,36684.95,0.6857,36,Concessionária,2019,6,75,Empresário,9419.91,76.0,Alugada,673.0,3,1,Não,0
P002512,2025-09-01,57600.0,8231.04,0.1429,49368.96,0.8571,60,Correspondente bancário,2021,4,24,CLT,3037.65,72.0,Alugada,,2,2,Não,0
P002513,2025-08-01,73100.0,7156.49,0.0979,65943.51,0.9021,36,Correspondente bancário,2024,1,53,Empresário,9514.86,59.0,Própria,635.0,2,1,Sim,0
P002514,2025-10-01,42400.0,11159.68,0.2632,31240.32,0.7368,36,Correspondente bancário,2017,8,33,CLT,5399.45,,Própria,732.0,0,0,Não,0
P002515,2025-10-01,37600.0,13457.04,0.3579,24142.96,0.6421,24,Concessionária,2023,2,28,Servidor público,3858.36,120.0,Própria,671.0,1,1,Sim,0
P002516,2025-10-01,85100.0,26763.95,0.3145,58336.05,0.6855,24,Revenda multimarca,2022,3,39,CLT,,5.0,Alugada,695.0,0,0,Não,0
P002517,2025-09-01,46800.0,11264.76,0.2407,35535.24,0.7593,48,Digital,2025,0,42,CLT,7735.56,74.0,Própria,856.0,1,0,Não,0
P002518,2025-11-01,26900.0,6041.74,0.2246,20858.26,0.7754,24,Concessionária,2020,5,44,CLT,1600.0,53.0,Financiada,439.0,2,4,Não,0
P002519,2025-10-01,24600.0,4457.52,0.1812,20142.48,0.8188,60,Concessionária,2019,6,44,Autônomo,2139.36,10.0,Financiada,548.0,4,2,Não,0
P002520,2025-10-01,30900.0,3612.21,0.1169,27287.79,0.8831,48,Digital,2023,2,24,Empresário,3955.93,53.0,Alugada,,4,3,Sim,0
P002521,2025-10-01,62100.0,7601.04,0.1224,54498.96,0.8776,48,Digital,2019,6,32,Servidor público,8411.64,96.0,Própria,374.0,5,3,Não,0
P002522,2025-11-01,39900.0,12440.82,0.3118,27459.18,0.6882,48,Concessionária,2023,2,25,CLT,7712.57,26.0,Alugada,642.0,0,0,Não,0
P002523,2025-12-01,30100.0,6712.3,0.223,23387.7,0.777,48,Revenda multimarca,2015,10,48,CLT,3653.3,24.0,Alugada,454.0,1,3,Não,0
P002524,2025-08-01,26700.0,2723.4,0.102,23976.6,0.898,48,Concessionária,2016,9,35,Servidor público,7326.0,4.0,Familiar,526.0,1,2,Não,0
P002525,2025-10-01,55300.0,5264.56,0.0952,50035.44,0.9048,36,Digital,2024,1,31,CLT,6442.04,19.0,Financiada,1000.0,1,0,Não,0
P002526,2025-08-01,27400.0,7217.16,0.2634,20182.84,0.7366,24,Correspondente bancário,2016,9,31,Autônomo,1600.0,,Familiar,462.0,2,1,Não,0
P002527,2025-08-01,24200.0,3685.66,0.1523,20514.34,0.8477,48,Revenda multimarca,2022,3,32,CLT,2062.04,4.0,Própria,461.0,0,3,Não,0
P002528,2025-11-01,50500.0,11352.4,0.2248,39147.6,0.7752,24,Digital,2013,12,42,Autônomo,2174.96,70.0,Própria,659.0,0,0,Não,0
P002529,2025-10-01,24500.0,7379.4,0.3012,17120.6,0.6988,48,Correspondente bancário,2018,7,37,CLT,1600.0,22.0,Familiar,81.0,5,9,Não,0
P002530,2025-07-01,35000.0,2058.0,0.0588,32942.0,0.9412,24,Concessionária,2024,1,34,CLT,4305.73,41.0,Própria,582.0,1,1,Não,0
P002531,2025-07-01,22000.0,5566.0,0.253,16434.0,0.747,48,Concessionária,2021,4,65,CLT,6160.6,44.0,Própria,492.0,0,3,Sim,0
P002532,2025-11-01,23300.0,2812.31,0.1207,20487.69,0.8793,60,Digital,2021,4,47,CLT,3711.24,7.0,Financiada,413.0,5,0,Não,0
P002533,2025-09-01,42600.0,7476.3,0.1755,35123.7,0.8245,60,Revenda multimarca,2017,8,27,Autônomo,2340.22,34.0,Própria,448.0,1,4,Não,0
P002534,2025-07-01,64900.0,9806.39,0.1511,55093.61,0.8489,48,Correspondente bancário,2023,2,39,Empresário,7310.22,32.0,Própria,500.0,0,1,Não,0
P002535,2025-07-01,57700.0,9370.48,0.1624,48329.52,0.8376,60,Revenda multimarca,2022,3,75,CLT,5258.72,46.0,Própria,528.0,2,1,Sim,0
P002536,2025-12-01,69000.0,16980.9,0.2461,52019.1,0.7539,36,Digital,2021,4,71,Aposentado,4164.98,,Própria,629.0,0,2,Sim,0
P002537,2025-09-01,22000.0,2910.6,0.1323,19089.4,0.8677,48,Correspondente bancário,2018,7,27,CLT,1794.64,47.0,Familiar,559.0,3,1,Não,0
P002538,2025-12-01,63500.0,19475.45,0.3067,44024.55,0.6933,60,Revenda multimarca,2022,3,31,Servidor público,13409.17,109.0,Própria,410.0,1,4,Sim,0
P002539,2025-07-01,95400.0,13527.72,0.1418,81872.28,0.8582,36,Concessionária,2025,0,22,Autônomo,3980.84,48.0,Própria,879.0,0,2,Não,0
P002540,2025-09-01,32500.0,11982.75,0.3687,20517.25,0.6313,36,Correspondente bancário,2013,12,54,CLT,4421.45,,Própria,619.0,0,2,Não,0
P002541,2025-11-01,35400.0,8630.52,0.2438,26769.48,0.7562,24,Correspondente bancário,2023,2,55,Autônomo,20608.02,26.0,Alugada,930.0,0,0,Não,0
P002542,2025-08-01,35000.0,8193.5,0.2341,26806.5,0.7659,24,Digital,2025,0,47,Autônomo,,31.0,Financiada,716.0,1,1,Não,0
P002543,2025-12-01,42200.0,4701.08,0.1114,37498.92,0.8886,48,Revenda multimarca,2020,5,59,CLT,3550.39,,Própria,518.0,2,3,Sim,0
P002544,2025-12-01,62000.0,6869.6,0.1108,55130.4,0.8892,60,Digital,2017,8,39,CLT,3145.45,55.0,Própria,299.0,5,3,Não,0
P002545,2025-09-01,49600.0,7583.84,0.1529,42016.16,0.8471,36,Revenda multimarca,2022,3,45,CLT,6894.14,70.0,Alugada,516.0,1,4,Não,0
P002546,2025-09-01,24200.0,2415.16,0.0998,21784.84,0.9002,60,Correspondente bancário,2014,11,31,Autônomo,2908.57,53.0,Financiada,600.0,3,0,Não,0
P002547,2025-09-01,39700.0,5955.0,0.15,33745.0,0.85,48,Digital,2022,3,60,CLT,,39.0,Alugada,708.0,1,2,Não,0
P002548,2025-07-01,38600.0,16887.5,0.4375,21712.5,0.5625,24,Concessionária,2021,4,34,CLT,4478.16,17.0,Própria,611.0,0,4,Não,0
P002549,2025-07-01,51400.0,13903.7,0.2705,37496.3,0.7295,60,Correspondente bancário,2021,4,75,Aposentado,7894.44,,Própria,393.0,2,0,Não,0
P002550,2025-08-01,36600.0,5834.04,0.1594,30765.96,0.8406,36,Correspondente bancário,2021,4,57,Aposentado,5669.51,,Alugada,499.0,2,0,Não,0
P002551,2025-09-01,23700.0,1367.49,0.0577,22332.51,0.9423,48,Digital,2024,1,30,CLT,1600.0,80.0,Financiada,540.0,3,2,Sim,0
P002552,2025-08-01,22000.0,10463.2,0.4756,11536.8,0.5244,36,Digital,2020,5,37,CLT,2234.17,32.0,Alugada,308.0,5,6,Não,0
P002553,2025-10-01,62000.0,3329.4,0.0537,58670.6,0.9463,36,Digital,2024,1,37,CLT,,96.0,Financiada,402.0,5,2,Não,0
P002554,2025-12-01,28000.0,2584.4,0.0923,25415.6,0.9077,36,Correspondente bancário,2014,11,48,CLT,,22.0,Alugada,557.0,2,0,Não,0
P002555,2025-08-01,124000.0,41304.4,0.3331,82695.6,0.6669,24,Concessionária,2022,3,58,Servidor público,26117.5,39.0,Alugada,785.0,0,1,Não,0
P002556,2025-09-01,45900.0,12250.71,0.2669,33649.29,0.7331,60,Correspondente bancário,2021,4,54,CLT,4619.08,4.0,Própria,603.0,1,2,Não,0
P002557,2025-08-01,54300.0,19830.36,0.3652,34469.64,0.6348,36,Correspondente bancário,2022,3,32,CLT,7777.36,50.0,Própria,639.0,1,2,Não,0
P002558,2025-07-01,50900.0,3603.72,0.0708,47296.28,0.9292,48,Concessionária,2018,7,75,Aposentado,6074.36,,Alugada,367.0,4,4,Sim,0
P002559,2025-07-01,35400.0,1614.24,0.0456,33785.76,0.9544,36,Revenda multimarca,2024,1,29,CLT,4565.58,65.0,Própria,566.0,3,2,Sim,0
P002560,2025-08-01,47700.0,23291.91,0.4883,24408.09,0.5117,60,Correspondente bancário,2019,6,44,Autônomo,18675.07,19.0,Alugada,667.0,1,0,Não,0
P002561,2025-07-01,33000.0,9682.2,0.2934,23317.8,0.7066,60,Concessionária,2020,5,29,CLT,3112.78,49.0,Financiada,622.0,0,5,Não,0
P002562,2025-08-01,22000.0,3385.8,0.1539,18614.2,0.8461,60,Revenda multimarca,2020,5,41,CLT,3374.04,22.0,Própria,442.0,4,5,Não,0
P002563,2025-12-01,22000.0,1916.2,0.0871,20083.8,0.9129,48,Correspondente bancário,2022,3,29,Autônomo,2702.75,35.0,Alugada,520.0,0,4,Não,0
P002564,2025-10-01,22000.0,6074.2,0.2761,15925.8,0.7239,48,Revenda multimarca,2017,8,26,CLT,1600.0,,Alugada,,3,3,Não,0
P002565,2025-12-01,54400.0,12065.92,0.2218,42334.08,0.7782,36,Concessionária,2018,7,42,CLT,7724.0,84.0,Própria,618.0,1,4,Não,0
P002566,2025-08-01,29400.0,4992.12,0.1698,24407.88,0.8302,60,Concessionária,2017,8,32,CLT,3988.11,16.0,Alugada,422.0,1,1,Não,0
P002567,2025-10-01,23500.0,9400.0,0.4,14100.0,0.6,48,Revenda multimarca,2020,5,28,CLT,2128.26,96.0,Alugada,450.0,0,7,Não,0
P002568,2025-11-01,70100.0,20483.22,0.2922,49616.78,0.7078,24,Revenda multimarca,2024,1,32,Autônomo,7997.0,7.0,Alugada,499.0,2,1,Sim,0
P002569,2025-11-01,35200.0,7300.48,0.2074,27899.52,0.7926,36,Digital,2020,5,38,CLT,2178.88,22.0,Familiar,647.0,0,1,Não,0
P002570,2025-09-01,22000.0,5185.4,0.2357,16814.6,0.7643,60,Concessionária,2013,12,47,CLT,2390.53,103.0,Própria,536.0,1,4,Sim,0
P002571,2025-11-01,23800.0,8891.68,0.3736,14908.32,0.6264,48,Digital,2020,5,44,CLT,4495.12,7.0,Alugada,544.0,0,1,Não,0
P002572,2025-12-01,22000.0,1544.4,0.0702,20455.6,0.9298,48,Concessionária,2019,6,23,CLT,1600.0,60.0,Própria,250.0,2,2,Sim,0
P002573,2025-08-01,119200.0,55010.8,0.4615,64189.2,0.5385,48,Concessionária,2023,2,37,Autônomo,7378.73,13.0,Familiar,493.0,1,2,Não,0
P002574,2025-07-01,29900.0,6838.13,0.2287,23061.87,0.7713,36,Digital,2013,12,43,CLT,3870.48,36.0,Financiada,641.0,0,1,Não,0
P002575,2025-09-01,82400.0,37492.0,0.455,44908.0,0.545,24,Digital,2021,4,31,CLT,10587.05,56.0,Financiada,746.0,1,3,Não,0
P002576,2025-11-01,22000.0,3260.4,0.1482,18739.6,0.8518,60,Revenda multimarca,2021,4,43,Servidor público,3685.75,72.0,Própria,379.0,4,3,Não,0
P002577,2025-10-01,34400.0,5259.76,0.1529,29140.24,0.8471,36,Concessionária,2023,2,32,CLT,3161.41,18.0,Própria,453.0,3,4,Não,0
P002578,2025-12-01,56000.0,5919.2,0.1057,50080.8,0.8943,48,Revenda multimarca,2018,7,31,CLT,11785.43,114.0,Financiada,499.0,0,3,Sim,0
P002579,2025-10-01,44500.0,9985.8,0.2244,34514.2,0.7756,60,Revenda multimarca,2013,12,34,CLT,2842.35,21.0,Alugada,271.0,4,1,Não,0
P002580,2025-12-01,32000.0,1180.8,0.0369,30819.2,0.9631,60,Concessionária,2023,2,36,CLT,8598.14,78.0,Familiar,441.0,5,2,Não,0
P002581,2025-09-01,22000.0,5902.6,0.2683,16097.4,0.7317,60,Revenda multimarca,2015,10,48,Autônomo,1600.0,26.0,Familiar,,2,6,Não,0
P002582,2025-09-01,43000.0,13910.5,0.3235,29089.5,0.6765,60,Revenda multimarca,2019,6,30,Empresário,27386.89,18.0,Financiada,606.0,1,1,Não,0
P002583,2025-10-01,35900.0,8860.12,0.2468,27039.88,0.7532,24,Concessionária,2020,5,35,Autônomo,3247.9,33.0,Financiada,787.0,0,2,Não,0
P002584,2025-09-01,23600.0,2539.36,0.1076,21060.64,0.8924,60,Digital,2016,9,41,Autônomo,1600.0,2.0,Familiar,423.0,2,3,Não,0
P002585,2025-08-01,42900.0,7232.94,0.1686,35667.06,0.8314,24,Revenda multimarca,2021,4,37,Empresário,15086.95,6.0,Própria,580.0,0,0,Sim,0
P002586,2025-09-01,42900.0,4290.0,0.1,38610.0,0.9,48,Digital,2023,2,45,Autônomo,5037.29,11.0,Familiar,568.0,1,1,Não,0
P002587,2025-08-01,40300.0,13452.14,0.3338,26847.86,0.6662,24,Concessionária,2024,1,36,CLT,4990.8,174.0,Alugada,598.0,4,3,Não,0
P002588,2025-12-01,25800.0,7765.8,0.301,18034.2,0.699,60,Concessionária,2013,12,52,CLT,2869.34,10.0,Própria,276.0,5,3,Sim,0
P002589,2025-12-01,54800.0,15234.4,0.278,39565.6,0.722,24,Digital,2022,3,31,CLT,4926.52,46.0,Familiar,823.0,0,0,Não,0
P002590,2025-08-01,40500.0,4896.45,0.1209,35603.55,0.8791,24,Revenda multimarca,2014,11,70,Aposentado,,230.0,Própria,550.0,1,2,Não,0
P002591,2025-08-01,49500.0,19953.45,0.4031,29546.55,0.5969,24,Concessionária,2024,1,45,Autônomo,9208.11,97.0,Familiar,805.0,0,1,Não,0
P002592,2025-08-01,70200.0,8311.68,0.1184,61888.32,0.8816,60,Digital,2024,1,40,Autônomo,10244.97,6.0,Própria,,0,1,Não,0
P002593,2025-10-01,85500.0,10670.4,0.1248,74829.6,0.8752,36,Concessionária,2020,5,41,Servidor público,16046.47,248.0,Alugada,548.0,1,1,Não,0
P002594,2025-12-01,42300.0,10833.03,0.2561,31466.97,0.7439,36,Concessionária,2023,2,34,Empresário,11985.31,36.0,Financiada,555.0,0,3,Não,0
P002595,2025-09-01,22100.0,722.67,0.0327,21377.33,0.9673,48,Revenda multimarca,2020,5,48,CLT,2981.07,148.0,Familiar,321.0,5,6,Não,0
P002596,2025-07-01,95200.0,27655.6,0.2905,67544.4,0.7095,48,Correspondente bancário,2023,2,33,Servidor público,3979.62,180.0,Alugada,737.0,0,2,Não,0
P002597,2025-08-01,37000.0,6275.2,0.1696,30724.8,0.8304,36,Revenda multimarca,2022,3,32,Servidor público,3902.68,127.0,Financiada,650.0,1,5,Não,0
P002598,2025-08-01,22000.0,6215.0,0.2825,15785.0,0.7175,48,Digital,2022,3,28,CLT,1832.91,120.0,Própria,379.0,3,0,Sim,0
P002599,2025-12-01,28400.0,6739.32,0.2373,21660.68,0.7627,24,Revenda multimarca,2025,0,44,CLT,3255.28,62.0,Própria,656.0,0,1,Não,0
P002600,2025-11-01,62600.0,10654.52,0.1702,51945.48,0.8298,60,Concessionária,2022,3,33,CLT,4950.47,30.0,Financiada,649.0,0,2,Não,0
P002601,2025-10-01,32200.0,9209.2,0.286,22990.8,0.714,24,Digital,2019,6,44,CLT,3762.23,127.0,Própria,270.0,5,3,Sim,0
P002602,2025-12-01,60800.0,29263.04,0.4813,31536.96,0.5187,60,Revenda multimarca,2018,7,61,CLT,10244.51,41.0,Própria,737.0,0,3,Não,0
P002603,2025-12-01,79800.0,9448.32,0.1184,70351.68,0.8816,48,Concessionária,2022,3,42,CLT,6743.75,7.0,Própria,763.0,0,0,Não,0
P002604,2025-09-01,22000.0,10434.6,0.4743,11565.4,0.5257,48,Concessionária,2021,4,44,CLT,1600.0,,Alugada,608.0,0,2,Não,0
P002605,2025-10-01,56800.0,11876.88,0.2091,44923.12,0.7909,48,Digital,2023,2,31,Empresário,6899.58,53.0,Própria,733.0,0,0,Não,0
P002606,2025-11-01,39700.0,9758.26,0.2458,29941.74,0.7542,48,Digital,2022,3,46,Servidor público,11416.78,20.0,Familiar,628.0,2,2,Não,0
P002607,2025-08-01,46300.0,926.0,0.02,45374.0,0.98,36,Revenda multimarca,2022,3,25,CLT,2536.05,44.0,Alugada,278.0,4,4,Não,0
P002608,2025-09-01,43800.0,12767.7,0.2915,31032.3,0.7085,60,Revenda multimarca,2024,1,26,Empresário,3506.73,20.0,Própria,572.0,1,0,Não,0
P002609,2025-12-01,40100.0,17194.88,0.4288,22905.12,0.5712,24,Digital,2020,5,71,Aposentado,10540.69,185.0,Alugada,760.0,0,2,Não,0
P002610,2025-10-01,39600.0,4043.16,0.1021,35556.84,0.8979,24,Correspondente bancário,2018,7,38,CLT,3911.72,58.0,Própria,771.0,0,3,Sim,0
P002611,2025-10-01,34700.0,4167.47,0.1201,30532.53,0.8799,48,Concessionária,2024,1,37,CLT,4886.35,52.0,Alugada,551.0,2,2,Não,0
P002612,2025-08-01,32500.0,13893.75,0.4275,18606.25,0.5725,36,Revenda multimarca,2019,6,36,CLT,7714.6,36.0,Familiar,825.0,0,0,Não,0
P002613,2025-12-01,32400.0,2433.24,0.0751,29966.76,0.9249,48,Concessionária,2020,5,75,Aposentado,1853.85,6.0,Alugada,438.0,5,4,Sim,0
P002614,2025-08-01,40900.0,9791.46,0.2394,31108.54,0.7606,36,Concessionária,2020,5,26,Servidor público,4404.81,91.0,Financiada,446.0,2,6,Não,0
P002615,2025-12-01,22000.0,5418.6,0.2463,16581.4,0.7537,48,Digital,2014,11,32,CLT,5046.52,,Própria,453.0,3,1,Sim,0
P002616,2025-08-01,22000.0,2928.2,0.1331,19071.8,0.8669,60,Concessionária,2018,7,37,Autônomo,1600.0,44.0,Familiar,375.0,3,4,Não,0
P002617,2025-12-01,72200.0,14995.94,0.2077,57204.06,0.7923,60,Concessionária,2022,3,29,Empresário,10608.28,34.0,Familiar,,1,5,Sim,0
P002618,2025-08-01,52700.0,6561.15,0.1245,46138.85,0.8755,48,Digital,2023,2,42,CLT,15043.99,22.0,Alugada,772.0,0,0,Não,0
P002619,2025-11-01,67300.0,19543.92,0.2904,47756.08,0.7096,36,Correspondente bancário,2024,1,49,CLT,10903.33,62.0,Alugada,487.0,0,1,Não,0
P002620,2025-10-01,22000.0,4422.0,0.201,17578.0,0.799,60,Revenda multimarca,2023,2,37,Autônomo,2371.58,18.0,Alugada,228.0,5,2,Não,0
P002621,2025-07-01,22000.0,10421.4,0.4737,11578.6,0.5263,48,Digital,2013,12,41,Autônomo,,9.0,Alugada,467.0,3,3,Não,0
P002622,2025-11-01,31200.0,9097.92,0.2916,22102.08,0.7084,48,Digital,2024,1,31,Servidor público,4115.64,41.0,Própria,675.0,0,1,Não,0
P002623,2025-08-01,22000.0,2611.4,0.1187,19388.6,0.8813,24,Correspondente bancário,2014,11,54,CLT,5441.52,99.0,Financiada,444.0,2,4,Sim,0
P002624,2025-10-01,22000.0,4402.2,0.2001,17597.8,0.7999,60,Revenda multimarca,2023,2,43,CLT,1611.15,79.0,Própria,535.0,3,4,Não,0
P002625,2025-07-01,22000.0,1922.8,0.0874,20077.2,0.9126,60,Concessionária,2021,4,24,CLT,1600.0,43.0,Própria,160.0,5,9,Sim,0
P002626,2025-11-01,35400.0,3242.64,0.0916,32157.36,0.9084,48,Digital,2023,2,59,Servidor público,9388.45,153.0,Financiada,769.0,0,0,Não,0
P002627,2025-09-01,42700.0,854.0,0.02,41846.0,0.98,24,Concessionária,2024,1,26,Autônomo,,,Própria,428.0,2,1,Não,0
P002628,2025-10-01,28500.0,2299.95,0.0807,26200.05,0.9193,48,Correspondente bancário,2024,1,29,CLT,1600.0,50.0,Própria,468.0,1,2,Não,0
P002629,2025-11-01,24700.0,8111.48,0.3284,16588.52,0.6716,60,Concessionária,2023,2,32,CLT,2656.97,28.0,Própria,444.0,3,2,Não,0
P002630,2025-12-01,71500.0,12090.65,0.1691,59409.35,0.8309,24,Revenda multimarca,2021,4,66,Aposentado,5341.45,139.0,Própria,796.0,0,0,Não,0
P002631,2025-07-01,57600.0,17412.48,0.3023,40187.52,0.6977,48,Concessionária,2024,1,35,Empresário,5347.76,28.0,Financiada,452.0,3,4,Não,0
P002632,2025-11-01,22500.0,2027.25,0.0901,20472.75,0.9099,36,Digital,2024,1,46,CLT,2743.5,175.0,Alugada,526.0,1,1,Sim,0
P002633,2025-08-01,66800.0,3460.24,0.0518,63339.76,0.9482,24,Concessionária,2019,6,37,Empresário,3831.23,,Familiar,533.0,1,3,Não,0
P002634,2025-12-01,32700.0,9633.42,0.2946,23066.58,0.7054,48,Digital,2018,7,30,CLT,1600.0,38.0,Alugada,378.0,5,2,Não,0
P002635,2025-11-01,64800.0,20204.64,0.3118,44595.36,0.6882,24,Digital,2024,1,28,Empresário,5958.25,15.0,Alugada,638.0,1,2,Sim,0
P002636,2025-12-01,46300.0,3745.67,0.0809,42554.33,0.9191,60,Concessionária,2022,3,35,Servidor público,1600.0,204.0,Própria,504.0,2,1,Sim,0
P002637,2025-08-01,22000.0,4162.4,0.1892,17837.6,0.8108,36,Revenda multimarca,2023,2,48,CLT,1600.0,30.0,Alugada,468.0,4,1,Não,0
P002638,2025-12-01,39800.0,5118.28,0.1286,34681.72,0.8714,60,Revenda multimarca,2023,2,50,CLT,,9.0,Própria,451.0,5,3,Sim,0
P002639,2025-07-01,63600.0,8859.48,0.1393,54740.52,0.8607,48,Revenda multimarca,2017,8,58,Autônomo,7756.01,74.0,Familiar,503.0,0,3,Não,0
P002640,2025-09-01,30400.0,7761.12,0.2553,22638.88,0.7447,48,Digital,2020,5,39,Empresário,4157.11,77.0,Familiar,227.0,5,0,Sim,0
P002641,2025-11-01,55400.0,6841.9,0.1235,48558.1,0.8765,48,Digital,2024,1,33,CLT,,27.0,Familiar,681.0,0,3,Não,0
P002642,2025-11-01,28500.0,2029.2,0.0712,26470.8,0.9288,36,Revenda multimarca,2021,4,35,CLT,2690.88,27.0,Alugada,323.0,5,2,Sim,0
P002643,2025-12-01,31700.0,3258.76,0.1028,28441.24,0.8972,36,Revenda multimarca,2013,12,36,Empresário,3901.7,17.0,Própria,457.0,1,0,Sim,0
P002644,2025-12-01,36500.0,2168.1,0.0594,34331.9,0.9406,48,Concessionária,2021,4,25,CLT,2131.56,,Alugada,400.0,5,2,Sim,0
P002645,2025-12-01,88200.0,10478.16,0.1188,77721.84,0.8812,60,Correspondente bancário,2024,1,60,CLT,10019.97,49.0,Própria,853.0,1,0,Não,0
P002646,2025-08-01,48800.0,2757.2,0.0565,46042.8,0.9435,24,Revenda multimarca,2022,3,29,Servidor público,,132.0,Familiar,670.0,0,2,Não,0
P002647,2025-10-01,78600.0,22723.26,0.2891,55876.74,0.7109,48,Concessionária,2021,4,36,Servidor público,9760.99,13.0,Alugada,727.0,0,1,Não,0
P002648,2025-07-01,57900.0,11383.14,0.1966,46516.86,0.8034,36,Revenda multimarca,2023,2,49,CLT,3691.58,32.0,Própria,355.0,2,10,Não,0
P002649,2025-08-01,23400.0,9203.22,0.3933,14196.78,0.6067,36,Concessionária,2022,3,30,CLT,1600.0,104.0,Própria,630.0,1,2,Não,0
P002650,2025-12-01,42200.0,9524.54,0.2257,32675.46,0.7743,60,Concessionária,2024,1,45,Empresário,6590.8,31.0,Própria,483.0,0,0,Não,0
P002651,2025-08-01,22000.0,9853.8,0.4479,12146.2,0.5521,48,Concessionária,2013,12,43,CLT,,72.0,Própria,720.0,0,3,Não,0
P002652,2025-12-01,69000.0,10232.7,0.1483,58767.3,0.8517,36,Concessionária,2019,6,38,Servidor público,10710.17,168.0,Própria,,0,2,Não,0
P002653,2025-08-01,47100.0,10079.4,0.214,37020.6,0.786,24,Revenda multimarca,2023,2,31,CLT,13491.89,18.0,Própria,615.0,0,2,Não,0
P002654,2025-10-01,25700.0,3615.99,0.1407,22084.01,0.8593,24,Concessionária,2018,7,42,CLT,1777.78,12.0,Própria,529.0,0,3,Não,0
P002655,2025-11-01,44700.0,2869.74,0.0642,41830.26,0.9358,36,Concessionária,2017,8,71,Aposentado,4818.47,,Familiar,503.0,1,5,Sim,0
P002656,2025-09-01,55200.0,4962.48,0.0899,50237.52,0.9101,24,Correspondente bancário,2023,2,33,Servidor público,4312.6,128.0,Financiada,384.0,5,1,Sim,0
P002657,2025-08-01,25000.0,2572.5,0.1029,22427.5,0.8971,24,Correspondente bancário,2013,12,30,Servidor público,,20.0,Financiada,603.0,0,2,Não,0
P002658,2025-10-01,61300.0,8557.48,0.1396,52742.52,0.8604,60,Correspondente bancário,2023,2,30,Servidor público,16900.03,144.0,Própria,593.0,2,0,Não,0
P002659,2025-10-01,52200.0,7047.0,0.135,45153.0,0.865,48,Concessionária,2021,4,44,Autônomo,4778.17,12.0,Própria,642.0,1,3,Sim,0
P002660,2025-12-01,85900.0,12481.27,0.1453,73418.73,0.8547,60,Digital,2022,3,46,CLT,4128.41,182.0,Própria,654.0,0,0,Não,0
P002661,2025-09-01,31100.0,2593.74,0.0834,28506.26,0.9166,48,Revenda multimarca,2016,9,36,CLT,2349.85,174.0,Alugada,750.0,0,3,Não,0
P002662,2025-10-01,36600.0,8436.3,0.2305,28163.7,0.7695,36,Concessionária,2021,4,29,CLT,4301.24,103.0,Alugada,469.0,0,1,Não,0
P002663,2025-10-01,30100.0,4788.91,0.1591,25311.09,0.8409,24,Correspondente bancário,2024,1,36,Autônomo,7659.65,17.0,Familiar,755.0,1,1,Não,0
P002664,2025-07-01,33400.0,16486.24,0.4936,16913.76,0.5064,36,Digital,2016,9,44,CLT,4622.86,45.0,Alugada,654.0,2,1,Não,0
P002665,2025-11-01,39200.0,12344.08,0.3149,26855.92,0.6851,60,Correspondente bancário,2022,3,29,Autônomo,4985.48,73.0,Familiar,752.0,0,1,Não,0
P002666,2025-08-01,53100.0,13025.43,0.2453,40074.57,0.7547,24,Revenda multimarca,2023,2,27,CLT,9336.31,105.0,Financiada,818.0,0,0,Não,0
P002667,2025-10-01,22000.0,3564.0,0.162,18436.0,0.838,48,Concessionária,2015,10,41,Autônomo,2436.69,20.0,Financiada,148.0,5,8,Não,0
P002668,2025-12-01,38100.0,4442.46,0.1166,33657.54,0.8834,48,Concessionária,2016,9,57,CLT,4772.91,15.0,Própria,314.0,5,3,Sim,0
P002669,2025-07-01,27800.0,4536.96,0.1632,23263.04,0.8368,36,Revenda multimarca,2020,5,27,CLT,5879.42,,Alugada,640.0,0,3,Não,0
P002670,2025-08-01,28600.0,6569.42,0.2297,22030.58,0.7703,48,Revenda multimarca,2021,4,56,CLT,7931.46,56.0,Familiar,627.0,1,2,Não,0
P002671,2025-12-01,22000.0,4028.2,0.1831,17971.8,0.8169,48,Correspondente bancário,2019,6,40,Empresário,3684.93,4.0,Própria,601.0,0,2,Não,0
P002672,2025-07-01,22000.0,3493.6,0.1588,18506.4,0.8412,24,Concessionária,2025,0,39,Autônomo,3486.52,16.0,Financiada,787.0,0,0,Não,0
P002673,2025-08-01,46600.0,11184.0,0.24,35416.0,0.76,48,Concessionária,2019,6,50,Autônomo,7060.16,21.0,Própria,852.0,0,0,Não,0
P002674,2025-12-01,22000.0,457.6,0.0208,21542.4,0.9792,48,Revenda multimarca,2021,4,66,Aposentado,5086.42,510.0,Alugada,305.0,5,1,Sim,0
P002675,2025-08-01,29800.0,4023.0,0.135,25777.0,0.865,48,Revenda multimarca,2020,5,43,CLT,,16.0,Alugada,275.0,3,6,Sim,0
P002676,2025-12-01,56400.0,18899.64,0.3351,37500.36,0.6649,36,Concessionária,2020,5,55,Autônomo,7361.08,,Alugada,841.0,0,1,Não,0
P002677,2025-12-01,34700.0,6221.71,0.1793,28478.29,0.8207,48,Revenda multimarca,2017,8,73,Aposentado,,380.0,Financiada,398.0,2,2,Sim,0
P002678,2025-11-01,41900.0,12628.66,0.3014,29271.34,0.6986,24,Digital,2025,0,25,Empresário,3779.17,21.0,Própria,599.0,2,0,Não,0
P002679,2025-09-01,32500.0,7748.0,0.2384,24752.0,0.7616,24,Concessionária,2015,10,58,Autônomo,4299.55,30.0,Própria,619.0,1,1,Não,0
P002680,2025-08-01,107100.0,50679.72,0.4732,56420.28,0.5268,48,Revenda multimarca,2019,6,38,CLT,7679.22,,Alugada,524.0,1,3,Não,0
P002681,2025-11-01,55100.0,13146.86,0.2386,41953.14,0.7614,24,Concessionária,2024,1,32,CLT,3860.46,33.0,Alugada,544.0,2,1,Sim,0
P002682,2025-10-01,29900.0,6141.46,0.2054,23758.54,0.7946,60,Digital,2013,12,38,Autônomo,2387.43,15.0,Alugada,421.0,2,5,Não,0
P002683,2025-10-01,71100.0,19232.55,0.2705,51867.45,0.7295,48,Correspondente bancário,2023,2,25,Autônomo,10391.25,47.0,Alugada,355.0,2,2,Sim,0
P002684,2025-12-01,91700.0,12727.96,0.1388,78972.04,0.8612,36,Revenda multimarca,2019,6,38,CLT,5818.41,19.0,Própria,769.0,0,1,Não,0
P002685,2025-12-01,22000.0,2835.8,0.1289,19164.2,0.8711,24,Revenda multimarca,2015,10,53,Autônomo,,48.0,Própria,516.0,3,1,Não,0
P002686,2025-11-01,69400.0,19425.06,0.2799,49974.94,0.7201,36,Revenda multimarca,2022,3,75,Aposentado,6052.85,14.0,Alugada,452.0,3,3,Sim,0
P002687,2025-08-01,109100.0,32468.16,0.2976,76631.84,0.7024,36,Correspondente bancário,2020,5,42,CLT,,11.0,Familiar,649.0,1,4,Não,0
P002688,2025-10-01,22000.0,2290.2,0.1041,19709.8,0.8959,48,Revenda multimarca,2024,1,67,Autônomo,8932.37,50.0,Alugada,478.0,0,2,Não,0
P002689,2025-10-01,28900.0,6817.51,0.2359,22082.49,0.7641,60,Correspondente bancário,2022,3,37,CLT,5011.51,20.0,Própria,451.0,2,3,Sim,0
P002690,2025-08-01,80900.0,4570.85,0.0565,76329.15,0.9435,48,Concessionária,2024,1,54,Servidor público,22311.03,,Própria,773.0,1,2,Não,0
P002691,2025-12-01,79900.0,10826.45,0.1355,69073.55,0.8645,48,Correspondente bancário,2019,6,44,CLT,5183.52,87.0,Financiada,675.0,0,1,Não,0
P002692,2025-09-01,65300.0,27171.33,0.4161,38128.67,0.5839,60,Concessionária,2020,5,43,CLT,3088.51,,Alugada,364.0,3,1,Não,0
P002693,2025-07-01,39300.0,9459.51,0.2407,29840.49,0.7593,24,Revenda multimarca,2023,2,59,CLT,1917.63,45.0,Própria,472.0,0,2,Sim,0
P002694,2025-10-01,51900.0,3134.76,0.0604,48765.24,0.9396,24,Revenda multimarca,2020,5,32,CLT,,71.0,Financiada,551.0,1,2,Não,0
P002695,2025-07-01,22000.0,2816.0,0.128,19184.0,0.872,48,Digital,2014,11,38,Autônomo,2168.38,,Própria,408.0,2,0,Sim,0
P002696,2025-10-01,47000.0,6401.4,0.1362,40598.6,0.8638,48,Digital,2025,0,41,CLT,,19.0,Própria,650.0,0,0,Não,0
P002697,2025-10-01,40400.0,22405.84,0.5546,17994.16,0.4454,48,Revenda multimarca,2018,7,53,Aposentado,3429.21,33.0,Familiar,724.0,0,2,Não,0
P002698,2025-07-01,67900.0,34364.19,0.5061,33535.81,0.4939,60,Digital,2018,7,33,CLT,6099.6,70.0,Própria,749.0,0,5,Não,0
P002699,2025-12-01,31200.0,9544.08,0.3059,21655.92,0.6941,36,Concessionária,2022,3,35,CLT,2840.35,35.0,Familiar,659.0,0,1,Não,0
P002700,2025-10-01,45000.0,6174.0,0.1372,38826.0,0.8628,48,Concessionária,2023,2,51,CLT,6524.7,44.0,Financiada,505.0,1,3,Não,0
P002701,2025-10-01,22000.0,5002.8,0.2274,16997.2,0.7726,48,Correspondente bancário,2019,6,68,Autônomo,3482.02,,Própria,274.0,4,1,Não,0
P002702,2025-10-01,68800.0,2992.8,0.0435,65807.2,0.9565,60,Concessionária,2017,8,45,CLT,9401.05,28.0,Própria,584.0,0,3,Não,0
P002703,2025-10-01,37000.0,24172.1,0.6533,12827.9,0.3467,48,Revenda multimarca,2020,5,26,CLT,2366.02,,Alugada,401.0,5,2,Não,0
P002704,2025-08-01,59700.0,11498.22,0.1926,48201.78,0.8074,36,Digital,2022,3,39,Empresário,7489.43,76.0,Própria,734.0,0,2,Não,0
P002705,2025-07-01,27800.0,770.06,0.0277,27029.94,0.9723,60,Revenda multimarca,2019,6,48,Servidor público,10143.7,244.0,Familiar,540.0,1,1,Sim,0
P002706,2025-08-01,72400.0,6277.08,0.0867,66122.92,0.9133,48,Revenda multimarca,2024,1,42,CLT,7767.53,82.0,Alugada,219.0,5,0,Sim,0
P002707,2025-12-01,65900.0,20949.61,0.3179,44950.39,0.6821,24,Concessionária,2023,2,53,Empresário,8866.34,66.0,Alugada,573.0,1,3,Não,0
P002708,2025-07-01,42800.0,4887.76,0.1142,37912.24,0.8858,24,Revenda multimarca,2022,3,37,CLT,5690.46,,Alugada,603.0,0,4,Sim,0
P002709,2025-08-01,62200.0,32107.64,0.5162,30092.36,0.4838,24,Correspondente bancário,2020,5,45,Autônomo,6661.29,,Alugada,669.0,1,0,Não,0
P002710,2025-10-01,40800.0,5128.56,0.1257,35671.44,0.8743,36,Concessionária,2022,3,62,CLT,4835.42,123.0,Familiar,582.0,0,7,Não,0
P002711,2025-07-01,37200.0,10598.28,0.2849,26601.72,0.7151,36,Concessionária,2022,3,37,CLT,3851.25,54.0,Familiar,569.0,0,0,Não,0
P002712,2025-09-01,36800.0,1766.4,0.048,35033.6,0.952,36,Concessionária,2016,9,23,Servidor público,3073.87,14.0,Alugada,487.0,1,3,Não,0
P002713,2025-11-01,46000.0,11808.2,0.2567,34191.8,0.7433,60,Concessionária,2023,2,35,Autônomo,3611.76,36.0,Própria,706.0,0,1,Não,0
P002714,2025-07-01,74400.0,22386.96,0.3009,52013.04,0.6991,24,Digital,2020,5,57,Servidor público,7424.22,61.0,Própria,734.0,1,1,Não,0
P002715,2025-09-01,32600.0,11687.1,0.3585,20912.9,0.6415,48,Correspondente bancário,2025,0,32,CLT,3510.2,80.0,Financiada,409.0,0,7,Não,0
P002716,2025-11-01,79500.0,6423.6,0.0808,73076.4,0.9192,60,Concessionária,2024,1,50,CLT,22540.96,16.0,Alugada,805.0,1,2,Não,0
P002717,2025-11-01,26600.0,4107.04,0.1544,22492.96,0.8456,24,Digital,2019,6,33,Empresário,5449.89,55.0,Própria,454.0,3,3,Não,0
P002718,2025-07-01,22000.0,1837.0,0.0835,20163.0,0.9165,24,Concessionária,2021,4,57,CLT,2078.73,37.0,Própria,352.0,5,6,Sim,0
P002719,2025-12-01,26500.0,13459.35,0.5079,13040.65,0.4921,24,Concessionária,2016,9,29,CLT,3496.98,47.0,Alugada,607.0,0,2,Não,0
P002720,2025-09-01,32700.0,3973.05,0.1215,28726.95,0.8785,48,Correspondente bancário,2022,3,47,CLT,5034.52,58.0,Alugada,425.0,4,1,Não,0
P002721,2025-11-01,32200.0,9515.1,0.2955,22684.9,0.7045,48,Digital,2020,5,37,CLT,,32.0,Própria,675.0,0,3,Não,0
P002722,2025-10-01,22000.0,1339.8,0.0609,20660.2,0.9391,36,Digital,2014,11,23,Autônomo,1600.0,60.0,Alugada,589.0,3,3,Não,0
P002723,2025-10-01,37700.0,5221.45,0.1385,32478.55,0.8615,48,Revenda multimarca,2023,2,27,CLT,3603.68,72.0,Alugada,622.0,1,0,Não,0
P002724,2025-08-01,108100.0,42386.01,0.3921,65713.99,0.6079,48,Concessionária,2023,2,39,CLT,8898.01,75.0,Própria,624.0,2,5,Não,0
P002725,2025-07-01,45300.0,4104.18,0.0906,41195.82,0.9094,36,Concessionária,2017,8,31,CLT,1600.0,,Financiada,198.0,5,1,Sim,0
P002726,2025-11-01,53400.0,24174.18,0.4527,29225.82,0.5473,60,Revenda multimarca,2024,1,75,Aposentado,20133.81,200.0,Alugada,915.0,0,1,Não,0
P002727,2025-11-01,22000.0,3394.6,0.1543,18605.4,0.8457,24,Concessionária,2020,5,42,CLT,,16.0,Financiada,534.0,1,5,Não,0
P002728,2025-10-01,26200.0,5591.08,0.2134,20608.92,0.7866,48,Concessionária,2015,10,52,Aposentado,,260.0,Financiada,337.0,0,1,Não,0
P002729,2025-10-01,49900.0,14186.57,0.2843,35713.43,0.7157,60,Digital,2023,2,75,Aposentado,8789.52,42.0,Financiada,,1,0,Não,0
P002730,2025-09-01,65900.0,6682.26,0.1014,59217.74,0.8986,60,Concessionária,2025,0,33,CLT,12126.8,133.0,Financiada,947.0,0,0,Não,0
P002731,2025-12-01,60500.0,9317.0,0.154,51183.0,0.846,24,Digital,2023,2,49,Autônomo,,17.0,Financiada,694.0,0,7,Não,0
P002732,2025-08-01,59000.0,24756.4,0.4196,34243.6,0.5804,24,Digital,2022,3,27,Autônomo,13452.64,21.0,Familiar,935.0,0,0,Não,0
P002733,2025-11-01,22000.0,3990.8,0.1814,18009.2,0.8186,36,Correspondente bancário,2024,1,51,CLT,5193.75,77.0,Alugada,422.0,1,2,Sim,0
P002734,2025-07-01,31800.0,4983.06,0.1567,26816.94,0.8433,60,Correspondente bancário,2020,5,44,Autônomo,,87.0,Alugada,341.0,1,2,Sim,0
P002735,2025-11-01,22000.0,440.0,0.02,21560.0,0.98,48,Correspondente bancário,2023,2,56,CLT,2654.04,49.0,Própria,375.0,4,5,Sim,0
P002736,2025-10-01,151300.0,23179.16,0.1532,128120.84,0.8468,24,Concessionária,2025,0,29,Servidor público,36718.49,47.0,Própria,1000.0,0,0,Não,0
P002737,2025-10-01,55300.0,6304.2,0.114,48995.8,0.886,60,Concessionária,2021,4,30,Empresário,6325.82,59.0,Financiada,656.0,4,2,Não,0
P002738,2025-07-01,23800.0,6245.12,0.2624,17554.88,0.7376,24,Concessionária,2022,3,35,CLT,1743.23,122.0,Alugada,638.0,1,1,Não,0
P002739,2025-08-01,22400.0,5765.76,0.2574,16634.24,0.7426,24,Correspondente bancário,2019,6,26,CLT,2271.68,40.0,Própria,400.0,2,0,Não,0
P002740,2025-09-01,58200.0,1373.52,0.0236,56826.48,0.9764,48,Revenda multimarca,2020,5,31,CLT,3159.42,103.0,Própria,653.0,1,0,Sim,0
P002741,2025-08-01,42800.0,856.0,0.02,41944.0,0.98,48,Revenda multimarca,2017,8,72,Autônomo,6025.63,,Própria,398.0,2,5,Sim,0
P002742,2025-08-01,30800.0,6480.32,0.2104,24319.68,0.7896,60,Correspondente bancário,2014,11,51,Autônomo,4260.34,26.0,Própria,272.0,5,1,Não,0
P002743,2025-08-01,47000.0,4018.5,0.0855,42981.5,0.9145,36,Correspondente bancário,2020,5,28,CLT,3248.2,15.0,Própria,518.0,4,1,Não,0
P002744,2025-07-01,71900.0,29709.08,0.4132,42190.92,0.5868,36,Revenda multimarca,2021,4,40,Empresário,15466.04,48.0,Alugada,602.0,2,2,Não,0
P002745,2025-07-01,32300.0,2044.59,0.0633,30255.41,0.9367,48,Revenda multimarca,2017,8,26,Empresário,2044.84,38.0,Própria,216.0,5,2,Sim,0
P002746,2025-12-01,32300.0,2051.05,0.0635,30248.95,0.9365,60,Concessionária,2021,4,37,CLT,2515.6,36.0,Familiar,560.0,2,1,Não,0
P002747,2025-12-01,46700.0,14425.63,0.3089,32274.37,0.6911,24,Revenda multimarca,2024,1,46,Empresário,10566.48,,Financiada,354.0,5,1,Não,0
P002748,2025-07-01,27100.0,1826.54,0.0674,25273.46,0.9326,36,Revenda multimarca,2019,6,31,CLT,3054.92,26.0,Própria,286.0,5,2,Sim,0
P002749,2025-12-01,43800.0,18597.48,0.4246,25202.52,0.5754,48,Concessionária,2020,5,36,Servidor público,5703.76,72.0,Alugada,469.0,1,8,Não,0
P002750,2025-11-01,22000.0,440.0,0.02,21560.0,0.98,36,Correspondente bancário,2020,5,64,Aposentado,2457.56,209.0,Financiada,268.0,5,1,Não,0
P002751,2025-07-01,131700.0,14170.92,0.1076,117529.08,0.8924,48,Correspondente bancário,2025,0,38,CLT,57316.74,17.0,Financiada,1000.0,0,0,Não,0
P002752,2025-07-01,145600.0,87054.24,0.5979,58545.76,0.4021,48,Concessionária,2024,1,60,Servidor público,,131.0,Familiar,730.0,0,1,Não,0
P002753,2025-08-01,38300.0,17510.76,0.4572,20789.24,0.5428,60,Concessionária,2023,2,41,Empresário,,183.0,Financiada,717.0,2,2,Não,0
P002754,2025-08-01,30600.0,11621.88,0.3798,18978.12,0.6202,48,Concessionária,2016,9,41,CLT,3002.23,,Financiada,455.0,0,1,Sim,0
P002755,2025-10-01,27100.0,6154.41,0.2271,20945.59,0.7729,60,Concessionária,2023,2,37,CLT,,45.0,Financiada,,1,1,Não,0
P002756,2025-12-01,23900.0,3520.47,0.1473,20379.53,0.8527,36,Concessionária,2023,2,28,CLT,4890.15,48.0,Alugada,616.0,0,4,Não,0
P002757,2025-10-01,38700.0,12484.62,0.3226,26215.38,0.6774,60,Concessionária,2023,2,41,CLT,6458.4,7.0,Própria,708.0,0,2,Não,0
P002758,2025-11-01,40400.0,16220.6,0.4015,24179.4,0.5985,36,Revenda multimarca,2022,3,27,CLT,5132.6,53.0,Alugada,595.0,0,0,Não,0
P002759,2025-11-01,68100.0,19817.1,0.291,48282.9,0.709,36,Concessionária,2024,1,28,CLT,4552.18,120.0,Própria,743.0,0,1,Não,0
P002760,2025-08-01,34500.0,14345.1,0.4158,20154.9,0.5842,36,Concessionária,2017,8,49,Servidor público,5065.38,372.0,Familiar,976.0,0,0,Não,0
P002761,2025-11-01,38400.0,13658.88,0.3557,24741.12,0.6443,48,Digital,2023,2,55,Aposentado,5663.68,244.0,Alugada,638.0,1,0,Não,0
P002762,2025-10-01,43700.0,7778.6,0.178,35921.4,0.822,36,Revenda multimarca,2023,2,42,CLT,,,Própria,652.0,0,2,Não,0
P002763,2025-11-01,41000.0,5916.3,0.1443,35083.7,0.8557,24,Concessionária,2021,4,24,CLT,3840.93,72.0,Própria,680.0,0,1,Sim,0
P002764,2025-08-01,25900.0,1326.08,0.0512,24573.92,0.9488,48,Digital,2013,12,44,Autônomo,5575.4,18.0,Própria,587.0,1,4,Não,0
P002765,2025-08-01,28700.0,3478.44,0.1212,25221.56,0.8788,60,Correspondente bancário,2021,4,38,CLT,2740.48,26.0,Alugada,653.0,0,2,Sim,0
P002766,2025-10-01,27200.0,5260.48,0.1934,21939.52,0.8066,36,Digital,2023,2,35,Autônomo,3524.59,88.0,Própria,545.0,1,3,Sim,0
P002767,2025-07-01,22000.0,9559.0,0.4345,12441.0,0.5655,24,Concessionária,2021,4,75,Aposentado,1600.0,149.0,Financiada,313.0,5,4,Sim,0
P002768,2025-11-01,36900.0,6494.4,0.176,30405.6,0.824,60,Concessionária,2018,7,26,Servidor público,2424.92,1.0,Financiada,408.0,0,0,Não,0
P002769,2025-09-01,22000.0,5205.2,0.2366,16794.8,0.7634,36,Revenda multimarca,2024,1,36,CLT,1638.96,17.0,Própria,323.0,3,4,Sim,0
P002770,2025-08-01,46000.0,10396.0,0.226,35604.0,0.774,48,Correspondente bancário,2014,11,43,Servidor público,3644.08,106.0,Própria,453.0,3,1,Não,0
P002771,2025-12-01,33400.0,2638.6,0.079,30761.4,0.921,48,Correspondente bancário,2016,9,57,Aposentado,7383.22,13.0,Alugada,434.0,5,3,Não,0
P002772,2025-10-01,64500.0,1315.8,0.0204,63184.2,0.9796,60,Correspondente bancário,2022,3,63,CLT,5974.45,52.0,Alugada,261.0,5,2,Não,0
P002773,2025-07-01,74700.0,7791.21,0.1043,66908.79,0.8957,36,Concessionária,2019,6,25,CLT,4193.3,,Familiar,771.0,1,0,Não,0
P002774,2025-08-01,49200.0,24521.28,0.4984,24678.72,0.5016,24,Concessionária,2017,8,31,CLT,2719.26,50.0,Própria,628.0,0,5,Não,0
P002775,2025-10-01,31200.0,1881.36,0.0603,29318.64,0.9397,60,Revenda multimarca,2018,7,71,Aposentado,3526.64,282.0,Familiar,335.0,5,5,Não,0
P002776,2025-12-01,54500.0,10196.95,0.1871,44303.05,0.8129,48,Correspondente bancário,2020,5,37,Autônomo,5537.09,3.0,Alugada,657.0,1,1,Não,0
P002777,2025-12-01,22000.0,5016.0,0.228,16984.0,0.772,48,Concessionária,2022,3,25,Autônomo,1600.0,,Familiar,218.0,5,0,Sim,0
P002778,2025-10-01,47200.0,4790.8,0.1015,42409.2,0.8985,48,Revenda multimarca,2018,7,40,Servidor público,2995.76,53.0,Própria,644.0,1,1,Não,0
P002779,2025-09-01,22000.0,8322.6,0.3783,13677.4,0.6217,60,Correspondente bancário,2024,1,39,CLT,2057.3,43.0,Financiada,286.0,1,1,Sim,0
P002780,2025-09-01,30300.0,606.0,0.02,29694.0,0.98,24,Correspondente bancário,2022,3,61,Autônomo,3336.47,,Própria,508.0,0,1,Sim,0
P002781,2025-12-01,46500.0,11848.2,0.2548,34651.8,0.7452,48,Concessionária,2019,6,46,CLT,4341.95,79.0,Financiada,570.0,1,3,Não,0
P002782,2025-12-01,25300.0,3896.2,0.154,21403.8,0.846,48,Concessionária,2017,8,22,CLT,2298.13,48.0,Familiar,457.0,1,2,Não,0
P002783,2025-12-01,78300.0,20757.33,0.2651,57542.67,0.7349,24,Revenda multimarca,2018,7,49,Autônomo,8893.48,17.0,Própria,574.0,4,1,Não,0
P002784,2025-12-01,27600.0,9486.12,0.3437,18113.88,0.6563,48,Revenda multimarca,2017,8,33,Autônomo,3065.0,58.0,Própria,469.0,1,2,Sim,0
P002785,2025-08-01,37200.0,1863.72,0.0501,35336.28,0.9499,36,Digital,2023,2,48,Autônomo,5508.25,26.0,Própria,647.0,0,3,Não,0
P002786,2025-07-01,45700.0,13289.56,0.2908,32410.44,0.7092,36,Revenda multimarca,2019,6,29,CLT,4536.46,23.0,Familiar,770.0,0,1,Sim,0
P002787,2025-08-01,23400.0,3917.16,0.1674,19482.84,0.8326,24,Revenda multimarca,2019,6,35,CLT,3613.24,124.0,Própria,579.0,0,0,Não,0
P002788,2025-08-01,37300.0,11190.0,0.3,26110.0,0.7,60,Digital,2018,7,72,CLT,3492.58,8.0,Alugada,393.0,4,1,Não,0
P002789,2025-09-01,22000.0,9110.2,0.4141,12889.8,0.5859,48,Revenda multimarca,2018,7,34,CLT,2113.02,18.0,Própria,512.0,1,2,Não,0
P002790,2025-10-01,34400.0,20767.28,0.6037,13632.72,0.3963,24,Digital,2020,5,68,Autônomo,2900.61,9.0,Alugada,606.0,0,2,Não,0
P002791,2025-07-01,62600.0,16207.14,0.2589,46392.86,0.7411,60,Concessionária,2024,1,73,Servidor público,14015.71,167.0,Alugada,535.0,2,2,Não,0
P002792,2025-11-01,24700.0,9171.11,0.3713,15528.89,0.6287,60,Digital,2021,4,36,Autônomo,1600.0,51.0,Familiar,759.0,0,0,Não,0
P002793,2025-09-01,45800.0,4662.44,0.1018,41137.56,0.8982,24,Revenda multimarca,2024,1,30,CLT,7280.06,110.0,Alugada,816.0,0,0,Não,0
P002794,2025-08-01,69900.0,20641.47,0.2953,49258.53,0.7047,24,Concessionária,2024,1,41,Empresário,20970.46,54.0,Financiada,893.0,0,2,Não,0
P002795,2025-09-01,88200.0,35835.66,0.4063,52364.34,0.5937,24,Revenda multimarca,2018,7,35,Autônomo,4280.95,65.0,Financiada,730.0,1,0,Não,0
P002796,2025-07-01,22900.0,6505.89,0.2841,16394.11,0.7159,48,Revenda multimarca,2019,6,34,Empresário,4747.01,23.0,Familiar,280.0,5,3,Sim,0
P002797,2025-08-01,31000.0,4718.2,0.1522,26281.8,0.8478,36,Revenda multimarca,2022,3,27,CLT,2981.56,,Própria,608.0,0,2,Não,0
P002798,2025-08-01,38500.0,5952.1,0.1546,32547.9,0.8454,24,Concessionária,2019,6,48,CLT,2762.7,24.0,Alugada,634.0,4,1,Não,0
P002799,2025-07-01,22000.0,1012.0,0.046,20988.0,0.954,48,Concessionária,2014,11,30,CLT,1798.19,55.0,Alugada,439.0,1,5,Não,0
P002800,2025-12-01,53300.0,4391.92,0.0824,48908.08,0.9176,48,Digital,2017,8,36,CLT,1600.0,60.0,Familiar,562.0,3,1,Não,0
P002801,2025-11-01,22600.0,13869.62,0.6137,8730.38,0.3863,48,Correspondente bancário,2018,7,65,CLT,2453.76,45.0,Financiada,440.0,5,5,Não,0
P002802,2025-12-01,62200.0,6754.92,0.1086,55445.08,0.8914,60,Revenda multimarca,2018,7,31,Autônomo,2812.53,1.0,Financiada,284.0,5,3,Não,0
P002803,2025-10-01,103900.0,27014.0,0.26,76886.0,0.74,36,Digital,2023,2,46,Servidor público,22976.28,127.0,Alugada,712.0,1,2,Não,0
P002804,2025-07-01,31300.0,3230.16,0.1032,28069.84,0.8968,48,Correspondente bancário,2024,1,55,Autônomo,5878.17,35.0,Própria,671.0,0,1,Não,0
P002805,2025-08-01,51100.0,14328.44,0.2804,36771.56,0.7196,60,Concessionária,2021,4,39,Servidor público,7162.38,32.0,Própria,413.0,2,5,Não,0
P002806,2025-12-01,40800.0,6246.48,0.1531,34553.52,0.8469,48,Correspondente bancário,2022,3,54,CLT,6858.41,,Própria,509.0,2,3,Não,0
P002807,2025-11-01,39400.0,4716.18,0.1197,34683.82,0.8803,48,Concessionária,2022,3,39,CLT,3524.88,16.0,Própria,488.0,1,1,Não,0
P002808,2025-08-01,28600.0,1189.76,0.0416,27410.24,0.9584,48,Concessionária,2022,3,30,Autônomo,2373.63,109.0,Alugada,415.0,2,2,Sim,0
P002809,2025-09-01,32400.0,13387.68,0.4132,19012.32,0.5868,48,Concessionária,2017,8,40,CLT,2824.26,40.0,Familiar,485.0,3,0,Sim,0
P002810,2025-12-01,47000.0,6114.7,0.1301,40885.3,0.8699,36,Concessionária,2021,4,67,CLT,6120.0,65.0,Alugada,316.0,5,5,Não,0
P002811,2025-11-01,79600.0,12091.24,0.1519,67508.76,0.8481,60,Revenda multimarca,2021,4,24,CLT,5780.11,8.0,Familiar,534.0,3,6,Não,0
P002812,2025-07-01,23400.0,4153.5,0.1775,19246.5,0.8225,24,Revenda multimarca,2020,5,57,Servidor público,4325.58,,Própria,310.0,5,2,Não,0
P002813,2025-10-01,58900.0,13971.08,0.2372,44928.92,0.7628,36,Revenda multimarca,2022,3,46,Servidor público,13031.09,,Alugada,591.0,0,1,Não,0
P002814,2025-12-01,37500.0,6933.75,0.1849,30566.25,0.8151,24,Correspondente bancário,2018,7,30,CLT,1600.0,,Familiar,351.0,5,2,Sim,0
P002815,2025-10-01,59500.0,29696.45,0.4991,29803.55,0.5009,36,Digital,2021,4,29,CLT,5236.01,6.0,Alugada,627.0,1,1,Não,0
P002816,2025-09-01,30800.0,9612.68,0.3121,21187.32,0.6879,24,Revenda multimarca,2021,4,25,CLT,6138.97,76.0,Própria,572.0,1,2,Não,0
P002817,2025-08-01,49100.0,6191.51,0.1261,42908.49,0.8739,48,Concessionária,2023,2,44,Autônomo,2393.47,,Familiar,501.0,1,0,Não,0
P002818,2025-12-01,28500.0,4739.55,0.1663,23760.45,0.8337,36,Revenda multimarca,2019,6,45,CLT,2914.37,30.0,Familiar,497.0,2,2,Não,0
P002819,2025-12-01,22000.0,11052.8,0.5024,10947.2,0.4976,48,Correspondente bancário,2019,6,38,CLT,1600.0,48.0,Financiada,169.0,5,3,Sim,0
P002820,2025-10-01,47900.0,6849.7,0.143,41050.3,0.857,48,Concessionária,2022,3,24,CLT,5777.13,70.0,Própria,594.0,2,4,Não,0
P002821,2025-12-01,66000.0,23040.6,0.3491,42959.4,0.6509,48,Concessionária,2018,7,59,Aposentado,,288.0,Própria,712.0,1,2,Não,0
P002822,2025-09-01,50200.0,6285.04,0.1252,43914.96,0.8748,48,Digital,2022,3,29,Autônomo,4465.76,2.0,Financiada,592.0,3,1,Não,0
P002823,2025-11-01,22000.0,3621.2,0.1646,18378.8,0.8354,48,Concessionária,2017,8,28,Autônomo,2187.28,3.0,Alugada,710.0,0,2,Não,0
P002824,2025-11-01,54500.0,29075.75,0.5335,25424.25,0.4665,60,Concessionária,2020,5,36,CLT,6835.94,33.0,Financiada,723.0,0,2,Não,0
P002825,2025-08-01,34100.0,5735.62,0.1682,28364.38,0.8318,24,Concessionária,2022,3,29,Autônomo,3407.96,69.0,Financiada,606.0,0,0,Não,0
P002826,2025-11-01,45400.0,2755.78,0.0607,42644.22,0.9393,60,Digital,2023,2,39,CLT,2934.16,108.0,Própria,616.0,1,1,Não,0
P002827,2025-10-01,22000.0,4778.4,0.2172,17221.6,0.7828,48,Concessionária,2019,6,22,CLT,1600.0,10.0,Alugada,344.0,2,2,Não,0
P002828,2025-10-01,22000.0,503.8,0.0229,21496.2,0.9771,60,Concessionária,2023,2,38,Empresário,2828.27,21.0,Financiada,277.0,5,7,Sim,0
P002829,2025-08-01,25100.0,3195.23,0.1273,21904.77,0.8727,60,Concessionária,2024,1,30,Autônomo,2177.33,,Própria,326.0,5,6,Não,0
P002830,2025-12-01,52600.0,10630.46,0.2021,41969.54,0.7979,24,Concessionária,2022,3,45,CLT,3706.19,29.0,Própria,736.0,0,1,Não,0
P002831,2025-09-01,22000.0,7398.6,0.3363,14601.4,0.6637,48,Concessionária,2019,6,43,Autônomo,2807.81,44.0,Própria,471.0,3,1,Não,0
P002832,2025-10-01,88700.0,14147.65,0.1595,74552.35,0.8405,24,Correspondente bancário,2025,0,43,Autônomo,10032.4,57.0,Alugada,744.0,1,1,Não,0
P002833,2025-11-01,25400.0,9888.22,0.3893,15511.78,0.6107,60,Concessionária,2013,12,40,Servidor público,3417.59,113.0,Própria,420.0,0,5,Não,0
P002834,2025-09-01,28600.0,9097.66,0.3181,19502.34,0.6819,60,Correspondente bancário,2022,3,34,CLT,1600.0,9.0,Alugada,364.0,5,1,Sim,0
P002835,2025-11-01,31700.0,4634.54,0.1462,27065.46,0.8538,48,Correspondente bancário,2020,5,36,Servidor público,10869.98,89.0,Financiada,529.0,1,0,Não,0
P002836,2025-08-01,47600.0,12975.76,0.2726,34624.24,0.7274,24,Revenda multimarca,2022,3,22,CLT,10493.68,,Financiada,548.0,0,3,Não,0
P002837,2025-09-01,22000.0,3869.8,0.1759,18130.2,0.8241,48,Digital,2021,4,36,CLT,,48.0,Própria,639.0,1,1,Não,0
P002838,2025-12-01,28200.0,4734.78,0.1679,23465.22,0.8321,48,Correspondente bancário,2015,10,42,Autônomo,2603.55,,Própria,374.0,5,3,Não,0
P002839,2025-11-01,78000.0,12004.2,0.1539,65995.8,0.8461,36,Revenda multimarca,2025,0,38,Autônomo,6795.3,8.0,Própria,614.0,1,0,Sim,0
P002840,2025-09-01,32600.0,8547.72,0.2622,24052.28,0.7378,48,Revenda multimarca,2023,2,51,Empresário,7573.61,11.0,Própria,691.0,0,1,Não,0
P002841,2025-08-01,32300.0,1411.51,0.0437,30888.49,0.9563,48,Digital,2019,6,36,Servidor público,3203.3,42.0,Alugada,319.0,5,3,Sim,0
P002842,2025-12-01,65300.0,19178.61,0.2937,46121.39,0.7063,48,Correspondente bancário,2017,8,26,CLT,3356.16,75.0,Alugada,702.0,1,1,Não,0
P002843,2025-08-01,22600.0,5182.18,0.2293,17417.82,0.7707,24,Concessionária,2022,3,64,Aposentado,5584.15,41.0,Financiada,656.0,0,0,Não,0
P002844,2025-11-01,22000.0,1617.0,0.0735,20383.0,0.9265,36,Revenda multimarca,2015,10,51,Servidor público,3030.59,83.0,Alugada,,5,2,Não,0
P002845,2025-08-01,59700.0,18399.54,0.3082,41300.46,0.6918,48,Concessionária,2021,4,42,CLT,6617.18,13.0,Própria,629.0,2,0,Não,0
P002846,2025-11-01,133700.0,35377.02,0.2646,98322.98,0.7354,24,Revenda multimarca,2021,4,44,CLT,14630.95,6.0,Própria,900.0,0,1,Não,0
P002847,2025-11-01,68800.0,16112.96,0.2342,52687.04,0.7658,36,Concessionária,2017,8,54,CLT,8267.37,113.0,Financiada,649.0,0,3,Não,0
P002848,2025-08-01,22000.0,1683.0,0.0765,20317.0,0.9235,24,Revenda multimarca,2018,7,72,Aposentado,2196.27,12.0,Alugada,223.0,5,1,Sim,0
P002849,2025-07-01,28500.0,15153.45,0.5317,13346.55,0.4683,48,Concessionária,2013,12,43,Autônomo,1600.0,47.0,Financiada,469.0,2,2,Sim,0
P002850,2025-10-01,59200.0,13521.28,0.2284,45678.72,0.7716,24,Digital,2023,2,59,Autônomo,7179.08,129.0,Alugada,653.0,0,3,Não,0
P002851,2025-11-01,22000.0,3198.8,0.1454,18801.2,0.8546,48,Concessionária,2021,4,48,Autônomo,3017.54,11.0,Financiada,563.0,0,2,Não,0
P002852,2025-11-01,54200.0,11409.1,0.2105,42790.9,0.7895,48,Concessionária,2023,2,29,Empresário,6102.45,55.0,Alugada,634.0,0,4,Sim,0
P002853,2025-10-01,36300.0,18650.94,0.5138,17649.06,0.4862,24,Digital,2022,3,32,CLT,,25.0,Própria,527.0,1,2,Não,0
P002854,2025-08-01,48400.0,12738.88,0.2632,35661.12,0.7368,60,Concessionária,2019,6,35,Autônomo,3797.23,35.0,Alugada,539.0,2,2,Não,0
P002855,2025-10-01,22000.0,891.0,0.0405,21109.0,0.9595,48,Revenda multimarca,2022,3,30,Autônomo,3101.77,10.0,Própria,445.0,4,2,Sim,0
P002856,2025-07-01,22000.0,1636.8,0.0744,20363.2,0.9256,36,Digital,2018,7,39,Autônomo,2236.45,107.0,Própria,278.0,5,2,Não,0
P002857,2025-08-01,22000.0,10377.4,0.4717,11622.6,0.5283,36,Concessionária,2018,7,32,CLT,1600.0,54.0,Alugada,375.0,2,4,Não,0
P002858,2025-12-01,63200.0,25678.16,0.4063,37521.84,0.5937,24,Concessionária,2015,10,37,CLT,6795.21,29.0,Própria,541.0,1,1,Não,0
P002859,2025-07-01,31400.0,11988.52,0.3818,19411.48,0.6182,36,Concessionária,2015,10,41,CLT,1895.15,81.0,Alugada,330.0,5,4,Não,0
P002860,2025-07-01,58200.0,5249.64,0.0902,52950.36,0.9098,48,Digital,2025,0,69,Aposentado,7606.66,84.0,Própria,427.0,2,0,Não,0
P002861,2025-10-01,73300.0,8876.63,0.1211,64423.37,0.8789,48,Revenda multimarca,2013,12,38,CLT,8940.82,37.0,Própria,517.0,3,3,Não,0
P002862,2025-07-01,52000.0,27232.4,0.5237,24767.6,0.4763,48,Concessionária,2025,0,61,Autônomo,6177.09,9.0,Própria,718.0,0,0,Não,0
P002863,2025-12-01,50300.0,3546.15,0.0705,46753.85,0.9295,60,Digital,2022,3,26,Autônomo,3090.09,35.0,Alugada,597.0,0,0,Não,0
P002864,2025-08-01,26100.0,4131.63,0.1583,21968.37,0.8417,60,Digital,2022,3,33,CLT,2204.95,,Alugada,523.0,1,3,Não,0
P002865,2025-12-01,34800.0,10888.92,0.3129,23911.08,0.6871,48,Revenda multimarca,2022,3,27,CLT,3251.46,19.0,Financiada,,5,1,Não,0
P002866,2025-07-01,28300.0,1579.14,0.0558,26720.86,0.9442,60,Digital,2024,1,26,Autônomo,2878.76,,Própria,648.0,0,3,Sim,0
P002867,2025-09-01,25000.0,14847.5,0.5939,10152.5,0.4061,36,Concessionária,2016,9,64,Aposentado,2562.5,152.0,Alugada,465.0,1,2,Não,0
P002868,2025-07-01,53000.0,18083.6,0.3412,34916.4,0.6588,48,Concessionária,2024,1,41,CLT,6182.58,,Própria,734.0,0,3,Não,0
P002869,2025-10-01,61300.0,34052.15,0.5555,27247.85,0.4445,60,Concessionária,2017,8,27,Servidor público,12561.27,108.0,Familiar,562.0,0,2,Não,0
P002870,2025-09-01,55500.0,2170.05,0.0391,53329.95,0.9609,24,Concessionária,2022,3,37,CLT,9827.52,93.0,Própria,738.0,0,2,Não,0
P002871,2025-07-01,72900.0,29181.87,0.4003,43718.13,0.5997,48,Concessionária,2016,9,41,CLT,7373.13,,Alugada,769.0,1,0,Não,0
P002872,2025-12-01,22000.0,2059.2,0.0936,19940.8,0.9064,48,Revenda multimarca,2013,12,52,CLT,2012.43,60.0,Familiar,390.0,5,2,Não,0
P002873,2025-10-01,38600.0,12097.24,0.3134,26502.76,0.6866,60,Digital,2016,9,25,CLT,1804.92,23.0,Própria,448.0,5,3,Sim,0
P002874,2025-12-01,32000.0,8512.0,0.266,23488.0,0.734,36,Concessionária,2023,2,34,CLT,5102.19,58.0,Financiada,742.0,0,0,Não,0
P002875,2025-08-01,205600.0,116780.8,0.568,88819.2,0.432,48,Revenda multimarca,2024,1,36,Empresário,9591.91,112.0,Alugada,751.0,1,0,Não,0
P002876,2025-10-01,22000.0,9697.6,0.4408,12302.4,0.5592,24,Concessionária,2018,7,24,Autônomo,1600.0,65.0,Alugada,315.0,5,3,Não,0
P002877,2025-07-01,113600.0,34000.48,0.2993,79599.52,0.7007,24,Correspondente bancário,2023,2,34,Empresário,12530.69,21.0,Própria,621.0,1,1,Não,0
P002878,2025-07-01,27700.0,4808.72,0.1736,22891.28,0.8264,24,Digital,2021,4,75,Aposentado,2679.86,2.0,Financiada,432.0,2,1,Não,0
P002879,2025-11-01,38300.0,7169.76,0.1872,31130.24,0.8128,36,Concessionária,2013,12,31,Autônomo,3219.82,1.0,Financiada,520.0,2,1,Não,0
P002880,2025-11-01,110700.0,39575.25,0.3575,71124.75,0.6425,60,Revenda multimarca,2025,0,53,Autônomo,8861.4,6.0,Alugada,394.0,0,2,Não,0
P002881,2025-12-01,64800.0,9726.48,0.1501,55073.52,0.8499,36,Revenda multimarca,2019,6,38,CLT,3965.55,41.0,Alugada,557.0,0,3,Não,0
P002882,2025-10-01,22000.0,2688.4,0.1222,19311.6,0.8778,60,Concessionária,2020,5,25,CLT,1600.0,54.0,Alugada,412.0,4,4,Não,0
P002883,2025-09-01,46900.0,10036.6,0.214,36863.4,0.786,24,Revenda multimarca,2025,0,37,CLT,4923.27,38.0,Alugada,792.0,0,2,Não,0
P002884,2025-12-01,89600.0,33080.32,0.3692,56519.68,0.6308,60,Concessionária,2023,2,49,Autônomo,8024.17,8.0,Alugada,857.0,0,0,Não,0
P002885,2025-07-01,32300.0,2797.18,0.0866,29502.82,0.9134,36,Revenda multimarca,2021,4,42,Servidor público,9202.88,103.0,Alugada,521.0,1,1,Não,0
P002886,2025-07-01,22000.0,7777.0,0.3535,14223.0,0.6465,24,Concessionária,2013,12,45,Autônomo,1600.0,22.0,Alugada,141.0,5,9,Não,0
P002887,2025-12-01,38500.0,8554.7,0.2222,29945.3,0.7778,48,Revenda multimarca,2020,5,39,Autônomo,2175.17,35.0,Financiada,480.0,3,2,Não,0
P002888,2025-07-01,40700.0,3866.5,0.095,36833.5,0.905,48,Concessionária,2019,6,28,CLT,1600.0,99.0,Própria,494.0,2,1,Não,0
P002889,2025-09-01,38700.0,10727.64,0.2772,27972.36,0.7228,36,Digital,2020,5,44,Servidor público,,27.0,Própria,,2,2,Não,0
P002890,2025-08-01,26400.0,7817.04,0.2961,18582.96,0.7039,36,Revenda multimarca,2016,9,59,CLT,2605.22,62.0,Alugada,485.0,1,2,Sim,0
P002891,2025-10-01,63800.0,24805.44,0.3888,38994.56,0.6112,36,Concessionária,2022,3,48,CLT,9729.57,,Financiada,871.0,0,0,Não,0
P002892,2025-12-01,41500.0,6345.35,0.1529,35154.65,0.8471,60,Correspondente bancário,2025,0,54,CLT,8819.98,51.0,Própria,542.0,1,0,Não,0
P002893,2025-09-01,55100.0,16078.18,0.2918,39021.82,0.7082,60,Digital,2018,7,28,Servidor público,1653.18,,Alugada,385.0,4,4,Sim,0
P002894,2025-07-01,22000.0,1707.2,0.0776,20292.8,0.9224,60,Correspondente bancário,2013,12,25,CLT,1722.95,19.0,Familiar,302.0,4,1,Não,0
P002895,2025-12-01,22000.0,6129.2,0.2786,15870.8,0.7214,48,Revenda multimarca,2022,3,45,CLT,1847.95,76.0,Alugada,454.0,3,0,Não,0
P002896,2025-09-01,33800.0,10200.84,0.3018,23599.16,0.6982,60,Concessionária,2022,3,40,CLT,3740.35,,Própria,568.0,3,2,Sim,0
P002897,2025-12-01,42400.0,14878.16,0.3509,27521.84,0.6491,48,Digital,2018,7,23,Empresário,,50.0,Familiar,551.0,0,2,Não,0
P002898,2025-10-01,30300.0,4672.26,0.1542,25627.74,0.8458,36,Concessionária,2024,1,47,CLT,,51.0,Alugada,406.0,5,3,Sim,0
P002899,2025-08-01,27500.0,3740.0,0.136,23760.0,0.864,48,Revenda multimarca,2013,12,50,CLT,2633.19,62.0,Alugada,405.0,3,2,Sim,0
P002900,2025-09-01,24100.0,5041.72,0.2092,19058.28,0.7908,36,Digital,2022,3,40,CLT,2336.44,12.0,Alugada,589.0,3,0,Não,0
P002901,2025-11-01,41000.0,11516.9,0.2809,29483.1,0.7191,48,Concessionária,2023,2,42,Autônomo,3235.21,41.0,Familiar,525.0,4,1,Não,0
P002902,2025-08-01,94700.0,24782.99,0.2617,69917.01,0.7383,48,Digital,2019,6,43,CLT,14877.59,19.0,Própria,586.0,1,1,Não,0
P002903,2025-09-01,78200.0,2940.32,0.0376,75259.68,0.9624,60,Digital,2021,4,34,Empresário,5413.13,5.0,Familiar,739.0,0,0,Não,0
P002904,2025-12-01,50000.0,2575.0,0.0515,47425.0,0.9485,48,Correspondente bancário,2017,8,34,Autônomo,1600.0,,Familiar,691.0,3,3,Não,0
P002905,2025-12-01,28000.0,12056.8,0.4306,15943.2,0.5694,60,Concessionária,2014,11,75,Aposentado,4747.85,318.0,Alugada,461.0,1,2,Não,0
P002906,2025-11-01,53900.0,9265.41,0.1719,44634.59,0.8281,60,Digital,2023,2,28,Empresário,7843.06,16.0,Própria,454.0,0,2,Não,0
P002907,2025-12-01,22500.0,1174.5,0.0522,21325.5,0.9478,48,Concessionária,2020,5,25,Autônomo,2974.42,,Familiar,781.0,1,0,Sim,0
P002908,2025-07-01,67600.0,22362.08,0.3308,45237.92,0.6692,24,Revenda multimarca,2023,2,35,CLT,,38.0,Alugada,796.0,1,2,Não,0
P002909,2025-08-01,40400.0,1991.72,0.0493,38408.28,0.9507,48,Concessionária,2022,3,35,Autônomo,4514.25,6.0,Própria,469.0,0,3,Sim,0
P002910,2025-07-01,22000.0,2659.8,0.1209,19340.2,0.8791,60,Digital,2021,4,46,Autônomo,1600.0,,Familiar,128.0,5,12,Sim,0
P002911,2025-07-01,33500.0,5420.3,0.1618,28079.7,0.8382,60,Revenda multimarca,2013,12,34,CLT,3840.83,50.0,Própria,335.0,4,0,Não,0
P002912,2025-10-01,48700.0,6287.17,0.1291,42412.83,0.8709,48,Concessionária,2021,4,49,Autônomo,7970.67,8.0,Própria,908.0,0,0,Não,0
P002913,2025-07-01,71900.0,20016.96,0.2784,51883.04,0.7216,24,Concessionária,2017,8,27,Servidor público,11177.24,60.0,Própria,648.0,2,2,Não,0
P002914,2025-08-01,22000.0,10892.2,0.4951,11107.8,0.5049,60,Concessionária,2023,2,53,CLT,7462.05,141.0,Alugada,537.0,1,4,Não,0
P002915,2025-07-01,22000.0,1438.8,0.0654,20561.2,0.9346,36,Concessionária,2017,8,43,CLT,2740.97,41.0,Financiada,422.0,5,1,Sim,0
P002916,2025-09-01,71800.0,7819.02,0.1089,63980.98,0.8911,36,Revenda multimarca,2018,7,26,CLT,8705.65,,Financiada,897.0,0,1,Não,0
P002917,2025-08-01,22000.0,5676.0,0.258,16324.0,0.742,36,Concessionária,2020,5,60,Autônomo,1953.28,28.0,Alugada,626.0,1,0,Sim,0
P002918,2025-07-01,36500.0,4442.05,0.1217,32057.95,0.8783,48,Concessionária,2017,8,60,CLT,4083.64,13.0,Própria,336.0,4,1,Não,0
P002919,2025-11-01,24700.0,494.0,0.02,24206.0,0.98,48,Digital,2018,7,32,CLT,1942.4,61.0,Familiar,492.0,5,4,Não,0
P002920,2025-08-01,86400.0,10713.6,0.124,75686.4,0.876,48,Concessionária,2020,5,36,CLT,11135.58,,Financiada,636.0,1,1,Não,0
P002921,2025-08-01,62200.0,24674.74,0.3967,37525.26,0.6033,36,Correspondente bancário,2015,10,40,CLT,9210.63,8.0,Alugada,639.0,1,1,Não,0
P002922,2025-08-01,61700.0,14758.64,0.2392,46941.36,0.7608,36,Correspondente bancário,2022,3,35,CLT,6918.19,,Própria,753.0,1,1,Não,0
P002923,2025-11-01,30100.0,6013.98,0.1998,24086.02,0.8002,36,Correspondente bancário,2025,0,41,Autônomo,2443.04,26.0,Própria,410.0,3,7,Não,0
P002924,2025-11-01,49400.0,27446.64,0.5556,21953.36,0.4444,48,Revenda multimarca,2013,12,23,Autônomo,2098.44,45.0,Alugada,375.0,4,1,Sim,0
P002925,2025-12-01,64700.0,8249.25,0.1275,56450.75,0.8725,24,Concessionária,2013,12,49,CLT,4183.99,,Alugada,535.0,2,1,Não,0
P002926,2025-12-01,52900.0,8093.7,0.153,44806.3,0.847,60,Revenda multimarca,2023,2,30,Autônomo,2448.57,11.0,Familiar,614.0,0,1,Não,0
P002927,2025-09-01,22100.0,6148.22,0.2782,15951.78,0.7218,60,Correspondente bancário,2020,5,46,CLT,2675.58,13.0,Familiar,455.0,2,2,Não,0
P002928,2025-12-01,22000.0,5533.0,0.2515,16467.0,0.7485,36,Concessionária,2019,6,30,CLT,2438.56,2.0,Própria,550.0,0,2,Não,0
P002929,2025-07-01,35200.0,11200.64,0.3182,23999.36,0.6818,36,Digital,2016,9,36,CLT,5486.24,31.0,Própria,559.0,1,6,Não,0
P002930,2025-10-01,55300.0,25305.28,0.4576,29994.72,0.5424,48,Revenda multimarca,2024,1,38,Autônomo,8004.03,68.0,Própria,652.0,2,1,Não,0
P002931,2025-12-01,22000.0,10912.0,0.496,11088.0,0.504,36,Revenda multimarca,2020,5,36,CLT,1600.0,27.0,Alugada,695.0,0,1,Sim,0
P002932,2025-12-01,22000.0,9303.8,0.4229,12696.2,0.5771,60,Concessionária,2019,6,41,CLT,4654.92,35.0,Própria,495.0,2,2,Não,0
P002933,2025-07-01,100200.0,63727.2,0.636,36472.8,0.364,24,Concessionária,2017,8,54,CLT,9076.95,42.0,Alugada,702.0,1,2,Não,0
P002934,2025-11-01,31500.0,21939.75,0.6965,9560.25,0.3035,60,Revenda multimarca,2021,4,44,CLT,3247.73,93.0,Própria,710.0,0,0,Sim,0
P002935,2025-10-01,59300.0,20541.52,0.3464,38758.48,0.6536,36,Concessionária,2021,4,24,Empresário,6373.86,43.0,Própria,632.0,1,3,Sim,0
P002936,2025-08-01,31900.0,6663.91,0.2089,25236.09,0.7911,48,Digital,2020,5,36,Autônomo,2046.25,14.0,Familiar,785.0,0,1,Não,0
P002937,2025-12-01,53900.0,5147.45,0.0955,48752.55,0.9045,24,Concessionária,2023,2,37,CLT,4897.32,24.0,Própria,653.0,4,0,Não,0
P002938,2025-07-01,45100.0,13566.08,0.3008,31533.92,0.6992,36,Revenda multimarca,2024,1,44,CLT,10570.26,37.0,Própria,791.0,0,2,Não,0
P002939,2025-10-01,28000.0,11424.0,0.408,16576.0,0.592,48,Concessionária,2024,1,34,Empresário,,53.0,Alugada,500.0,1,2,Não,0
P002940,2025-11-01,35600.0,2573.88,0.0723,33026.12,0.9277,48,Correspondente bancário,2024,1,24,CLT,2135.55,12.0,Familiar,607.0,1,2,Sim,0
P002941,2025-10-01,32500.0,6181.5,0.1902,26318.5,0.8098,24,Concessionária,2019,6,26,Servidor público,1600.0,96.0,Própria,504.0,2,0,Não,0
P002942,2025-08-01,38700.0,8575.92,0.2216,30124.08,0.7784,24,Concessionária,2021,4,27,Servidor público,3733.28,85.0,Própria,535.0,2,3,Não,0
P002943,2025-07-01,46900.0,13103.86,0.2794,33796.14,0.7206,48,Revenda multimarca,2021,4,39,CLT,4777.48,3.0,Própria,382.0,4,3,Não,0
P002944,2025-11-01,63800.0,19484.52,0.3054,44315.48,0.6946,60,Concessionária,2023,2,28,Empresário,6105.8,30.0,Financiada,539.0,0,2,Não,0
P002945,2025-12-01,22000.0,2877.6,0.1308,19122.4,0.8692,60,Digital,2017,8,39,Empresário,2715.69,126.0,Familiar,634.0,0,1,Não,0
P002946,2025-11-01,62400.0,9528.48,0.1527,52871.52,0.8473,48,Revenda multimarca,2018,7,75,Aposentado,9683.05,73.0,Própria,618.0,2,1,Não,0
P002947,2025-12-01,48200.0,8309.68,0.1724,39890.32,0.8276,36,Concessionária,2023,2,27,CLT,10200.84,67.0,Própria,689.0,0,3,Não,0
P002948,2025-09-01,27400.0,2172.82,0.0793,25227.18,0.9207,24,Concessionária,2022,3,48,Empresário,3497.02,31.0,Familiar,642.0,2,3,Sim,0
P002949,2025-11-01,55000.0,9091.5,0.1653,45908.5,0.8347,24,Concessionária,2021,4,38,CLT,10011.36,238.0,Financiada,749.0,1,3,Não,0
P002950,2025-07-01,34800.0,7673.4,0.2205,27126.6,0.7795,36,Concessionária,2021,4,39,Autônomo,5407.32,30.0,Própria,635.0,1,1,Não,0
P002951,2025-11-01,22800.0,6078.48,0.2666,16721.52,0.7334,48,Concessionária,2024,1,42,CLT,3442.41,30.0,Alugada,230.0,3,1,Não,0
P002952,2025-12-01,22000.0,972.4,0.0442,21027.6,0.9558,60,Concessionária,2021,4,44,Servidor público,1600.0,65.0,Financiada,70.0,5,7,Sim,0
P002953,2025-07-01,35500.0,8591.0,0.242,26909.0,0.758,60,Digital,2025,0,43,CLT,4990.85,130.0,Própria,434.0,1,3,Não,0
P002954,2025-12-01,29200.0,5133.36,0.1758,24066.64,0.8242,36,Correspondente bancário,2019,6,24,CLT,2232.89,72.0,Própria,547.0,0,1,Não,0
P002955,2025-10-01,28900.0,11981.94,0.4146,16918.06,0.5854,48,Correspondente bancário,2023,2,29,Autônomo,2050.77,,Própria,356.0,5,2,Sim,0
P002956,2025-11-01,25600.0,1914.88,0.0748,23685.12,0.9252,60,Concessionária,2020,5,44,CLT,3589.77,21.0,Alugada,585.0,1,1,Sim,0
P002957,2025-09-01,80700.0,17737.86,0.2198,62962.14,0.7802,48,Concessionária,2023,2,39,CLT,,44.0,Alugada,,0,3,Não,0
P002958,2025-12-01,22000.0,11653.4,0.5297,10346.6,0.4703,36,Revenda multimarca,2021,4,42,CLT,1600.0,58.0,Alugada,415.0,3,3,Não,0
P002959,2025-08-01,94400.0,46558.08,0.4932,47841.92,0.5068,48,Correspondente bancário,2024,1,37,Empresário,20291.38,15.0,Financiada,771.0,0,2,Não,0
P002960,2025-09-01,34500.0,8231.7,0.2386,26268.3,0.7614,48,Correspondente bancário,2022,3,35,Autônomo,2511.44,,Familiar,677.0,0,2,Não,0
P002961,2025-09-01,41700.0,3281.79,0.0787,38418.21,0.9213,60,Revenda multimarca,2024,1,35,CLT,6040.46,37.0,Familiar,536.0,0,2,Não,0
P002962,2025-08-01,50100.0,15846.63,0.3163,34253.37,0.6837,48,Correspondente bancário,2022,3,29,CLT,8812.76,14.0,Alugada,552.0,2,1,Não,0
P002963,2025-07-01,22000.0,987.8,0.0449,21012.2,0.9551,36,Revenda multimarca,2018,7,66,Aposentado,2162.07,393.0,Familiar,539.0,0,5,Não,0
P002964,2025-11-01,30400.0,3070.4,0.101,27329.6,0.899,36,Digital,2022,3,45,CLT,4842.23,59.0,Familiar,669.0,0,2,Não,0
P002965,2025-08-01,22000.0,14473.8,0.6579,7526.2,0.3421,48,Digital,2017,8,33,Autônomo,1791.13,,Própria,454.0,1,2,Sim,0
P002966,2025-07-01,35300.0,11857.27,0.3359,23442.73,0.6641,48,Digital,2024,1,47,CLT,7380.28,119.0,Alugada,622.0,0,4,Não,0
P002967,2025-07-01,73800.0,27261.72,0.3694,46538.28,0.6306,36,Revenda multimarca,2023,2,42,CLT,6165.99,64.0,Própria,459.0,1,2,Não,0
P002968,2025-12-01,33200.0,5796.72,0.1746,27403.28,0.8254,36,Digital,2024,1,64,CLT,,113.0,Alugada,427.0,2,2,Não,0
P002969,2025-12-01,28400.0,5822.0,0.205,22578.0,0.795,48,Concessionária,2021,4,24,Autônomo,1600.0,9.0,Familiar,391.0,2,3,Não,0
P002970,2025-11-01,37400.0,10438.34,0.2791,26961.66,0.7209,60,Correspondente bancário,2022,3,33,Autônomo,4952.87,63.0,Própria,279.0,5,4,Não,0
P002971,2025-08-01,30600.0,3433.32,0.1122,27166.68,0.8878,48,Concessionária,2021,4,58,Aposentado,4290.8,305.0,Alugada,322.0,5,2,Sim,0
P002972,2025-08-01,22400.0,15800.96,0.7054,6599.04,0.2946,24,Revenda multimarca,2022,3,54,Autônomo,3148.34,21.0,Própria,437.0,1,2,Não,0
P002973,2025-10-01,71800.0,19773.72,0.2754,52026.28,0.7246,60,Revenda multimarca,2018,7,32,Autônomo,2601.74,15.0,Financiada,756.0,1,2,Não,0
P002974,2025-09-01,98100.0,24230.7,0.247,73869.3,0.753,60,Concessionária,2022,3,35,Empresário,,14.0,Alugada,643.0,0,1,Sim,0
P002975,2025-10-01,33500.0,10921.0,0.326,22579.0,0.674,48,Digital,2023,2,40,CLT,,42.0,Própria,940.0,0,2,Não,0
P002976,2025-09-01,42300.0,7508.25,0.1775,34791.75,0.8225,60,Concessionária,2021,4,33,CLT,1729.04,16.0,Alugada,312.0,2,5,Não,0
P002977,2025-12-01,22000.0,1557.6,0.0708,20442.4,0.9292,60,Digital,2020,5,34,CLT,1600.0,95.0,Familiar,221.0,5,5,Sim,0
P002978,2025-07-01,55400.0,1108.0,0.02,54292.0,0.98,36,Concessionária,2024,1,44,Servidor público,8470.64,160.0,Alugada,599.0,0,0,Não,0
P002979,2025-11-01,41800.0,17292.66,0.4137,24507.34,0.5863,60,Concessionária,2022,3,28,Servidor público,11558.42,120.0,Alugada,575.0,1,4,Não,0
P002980,2025-10-01,65500.0,6700.65,0.1023,58799.35,0.8977,36,Concessionária,2021,4,26,Servidor público,9718.93,,Alugada,617.0,2,1,Não,0
P002981,2025-07-01,43200.0,4475.52,0.1036,38724.48,0.8964,36,Revenda multimarca,2019,6,26,CLT,1600.0,9.0,Familiar,420.0,5,5,Não,0
P002982,2025-11-01,28500.0,2425.35,0.0851,26074.65,0.9149,36,Revenda multimarca,2022,3,29,Autônomo,3064.14,,Própria,744.0,0,0,Não,0
P002983,2025-11-01,29400.0,13662.18,0.4647,15737.82,0.5353,24,Digital,2017,8,43,Autônomo,3974.72,49.0,Alugada,552.0,0,1,Não,0
P002984,2025-12-01,73600.0,16935.36,0.2301,56664.64,0.7699,24,Correspondente bancário,2019,6,45,CLT,3237.46,4.0,Financiada,666.0,0,0,Não,0
P002985,2025-09-01,51600.0,24277.8,0.4705,27322.2,0.5295,48,Correspondente bancário,2015,10,39,CLT,2069.6,48.0,Alugada,626.0,0,0,Não,0
P002986,2025-08-01,28100.0,1185.82,0.0422,26914.18,0.9578,48,Concessionária,2020,5,42,Autônomo,2279.24,,Alugada,467.0,4,1,Não,0
P002987,2025-09-01,62900.0,24134.73,0.3837,38765.27,0.6163,36,Revenda multimarca,2013,12,24,CLT,5503.8,72.0,Alugada,501.0,4,2,Sim,0
P002988,2025-09-01,23400.0,5585.58,0.2387,17814.42,0.7613,60,Concessionária,2022,3,37,CLT,1600.0,73.0,Familiar,199.0,5,5,Sim,0
P002989,2025-09-01,47100.0,1935.81,0.0411,45164.19,0.9589,48,Digital,2018,7,64,Aposentado,1600.0,100.0,Familiar,354.0,2,1,Não,0
P002990,2025-09-01,23000.0,6787.3,0.2951,16212.7,0.7049,60,Digital,2013,12,25,Autônomo,2500.94,48.0,Própria,370.0,5,0,Sim,0
P002991,2025-07-01,99700.0,15573.14,0.1562,84126.86,0.8438,36,Concessionária,2016,9,34,CLT,8125.42,53.0,Familiar,610.0,1,2,Não,0
P002992,2025-10-01,87400.0,30205.44,0.3456,57194.56,0.6544,24,Digital,2020,5,52,Empresário,8060.79,24.0,Alugada,574.0,0,2,Não,0
P002993,2025-08-01,35900.0,8328.8,0.232,27571.2,0.768,48,Concessionária,2022,3,35,Autônomo,4324.03,37.0,Familiar,451.0,2,2,Não,0
P002994,2025-08-01,32900.0,11097.17,0.3373,21802.83,0.6627,60,Concessionária,2024,1,38,Autônomo,2996.93,26.0,Financiada,358.0,4,3,Não,0
P002995,2025-11-01,54200.0,6563.62,0.1211,47636.38,0.8789,60,Revenda multimarca,2022,3,57,Empresário,7876.3,32.0,Financiada,444.0,3,0,Não,0
P002996,2025-10-01,38000.0,6064.8,0.1596,31935.2,0.8404,36,Concessionária,2021,4,29,CLT,1832.65,40.0,Própria,557.0,1,3,Não,0
P002997,2025-11-01,36700.0,3060.78,0.0834,33639.22,0.9166,24,Concessionária,2022,3,75,Servidor público,,96.0,Alugada,448.0,2,3,Não,0
P002998,2025-10-01,43500.0,19979.55,0.4593,23520.45,0.5407,48,Digital,2022,3,38,Empresário,18017.82,19.0,Própria,503.0,3,1,Não,0
P002999,2025-08-01,24600.0,2568.24,0.1044,22031.76,0.8956,60,Correspondente bancário,2014,11,38,CLT,6075.58,72.0,Própria,461.0,4,1,Não,0
P003000,2025-08-01,27400.0,4499.08,0.1642,22900.92,0.8358,24,Digital,2020,5,30,CLT,1784.26,30.0,Própria,598.0,0,3,Não,0
P003001,2025-07-01,37600.0,15882.24,0.4224,21717.76,0.5776,48,Correspondente bancário,2022,3,26,CLT,1600.0,,Própria,349.0,5,0,Sim,0
P003002,2025-12-01,34200.0,8023.32,0.2346,26176.68,0.7654,24,Concessionária,2024,1,41,CLT,3464.21,92.0,Própria,660.0,0,1,Não,0
P003003,2025-12-01,37600.0,10941.6,0.291,26658.4,0.709,60,Concessionária,2023,2,28,Servidor público,4453.07,32.0,Própria,389.0,1,1,Não,0
P003004,2025-09-01,32000.0,4918.4,0.1537,27081.6,0.8463,60,Revenda multimarca,2013,12,30,Autônomo,1600.0,12.0,Própria,230.0,5,0,Sim,0
P003005,2025-09-01,31500.0,15321.6,0.4864,16178.4,0.5136,48,Digital,2013,12,26,CLT,,,Familiar,602.0,0,1,Não,0
P003006,2025-09-01,22000.0,7029.0,0.3195,14971.0,0.6805,36,Revenda multimarca,2013,12,30,CLT,1600.0,76.0,Familiar,578.0,2,0,Não,0
P003007,2025-10-01,31800.0,3905.04,0.1228,27894.96,0.8772,60,Revenda multimarca,2022,3,39,CLT,7469.47,65.0,Própria,708.0,0,1,Não,0
P003008,2025-11-01,31700.0,3746.94,0.1182,27953.06,0.8818,60,Concessionária,2024,1,39,CLT,3231.22,68.0,Financiada,512.0,0,0,Não,0
P003009,2025-09-01,31300.0,6560.48,0.2096,24739.52,0.7904,48,Digital,2025,0,38,Autônomo,3011.21,44.0,Própria,728.0,2,2,Não,0
P003010,2025-12-01,46500.0,8765.25,0.1885,37734.75,0.8115,24,Concessionária,2023,2,40,Empresário,4336.18,38.0,Alugada,619.0,1,1,Não,0
P003011,2025-11-01,95700.0,16623.09,0.1737,79076.91,0.8263,48,Revenda multimarca,2024,1,29,Empresário,,12.0,Financiada,801.0,0,3,Não,0
P003012,2025-11-01,52400.0,4108.16,0.0784,48291.84,0.9216,60,Digital,2020,5,47,CLT,6293.98,37.0,Financiada,786.0,0,1,Não,0
P003013,2025-10-01,28600.0,8122.4,0.284,20477.6,0.716,24,Revenda multimarca,2024,1,34,CLT,7244.13,34.0,Alugada,856.0,0,0,Não,0
P003014,2025-12-01,41800.0,3553.0,0.085,38247.0,0.915,36,Revenda multimarca,2017,8,31,CLT,3770.85,14.0,Financiada,491.0,2,5,Sim,0
P003015,2025-12-01,35400.0,14351.16,0.4054,21048.84,0.5946,60,Correspondente bancário,2021,4,43,Autônomo,2614.59,99.0,Própria,463.0,3,6,Sim,0
P003016,2025-11-01,26600.0,821.94,0.0309,25778.06,0.9691,24,Correspondente bancário,2013,12,47,Autônomo,2197.16,8.0,Própria,496.0,1,3,Sim,0
P003017,2025-10-01,36300.0,4348.74,0.1198,31951.26,0.8802,60,Revenda multimarca,2018,7,33,CLT,,87.0,Financiada,579.0,1,3,Não,0
P003018,2025-12-01,29600.0,1403.04,0.0474,28196.96,0.9526,48,Digital,2021,4,23,Autônomo,2404.64,52.0,Alugada,447.0,3,2,Sim,0
P003019,2025-11-01,61100.0,9427.73,0.1543,51672.27,0.8457,24,Digital,2019,6,49,CLT,1600.0,8.0,Própria,339.0,4,4,Não,0
P003020,2025-07-01,61100.0,15268.89,0.2499,45831.11,0.7501,24,Concessionária,2024,1,69,Aposentado,5830.96,129.0,Própria,727.0,0,1,Não,0
P003021,2025-08-01,22000.0,7249.0,0.3295,14751.0,0.6705,24,Digital,2021,4,30,Servidor público,1868.49,17.0,Familiar,456.0,1,4,Não,0
P003022,2025-09-01,23800.0,9272.48,0.3896,14527.52,0.6104,60,Concessionária,2019,6,30,CLT,1600.0,28.0,Familiar,602.0,1,2,Não,0
P003023,2025-11-01,22000.0,4617.8,0.2099,17382.2,0.7901,24,Revenda multimarca,2024,1,41,CLT,,76.0,Própria,,4,1,Não,0
P003024,2025-08-01,64200.0,2548.74,0.0397,61651.26,0.9603,48,Concessionária,2013,12,38,CLT,7315.34,58.0,Própria,658.0,0,1,Não,0
P003025,2025-11-01,57200.0,21861.84,0.3822,35338.16,0.6178,36,Concessionária,2023,2,29,CLT,2541.33,,Própria,600.0,0,3,Sim,0
P003026,2025-11-01,22000.0,6800.2,0.3091,15199.8,0.6909,24,Concessionária,2013,12,48,CLT,2148.8,89.0,Própria,348.0,5,2,Não,0
P003027,2025-12-01,63800.0,3630.22,0.0569,60169.78,0.9431,36,Concessionária,2024,1,60,CLT,10950.82,,Financiada,885.0,0,0,Não,0
P003028,2025-09-01,30400.0,5876.32,0.1933,24523.68,0.8067,60,Revenda multimarca,2023,2,27,Autônomo,1600.0,44.0,Alugada,315.0,5,2,Sim,0
P003029,2025-10-01,32800.0,6005.68,0.1831,26794.32,0.8169,60,Revenda multimarca,2021,4,32,CLT,3637.81,35.0,Alugada,,2,1,Não,0
P003030,2025-08-01,29300.0,1664.24,0.0568,27635.76,0.9432,36,Concessionária,2019,6,30,Servidor público,7088.13,35.0,Financiada,641.0,0,1,Não,0
P003031,2025-12-01,66200.0,9128.98,0.1379,57071.02,0.8621,48,Concessionária,2023,2,72,Aposentado,,233.0,Própria,705.0,0,1,Não,0
P003032,2025-08-01,22000.0,3707.0,0.1685,18293.0,0.8315,48,Revenda multimarca,2022,3,26,CLT,1600.0,,Alugada,517.0,1,1,Não,0
P003033,2025-11-01,44800.0,19304.32,0.4309,25495.68,0.5691,60,Concessionária,2020,5,37,CLT,3006.66,69.0,Financiada,481.0,1,3,Não,0
P003034,2025-10-01,37100.0,19154.73,0.5163,17945.27,0.4837,36,Revenda multimarca,2023,2,47,CLT,3869.98,62.0,Própria,763.0,0,1,Sim,0
P003035,2025-10-01,24000.0,5032.8,0.2097,18967.2,0.7903,60,Concessionária,2022,3,25,CLT,1600.0,84.0,Alugada,443.0,4,4,Não,0
P003036,2025-10-01,31600.0,2287.84,0.0724,29312.16,0.9276,48,Concessionária,2022,3,37,CLT,1600.0,,Alugada,711.0,0,2,Sim,0
P003037,2025-08-01,67900.0,36747.48,0.5412,31152.52,0.4588,48,Digital,2020,5,37,Autônomo,4819.06,34.0,Familiar,744.0,2,0,Não,0
P003038,2025-08-01,31100.0,1716.72,0.0552,29383.28,0.9448,24,Digital,2024,1,42,Autônomo,4870.64,4.0,Própria,586.0,2,2,Não,0
P003039,2025-07-01,125900.0,13572.02,0.1078,112327.98,0.8922,36,Digital,2021,4,30,Servidor público,9311.85,14.0,Familiar,709.0,0,1,Não,0
P003040,2025-10-01,53500.0,18013.45,0.3367,35486.55,0.6633,48,Revenda multimarca,2022,3,51,CLT,3921.35,14.0,Alugada,674.0,0,2,Não,0
P003041,2025-07-01,22000.0,5746.4,0.2612,16253.6,0.7388,60,Digital,2025,0,28,Autônomo,2350.53,51.0,Familiar,415.0,5,2,Sim,0
P003042,2025-08-01,22400.0,1117.76,0.0499,21282.24,0.9501,48,Correspondente bancário,2021,4,65,Aposentado,,50.0,Alugada,333.0,5,1,Não,0
P003043,2025-11-01,28400.0,3760.16,0.1324,24639.84,0.8676,24,Digital,2024,1,29,Autônomo,,31.0,Financiada,536.0,1,0,Não,0
P003044,2025-11-01,25400.0,2331.72,0.0918,23068.28,0.9082,48,Concessionária,2019,6,36,CLT,2510.74,54.0,Financiada,610.0,4,3,Sim,0
P003045,2025-07-01,57700.0,8245.33,0.1429,49454.67,0.8571,48,Concessionária,2025,0,36,Autônomo,2792.05,61.0,Alugada,641.0,1,0,Não,0
P003046,2025-10-01,45700.0,4341.5,0.095,41358.5,0.905,36,Revenda multimarca,2024,1,44,CLT,4510.49,9.0,Familiar,802.0,0,1,Sim,0
P003047,2025-07-01,22000.0,4254.8,0.1934,17745.2,0.8066,48,Revenda multimarca,2015,10,38,Servidor público,,43.0,Alugada,340.0,5,1,Sim,0
P003048,2025-07-01,40200.0,1640.16,0.0408,38559.84,0.9592,60,Digital,2020,5,38,CLT,,124.0,Familiar,566.0,1,1,Sim,0
P003049,2025-09-01,22000.0,3014.0,0.137,18986.0,0.863,48,Concessionária,2022,3,33,CLT,,9.0,Financiada,538.0,0,0,Não,0
P003050,2025-09-01,35100.0,6840.99,0.1949,28259.01,0.8051,60,Concessionária,2025,0,52,Aposentado,2649.09,287.0,Própria,573.0,1,0,Não,0
P003051,2025-08-01,27200.0,4213.28,0.1549,22986.72,0.8451,48,Concessionária,2017,8,61,Autônomo,2154.06,5.0,Alugada,552.0,3,0,Não,0
P003052,2025-08-01,55200.0,10907.52,0.1976,44292.48,0.8024,60,Concessionária,2025,0,44,CLT,11388.66,124.0,Própria,667.0,3,1,Não,0
P003053,2025-09-01,40800.0,7911.12,0.1939,32888.88,0.8061,60,Revenda multimarca,2019,6,47,CLT,,45.0,Financiada,578.0,1,0,Não,0
P003054,2025-10-01,35700.0,5504.94,0.1542,30195.06,0.8458,60,Digital,2017,8,37,CLT,4375.09,95.0,Própria,522.0,0,1,Não,0
P003055,2025-08-01,23600.0,3794.88,0.1608,19805.12,0.8392,60,Correspondente bancário,2023,2,60,Aposentado,2720.1,120.0,Familiar,220.0,5,2,Sim,0
P003056,2025-07-01,33900.0,1630.59,0.0481,32269.41,0.9519,60,Concessionária,2023,2,27,CLT,1600.0,56.0,Alugada,540.0,0,2,Sim,0
P003057,2025-12-01,23500.0,6697.5,0.285,16802.5,0.715,24,Concessionária,2024,1,43,CLT,6075.31,54.0,Alugada,639.0,1,1,Não,0
P003058,2025-09-01,22000.0,5244.8,0.2384,16755.2,0.7616,36,Concessionária,2013,12,24,CLT,1704.34,25.0,Alugada,674.0,0,1,Não,0
P003059,2025-11-01,116000.0,32120.4,0.2769,83879.6,0.7231,24,Concessionária,2022,3,47,CLT,8232.51,26.0,Alugada,696.0,1,0,Não,0
P003060,2025-08-01,52600.0,24543.16,0.4666,28056.84,0.5334,24,Concessionária,2025,0,50,CLT,11299.55,196.0,Financiada,868.0,0,2,Não,0
P003061,2025-10-01,33400.0,7201.04,0.2156,26198.96,0.7844,48,Digital,2017,8,29,Autônomo,2844.91,19.0,Própria,629.0,2,1,Não,0
P003062,2025-11-01,23000.0,4986.4,0.2168,18013.6,0.7832,48,Revenda multimarca,2020,5,26,CLT,,38.0,Financiada,365.0,4,3,Sim,0
P003063,2025-12-01,45300.0,10876.53,0.2401,34423.47,0.7599,24,Digital,2022,3,30,Empresário,8714.93,56.0,Financiada,862.0,0,0,Não,0
P003064,2025-08-01,40600.0,22187.9,0.5465,18412.1,0.4535,60,Correspondente bancário,2022,3,56,CLT,8231.93,48.0,Familiar,379.0,1,5,Sim,0
P003065,2025-10-01,29800.0,5471.28,0.1836,24328.72,0.8164,60,Digital,2024,1,66,Autônomo,7130.72,68.0,Familiar,755.0,0,4,Não,0
P003066,2025-09-01,49200.0,19985.04,0.4062,29214.96,0.5938,60,Concessionária,2014,11,46,CLT,5671.23,71.0,Alugada,603.0,3,1,Não,0
P003067,2025-11-01,49000.0,2234.4,0.0456,46765.6,0.9544,60,Concessionária,2023,2,54,Autônomo,4512.87,9.0,Própria,600.0,1,2,Não,0
P003068,2025-12-01,43200.0,8285.76,0.1918,34914.24,0.8082,48,Revenda multimarca,2018,7,37,CLT,4516.64,27.0,Alugada,223.0,5,3,Não,0
P003069,2025-07-01,46800.0,33550.92,0.7169,13249.08,0.2831,24,Digital,2024,1,29,CLT,6072.52,,Própria,739.0,0,0,Não,0
P003070,2025-12-01,66900.0,7486.11,0.1119,59413.89,0.8881,60,Revenda multimarca,2024,1,34,Servidor público,,13.0,Alugada,486.0,2,1,Sim,0
P003071,2025-09-01,24200.0,5217.52,0.2156,18982.48,0.7844,60,Concessionária,2022,3,72,Aposentado,3343.59,93.0,Alugada,611.0,4,2,Não,0
P003072,2025-11-01,158700.0,53513.64,0.3372,105186.36,0.6628,24,Revenda multimarca,2023,2,39,Autônomo,8222.03,1.0,Financiada,802.0,0,0,Não,0
P003073,2025-07-01,22300.0,4352.96,0.1952,17947.04,0.8048,60,Concessionária,2018,7,41,Servidor público,3911.96,118.0,Alugada,,2,2,Não,0
P003074,2025-09-01,32700.0,3865.14,0.1182,28834.86,0.8818,48,Correspondente bancário,2025,0,57,CLT,4947.02,26.0,Alugada,467.0,5,3,Sim,0
P003075,2025-08-01,22000.0,4754.2,0.2161,17245.8,0.7839,36,Concessionária,2020,5,36,CLT,1810.8,50.0,Financiada,584.0,2,4,Não,0
P003076,2025-12-01,30900.0,3439.17,0.1113,27460.83,0.8887,48,Concessionária,2019,6,40,CLT,1938.44,44.0,Própria,184.0,5,3,Não,0
P003077,2025-11-01,22000.0,10124.4,0.4602,11875.6,0.5398,60,Digital,2015,10,47,Autônomo,,30.0,Familiar,417.0,5,5,Não,0
P003078,2025-12-01,28200.0,3443.22,0.1221,24756.78,0.8779,60,Revenda multimarca,2021,4,30,CLT,2344.79,26.0,Financiada,472.0,2,3,Não,0
P003079,2025-11-01,47100.0,18693.99,0.3969,28406.01,0.6031,48,Digital,2019,6,34,Autônomo,1600.0,104.0,Familiar,474.0,3,2,Não,0
P003080,2025-09-01,23100.0,4601.52,0.1992,18498.48,0.8008,24,Revenda multimarca,2021,4,36,CLT,2735.79,,Familiar,706.0,1,0,Não,0
P003081,2025-10-01,76000.0,23947.6,0.3151,52052.4,0.6849,60,Digital,2024,1,46,Autônomo,4141.23,94.0,Própria,666.0,0,0,Não,0
P003082,2025-08-01,43400.0,7529.9,0.1735,35870.1,0.8265,36,Revenda multimarca,2025,0,37,CLT,5261.77,,Alugada,590.0,0,2,Não,0
P003083,2025-11-01,39100.0,9438.74,0.2414,29661.26,0.7586,60,Concessionária,2018,7,55,Autônomo,6500.22,130.0,Financiada,582.0,2,1,Não,0
P003084,2025-07-01,28200.0,5967.12,0.2116,22232.88,0.7884,36,Revenda multimarca,2016,9,34,Empresário,2494.66,80.0,Própria,329.0,5,6,Sim,0
P003085,2025-07-01,25300.0,6997.98,0.2766,18302.02,0.7234,48,Concessionária,2014,11,30,CLT,2516.56,72.0,Própria,776.0,0,1,Não,0
P003086,2025-07-01,31600.0,10699.76,0.3386,20900.24,0.6614,60,Concessionária,2023,2,35,CLT,3384.49,15.0,Alugada,589.0,3,1,Não,0
P003087,2025-07-01,24100.0,6273.23,0.2603,17826.77,0.7397,36,Digital,2017,8,43,Autônomo,2767.84,95.0,Própria,782.0,0,1,Não,0
P003088,2025-12-01,30000.0,12210.0,0.407,17790.0,0.593,60,Revenda multimarca,2018,7,26,CLT,3021.76,17.0,Própria,657.0,1,0,Não,0
P003089,2025-11-01,28100.0,2565.53,0.0913,25534.47,0.9087,36,Revenda multimarca,2024,1,28,Autônomo,3598.79,46.0,Própria,552.0,0,1,Não,0
P003090,2025-12-01,22000.0,12641.2,0.5746,9358.8,0.4254,60,Concessionária,2023,2,33,CLT,3028.31,75.0,Alugada,468.0,2,0,Não,0
P003091,2025-10-01,38800.0,9707.76,0.2502,29092.24,0.7498,60,Digital,2020,5,45,CLT,4659.51,65.0,Familiar,753.0,2,3,Não,0
P003092,2025-07-01,22000.0,6008.2,0.2731,15991.8,0.7269,48,Revenda multimarca,2020,5,29,Autônomo,1600.0,132.0,Alugada,468.0,3,3,Não,0
P003093,2025-11-01,48300.0,18334.68,0.3796,29965.32,0.6204,60,Revenda multimarca,2025,0,45,CLT,4090.65,51.0,Própria,617.0,1,2,Não,0
P003094,2025-12-01,39200.0,5013.68,0.1279,34186.32,0.8721,48,Revenda multimarca,2014,11,32,CLT,6870.32,8.0,Familiar,554.0,1,1,Sim,0
P003095,2025-09-01,50700.0,15813.33,0.3119,34886.67,0.6881,24,Revenda multimarca,2025,0,51,CLT,4005.11,26.0,Familiar,560.0,1,2,Não,0
P003096,2025-09-01,31400.0,8179.7,0.2605,23220.3,0.7395,60,Digital,2024,1,24,Servidor público,5040.79,,Própria,697.0,0,0,Não,0
P003097,2025-09-01,48700.0,25411.66,0.5218,23288.34,0.4782,24,Concessionária,2017,8,34,CLT,6558.42,39.0,Financiada,726.0,2,0,Não,0
P003098,2025-12-01,25700.0,7213.99,0.2807,18486.01,0.7193,60,Concessionária,2019,6,38,CLT,2487.95,20.0,Alugada,560.0,0,3,Não,0
P003099,2025-07-01,48100.0,13492.05,0.2805,34607.95,0.7195,48,Concessionária,2020,5,37,CLT,4585.81,5.0,Própria,790.0,0,1,Não,0
P003100,2025-11-01,25500.0,2733.6,0.1072,22766.4,0.8928,48,Concessionária,2018,7,47,Autônomo,,37.0,Financiada,379.0,5,1,Sim,0
P003101,2025-10-01,31900.0,4708.44,0.1476,27191.56,0.8524,48,Concessionária,2022,3,69,Aposentado,13049.06,198.0,Alugada,634.0,0,2,Não,0
P003102,2025-07-01,23300.0,6099.94,0.2618,17200.06,0.7382,60,Correspondente bancário,2013,12,26,Autônomo,1744.13,5.0,Alugada,390.0,4,2,Não,0
P003103,2025-08-01,39300.0,2884.62,0.0734,36415.38,0.9266,60,Concessionária,2017,8,29,Autônomo,4418.91,10.0,Alugada,471.0,2,5,Sim,0
P003104,2025-09-01,40400.0,6742.76,0.1669,33657.24,0.8331,36,Concessionária,2020,5,41,Autônomo,2603.07,22.0,Alugada,630.0,1,5,Não,0
P003105,2025-10-01,37200.0,4125.48,0.1109,33074.52,0.8891,60,Digital,2022,3,38,Autônomo,3679.28,,Familiar,774.0,0,0,Não,0
P003106,2025-08-01,68100.0,19490.22,0.2862,48609.78,0.7138,36,Revenda multimarca,2019,6,30,Empresário,12357.84,,Alugada,711.0,0,1,Não,0
P003107,2025-10-01,44200.0,18537.48,0.4194,25662.52,0.5806,60,Revenda multimarca,2024,1,28,CLT,5923.3,69.0,Alugada,670.0,2,5,Não,0
P003108,2025-07-01,34100.0,5022.93,0.1473,29077.07,0.8527,60,Concessionária,2020,5,26,Autônomo,7100.82,58.0,Própria,770.0,0,0,Não,0
P003109,2025-07-01,22000.0,11248.6,0.5113,10751.4,0.4887,60,Revenda multimarca,2023,2,40,CLT,12114.9,18.0,Familiar,546.0,2,2,Não,0
P003110,2025-11-01,75600.0,30459.24,0.4029,45140.76,0.5971,48,Digital,2019,6,27,CLT,7065.88,,Financiada,699.0,0,0,Não,0
P003111,2025-10-01,26600.0,1569.4,0.059,25030.6,0.941,24,Revenda multimarca,2016,9,24,CLT,2245.23,36.0,Própria,202.0,5,10,Sim,0
P003112,2025-09-01,53900.0,5147.45,0.0955,48752.55,0.9045,60,Correspondente bancário,2023,2,43,Empresário,8058.42,5.0,Própria,691.0,0,1,Não,0
P003113,2025-08-01,32600.0,4528.14,0.1389,28071.86,0.8611,60,Concessionária,2020,5,35,Servidor público,4435.44,84.0,Própria,523.0,2,1,Não,0
P003114,2025-09-01,27800.0,4350.7,0.1565,23449.3,0.8435,60,Correspondente bancário,2023,2,48,CLT,6398.89,,Alugada,693.0,1,2,Não,0
P003115,2025-11-01,144400.0,27825.88,0.1927,116574.12,0.8073,60,Concessionária,2018,7,46,CLT,22565.2,39.0,Financiada,802.0,1,0,Não,0
P003116,2025-08-01,22000.0,7433.8,0.3379,14566.2,0.6621,36,Revenda multimarca,2017,8,57,Aposentado,2100.07,24.0,Própria,531.0,4,1,Não,0
P003117,2025-12-01,47700.0,9253.8,0.194,38446.2,0.806,36,Revenda multimarca,2024,1,33,CLT,11933.99,78.0,Própria,836.0,0,1,Não,0
P003118,2025-08-01,22000.0,440.0,0.02,21560.0,0.98,24,Digital,2018,7,36,Servidor público,2203.66,107.0,Financiada,138.0,5,1,Sim,0
P003119,2025-09-01,25400.0,2423.16,0.0954,22976.84,0.9046,48,Revenda multimarca,2014,11,45,CLT,2065.37,,Alugada,403.0,4,4,Sim,0
P003120,2025-11-01,33300.0,8135.19,0.2443,25164.81,0.7557,60,Digital,2020,5,40,CLT,9078.42,48.0,Alugada,719.0,0,0,Não,0
P003121,2025-10-01,22000.0,4065.6,0.1848,17934.4,0.8152,48,Revenda multimarca,2024,1,37,CLT,3360.53,,Própria,196.0,5,10,Não,0
P003122,2025-09-01,40800.0,9192.24,0.2253,31607.76,0.7747,36,Concessionária,2024,1,39,Servidor público,4407.54,104.0,Própria,772.0,0,2,Não,0
P003123,2025-11-01,26700.0,8026.02,0.3006,18673.98,0.6994,60,Revenda multimarca,2022,3,47,Autônomo,1600.0,20.0,Alugada,452.0,5,2,Não,0
P003124,2025-09-01,33200.0,8804.64,0.2652,24395.36,0.7348,60,Revenda multimarca,2020,5,35,CLT,1805.68,,Alugada,295.0,5,4,Não,0
P003125,2025-10-01,55300.0,21705.25,0.3925,33594.75,0.6075,48,Concessionária,2024,1,49,Autônomo,7152.96,62.0,Própria,759.0,0,2,Não,0
P003126,2025-10-01,57300.0,6663.99,0.1163,50636.01,0.8837,24,Revenda multimarca,2018,7,39,Autônomo,6019.27,29.0,Financiada,641.0,0,1,Não,0
P003127,2025-10-01,45700.0,10081.42,0.2206,35618.58,0.7794,36,Revenda multimarca,2025,0,56,CLT,2499.61,17.0,Alugada,406.0,4,2,Sim,0
P003128,2025-10-01,23900.0,5920.03,0.2477,17979.97,0.7523,48,Concessionária,2024,1,75,Aposentado,3383.39,112.0,Própria,347.0,4,6,Não,0
P003129,2025-10-01,37900.0,758.0,0.02,37142.0,0.98,48,Concessionária,2018,7,35,CLT,4225.0,44.0,Alugada,825.0,1,1,Não,0
P003130,2025-08-01,39100.0,15827.68,0.4048,23272.32,0.5952,36,Digital,2023,2,27,Autônomo,3086.24,4.0,Própria,626.0,0,2,Não,0
P003131,2025-09-01,40700.0,4713.06,0.1158,35986.94,0.8842,60,Correspondente bancário,2023,2,37,CLT,4588.54,5.0,Financiada,471.0,0,2,Sim,0
P003132,2025-09-01,30300.0,8905.17,0.2939,21394.83,0.7061,24,Correspondente bancário,2024,1,25,CLT,4891.45,30.0,Financiada,562.0,4,0,Não,0
P003133,2025-07-01,44900.0,4539.39,0.1011,40360.61,0.8989,48,Revenda multimarca,2023,2,27,CLT,7059.51,108.0,Alugada,564.0,0,1,Não,0
P003134,2025-07-01,41000.0,15965.4,0.3894,25034.6,0.6106,60,Concessionária,2023,2,25,Autônomo,2477.83,,Própria,625.0,2,2,Sim,0
P003135,2025-12-01,31900.0,15905.34,0.4986,15994.66,0.5014,24,Concessionária,2020,5,38,CLT,2635.26,60.0,Alugada,675.0,2,1,Não,0
P003136,2025-09-01,36800.0,4688.32,0.1274,32111.68,0.8726,24,Concessionária,2023,2,28,CLT,2047.42,58.0,Alugada,428.0,3,1,Não,0
P003137,2025-08-01,71300.0,24434.51,0.3427,46865.49,0.6573,36,Revenda multimarca,2023,2,35,CLT,5605.21,4.0,Financiada,661.0,1,0,Não,0
P003138,2025-09-01,47700.0,7846.65,0.1645,39853.35,0.8355,24,Digital,2016,9,30,Autônomo,3923.48,80.0,Alugada,634.0,0,0,Não,0
P003139,2025-10-01,22000.0,6360.2,0.2891,15639.8,0.7109,36,Concessionária,2013,12,51,Autônomo,2346.41,38.0,Familiar,390.0,2,1,Não,0
P003140,2025-10-01,81400.0,21139.58,0.2597,60260.42,0.7403,24,Correspondente bancário,2020,5,62,Aposentado,7259.18,40.0,Financiada,908.0,0,1,Não,0
P003141,2025-12-01,46100.0,12013.66,0.2606,34086.34,0.7394,48,Revenda multimarca,2022,3,26,CLT,3627.51,70.0,Familiar,540.0,0,0,Não,0
P003142,2025-12-01,53000.0,8336.9,0.1573,44663.1,0.8427,60,Concessionária,2023,2,45,CLT,4067.92,42.0,Alugada,537.0,1,3,Não,0
P003143,2025-09-01,22000.0,11204.6,0.5093,10795.4,0.4907,48,Revenda multimarca,2018,7,31,Autônomo,1908.01,12.0,Própria,373.0,5,5,Não,0
P003144,2025-07-01,67400.0,28085.58,0.4167,39314.42,0.5833,60,Concessionária,2020,5,27,CLT,9052.79,40.0,Familiar,491.0,1,1,Não,0
P003145,2025-12-01,30900.0,4359.99,0.1411,26540.01,0.8589,48,Digital,2015,10,40,CLT,3541.15,31.0,Familiar,534.0,3,5,Não,0
P003146,2025-09-01,25800.0,4140.9,0.1605,21659.1,0.8395,24,Correspondente bancário,2013,12,35,CLT,1610.78,37.0,Financiada,461.0,3,1,Não,0
P003147,2025-10-01,39100.0,12351.69,0.3159,26748.31,0.6841,60,Correspondente bancário,2019,6,27,Autônomo,2594.84,20.0,Financiada,454.0,1,2,Não,0
P003148,2025-08-01,34300.0,6424.39,0.1873,27875.61,0.8127,60,Revenda multimarca,2017,8,33,CLT,,6.0,Alugada,547.0,1,1,Não,0
P003149,2025-09-01,51400.0,6245.1,0.1215,45154.9,0.8785,60,Concessionária,2020,5,38,Empresário,7975.03,30.0,Financiada,149.0,5,4,Sim,0
P003150,2025-10-01,55600.0,15100.96,0.2716,40499.04,0.7284,48,Correspondente bancário,2021,4,32,CLT,4522.19,10.0,Familiar,254.0,5,2,Sim,0
P003151,2025-10-01,23300.0,6901.46,0.2962,16398.54,0.7038,24,Concessionária,2020,5,30,Autônomo,,49.0,Familiar,646.0,1,0,Não,0
P003152,2025-12-01,26700.0,4047.72,0.1516,22652.28,0.8484,60,Concessionária,2022,3,42,CLT,1600.0,54.0,Financiada,397.0,5,1,Não,0
P003153,2025-12-01,22400.0,8512.0,0.38,13888.0,0.62,36,Correspondente bancário,2021,4,39,CLT,2528.36,46.0,Familiar,419.0,4,4,Não,0
P003154,2025-09-01,26800.0,9170.96,0.3422,17629.04,0.6578,60,Concessionária,2023,2,46,Servidor público,7251.5,106.0,Alugada,485.0,3,1,Sim,0
P003155,2025-12-01,57400.0,1199.66,0.0209,56200.34,0.9791,36,Correspondente bancário,2025,0,39,Autônomo,4024.96,26.0,Alugada,552.0,1,2,Não,0
P003156,2025-08-01,38700.0,8831.34,0.2282,29868.66,0.7718,60,Revenda multimarca,2019,6,22,Autônomo,4105.01,48.0,Financiada,492.0,1,3,Não,0
P003157,2025-12-01,22000.0,8756.0,0.398,13244.0,0.602,36,Revenda multimarca,2013,12,45,Servidor público,3768.72,5.0,Alugada,818.0,0,1,Não,0
P003158,2025-12-01,47400.0,17149.32,0.3618,30250.68,0.6382,60,Concessionária,2023,2,35,CLT,7268.47,204.0,Financiada,792.0,1,0,Não,0
P003159,2025-12-01,33000.0,4507.8,0.1366,28492.2,0.8634,36,Correspondente bancário,2024,1,38,CLT,3230.29,47.0,Financiada,513.0,2,0,Não,0
P003160,2025-07-01,35400.0,7041.06,0.1989,28358.94,0.8011,36,Digital,2016,9,61,Autônomo,4023.85,29.0,Alugada,702.0,2,1,Não,0
P003161,2025-08-01,70200.0,8395.92,0.1196,61804.08,0.8804,60,Revenda multimarca,2025,0,58,CLT,5538.19,13.0,Própria,724.0,0,0,Não,0
P003162,2025-08-01,62300.0,13649.93,0.2191,48650.07,0.7809,48,Concessionária,2024,1,46,Autônomo,6245.56,32.0,Própria,741.0,0,1,Não,0
P003163,2025-10-01,22000.0,440.0,0.02,21560.0,0.98,36,Correspondente bancário,2021,4,38,CLT,1994.81,59.0,Familiar,216.0,5,3,Sim,0
P003164,2025-07-01,24700.0,3952.0,0.16,20748.0,0.84,60,Concessionária,2024,1,52,Aposentado,3318.89,74.0,Própria,699.0,0,1,Não,0
P003165,2025-10-01,46900.0,18619.3,0.397,28280.7,0.603,36,Revenda multimarca,2016,9,43,Empresário,5614.05,58.0,Própria,462.0,5,1,Sim,0
P003166,2025-09-01,47100.0,6532.77,0.1387,40567.23,0.8613,24,Concessionária,2017,8,43,CLT,2237.2,53.0,Financiada,419.0,0,6,Não,0
P003167,2025-09-01,80000.0,46384.0,0.5798,33616.0,0.4202,48,Concessionária,2019,6,52,Servidor público,8313.83,85.0,Alugada,387.0,4,2,Não,0
P003168,2025-07-01,60600.0,3732.96,0.0616,56867.04,0.9384,24,Concessionária,2024,1,71,Aposentado,5702.55,51.0,Financiada,554.0,1,2,Não,0
P003169,2025-07-01,35400.0,1762.92,0.0498,33637.08,0.9502,36,Revenda multimarca,2017,8,33,CLT,1778.69,67.0,Alugada,494.0,3,2,Sim,0
P003170,2025-07-01,28700.0,3151.26,0.1098,25548.74,0.8902,24,Digital,2018,7,35,CLT,5293.16,36.0,Própria,724.0,1,0,Não,0
P003171,2025-10-01,37900.0,4980.06,0.1314,32919.94,0.8686,36,Revenda multimarca,2023,2,36,Autônomo,2601.29,48.0,Familiar,648.0,2,0,Não,0
P003172,2025-07-01,22000.0,8349.0,0.3795,13651.0,0.6205,36,Revenda multimarca,2019,6,51,Autônomo,2203.79,11.0,Alugada,707.0,0,1,Não,0
P003173,2025-10-01,70000.0,10633.0,0.1519,59367.0,0.8481,60,Concessionária,2018,7,48,Autônomo,5919.38,66.0,Alugada,702.0,1,4,Não,0
P003174,2025-09-01,35900.0,9603.25,0.2675,26296.75,0.7325,60,Concessionária,2020,5,44,CLT,2914.27,10.0,Financiada,428.0,5,0,Não,0
P003175,2025-10-01,32600.0,2816.64,0.0864,29783.36,0.9136,48,Concessionária,2021,4,71,Autônomo,2986.3,0.0,Alugada,506.0,1,3,Não,0
P003176,2025-11-01,59700.0,12148.95,0.2035,47551.05,0.7965,60,Digital,2023,2,52,CLT,4149.87,37.0,Própria,683.0,1,0,Não,0
P003177,2025-08-01,22000.0,440.0,0.02,21560.0,0.98,36,Concessionária,2018,7,53,CLT,3193.27,29.0,Própria,387.0,3,2,Não,0
P003178,2025-11-01,39700.0,1957.21,0.0493,37742.79,0.9507,60,Digital,2021,4,55,CLT,9380.71,4.0,Alugada,329.0,4,2,Não,0
P003179,2025-07-01,33600.0,806.4,0.024,32793.6,0.976,60,Revenda multimarca,2020,5,41,CLT,1918.23,119.0,Alugada,489.0,1,0,Sim,0
P003180,2025-07-01,149700.0,48637.53,0.3249,101062.47,0.6751,48,Digital,2024,1,28,Empresário,13953.71,61.0,Familiar,833.0,0,1,Não,0
P003181,2025-08-01,39700.0,2636.08,0.0664,37063.92,0.9336,60,Correspondente bancário,2017,8,47,CLT,4104.81,24.0,Própria,799.0,1,1,Sim,0
P003182,2025-08-01,49300.0,8726.1,0.177,40573.9,0.823,60,Revenda multimarca,2019,6,73,Aposentado,2837.7,24.0,Financiada,309.0,4,5,Sim,0
P003183,2025-10-01,32100.0,10997.46,0.3426,21102.54,0.6574,60,Revenda multimarca,2016,9,30,Autônomo,2175.75,5.0,Própria,579.0,0,2,Sim,0
P003184,2025-07-01,46400.0,1090.4,0.0235,45309.6,0.9765,24,Concessionária,2023,2,49,CLT,5292.16,25.0,Financiada,427.0,1,1,Não,0
P003185,2025-09-01,39800.0,10594.76,0.2662,29205.24,0.7338,36,Concessionária,2020,5,28,CLT,5003.1,75.0,Alugada,718.0,0,0,Não,0
P003186,2025-12-01,74600.0,8041.88,0.1078,66558.12,0.8922,60,Concessionária,2019,6,23,Servidor público,6991.96,60.0,Própria,687.0,0,0,Sim,0
P003187,2025-10-01,85400.0,26474.0,0.31,58926.0,0.69,24,Digital,2023,2,33,CLT,4503.51,35.0,Própria,606.0,2,0,Não,0
P003188,2025-12-01,50600.0,10762.62,0.2127,39837.38,0.7873,36,Concessionária,2022,3,29,Servidor público,8055.39,33.0,Própria,649.0,1,2,Não,0
P003189,2025-11-01,53600.0,16069.28,0.2998,37530.72,0.7002,60,Correspondente bancário,2024,1,31,CLT,6992.3,28.0,Familiar,557.0,1,4,Não,0
P003190,2025-08-01,22600.0,3028.4,0.134,19571.6,0.866,36,Concessionária,2023,2,46,Autônomo,5470.93,111.0,Financiada,559.0,0,1,Sim,0
P003191,2025-07-01,22000.0,2510.2,0.1141,19489.8,0.8859,48,Digital,2018,7,29,Autônomo,,37.0,Financiada,231.0,5,2,Sim,0
P003192,2025-09-01,31500.0,8876.7,0.2818,22623.3,0.7182,60,Correspondente bancário,2019,6,33,CLT,4068.55,12.0,Própria,713.0,0,3,Não,0
P003193,2025-10-01,22000.0,2035.0,0.0925,19965.0,0.9075,48,Correspondente bancário,2014,11,24,CLT,,1.0,Financiada,508.0,1,1,Sim,0
P003194,2025-09-01,22000.0,5121.6,0.2328,16878.4,0.7672,60,Concessionária,2023,2,31,Empresário,3126.44,64.0,Alugada,506.0,1,1,Sim,0
P003195,2025-08-01,24700.0,494.0,0.02,24206.0,0.98,36,Revenda multimarca,2022,3,54,Servidor público,6714.59,,Própria,525.0,0,2,Não,0
P003196,2025-07-01,23300.0,10012.01,0.4297,13287.99,0.5703,48,Revenda multimarca,2024,1,31,CLT,1981.28,8.0,Alugada,299.0,2,5,Sim,0
P003197,2025-08-01,38700.0,11880.9,0.307,26819.1,0.693,36,Concessionária,2020,5,38,CLT,6199.39,89.0,Alugada,485.0,3,2,Não,0
P003198,2025-12-01,67200.0,15019.2,0.2235,52180.8,0.7765,60,Concessionária,2019,6,46,Empresário,7851.49,54.0,Alugada,749.0,0,0,Não,0
P003199,2025-11-01,43900.0,2651.56,0.0604,41248.44,0.9396,36,Revenda multimarca,2021,4,29,Autônomo,5463.17,49.0,Própria,720.0,2,0,Não,0
P003200,2025-12-01,29400.0,3375.12,0.1148,26024.88,0.8852,48,Correspondente bancário,2022,3,38,CLT,4247.97,13.0,Própria,410.0,1,1,Não,0
P003201,2025-12-01,51000.0,4579.8,0.0898,46420.2,0.9102,48,Concessionária,2023,2,42,CLT,3797.11,78.0,Familiar,590.0,3,0,Sim,0
P003202,2025-10-01,26300.0,5985.88,0.2276,20314.12,0.7724,36,Digital,2017,8,69,CLT,1600.0,,Financiada,209.0,5,10,Sim,0
P003203,2025-07-01,108200.0,9738.0,0.09,98462.0,0.91,24,Digital,2024,1,45,Servidor público,39174.71,2.0,Familiar,900.0,0,0,Não,0
P003204,2025-10-01,22000.0,3660.8,0.1664,18339.2,0.8336,48,Revenda multimarca,2021,4,36,Servidor público,,54.0,Financiada,109.0,5,4,Sim,0
P003205,2025-10-01,108000.0,58039.2,0.5374,49960.8,0.4626,48,Correspondente bancário,2018,7,49,Autônomo,7026.57,,Própria,626.0,1,1,Não,0
P003206,2025-07-01,35400.0,5936.58,0.1677,29463.42,0.8323,60,Revenda multimarca,2024,1,30,Servidor público,2161.01,16.0,Alugada,540.0,4,0,Não,0
P003207,2025-07-01,48900.0,1740.84,0.0356,47159.16,0.9644,24,Digital,2019,6,51,Servidor público,7298.94,121.0,Alugada,523.0,0,7,Não,0
P003208,2025-10-01,54500.0,14873.05,0.2729,39626.95,0.7271,60,Correspondente bancário,2024,1,32,CLT,2975.4,62.0,Financiada,673.0,0,0,Não,0
P003209,2025-10-01,49800.0,23430.9,0.4705,26369.1,0.5295,36,Concessionária,2019,6,35,Autônomo,8622.59,90.0,Alugada,740.0,0,0,Não,0
P003210,2025-11-01,29700.0,10858.32,0.3656,18841.68,0.6344,48,Digital,2022,3,26,CLT,2756.67,29.0,Própria,775.0,0,1,Não,0
P003211,2025-12-01,96600.0,42668.22,0.4417,53931.78,0.5583,48,Revenda multimarca,2024,1,36,CLT,18384.64,,Familiar,829.0,1,0,Não,0
P003212,2025-09-01,52300.0,16437.89,0.3143,35862.11,0.6857,48,Digital,2019,6,38,CLT,7329.94,56.0,Própria,858.0,0,0,Não,0
P003213,2025-09-01,34700.0,8983.83,0.2589,25716.17,0.7411,48,Concessionária,2017,8,38,CLT,2487.59,96.0,Própria,544.0,1,1,Não,0
P003214,2025-08-01,50500.0,11069.6,0.2192,39430.4,0.7808,60,Concessionária,2021,4,31,Autônomo,6137.7,,Alugada,891.0,0,0,Não,0
P003215,2025-09-01,46700.0,9545.48,0.2044,37154.52,0.7956,48,Concessionária,2021,4,32,CLT,6927.93,20.0,Financiada,552.0,1,0,Não,0
P003216,2025-08-01,73100.0,10562.95,0.1445,62537.05,0.8555,60,Correspondente bancário,2022,3,43,Servidor público,9506.03,73.0,Alugada,364.0,3,2,Não,0
P003217,2025-12-01,29600.0,3279.68,0.1108,26320.32,0.8892,36,Concessionária,2016,9,54,CLT,2557.23,13.0,Alugada,253.0,5,6,Sim,0
P003218,2025-11-01,36700.0,5013.22,0.1366,31686.78,0.8634,60,Concessionária,2015,10,43,Autônomo,6861.66,10.0,Própria,598.0,1,1,Não,0
P003219,2025-11-01,72900.0,28379.97,0.3893,44520.03,0.6107,60,Digital,2020,5,75,Servidor público,2781.88,,Alugada,529.0,0,1,Não,0
P003220,2025-09-01,44700.0,13700.55,0.3065,30999.45,0.6935,48,Revenda multimarca,2020,5,40,CLT,,46.0,Financiada,485.0,2,1,Não,0
P003221,2025-07-01,33700.0,6649.01,0.1973,27050.99,0.8027,48,Revenda multimarca,2023,2,23,CLT,1600.0,26.0,Própria,513.0,3,4,Não,0
P003222,2025-12-01,37300.0,16251.61,0.4357,21048.39,0.5643,48,Revenda multimarca,2022,3,36,Autônomo,1600.0,20.0,Alugada,342.0,5,7,Não,0
P003223,2025-07-01,25000.0,500.0,0.02,24500.0,0.98,48,Correspondente bancário,2022,3,44,Autônomo,6446.46,122.0,Familiar,355.0,4,3,Sim,0
P003224,2025-08-01,22200.0,7541.34,0.3397,14658.66,0.6603,48,Revenda multimarca,2022,3,33,CLT,3728.69,36.0,Própria,375.0,2,0,Sim,0
P003225,2025-09-01,23300.0,3471.7,0.149,19828.3,0.851,36,Digital,2014,11,36,CLT,3804.91,91.0,Própria,734.0,0,2,Não,0
P003226,2025-10-01,23400.0,2190.24,0.0936,21209.76,0.9064,48,Digital,2018,7,27,CLT,2878.59,108.0,Financiada,571.0,1,4,Não,0
P003227,2025-08-01,37600.0,4568.4,0.1215,33031.6,0.8785,60,Revenda multimarca,2024,1,47,Autônomo,2617.11,94.0,Própria,546.0,0,4,Não,0
P003228,2025-10-01,87700.0,31405.37,0.3581,56294.63,0.6419,24,Concessionária,2023,2,32,CLT,4008.46,19.0,Própria,657.0,0,1,Não,0
P003229,2025-07-01,63400.0,37748.36,0.5954,25651.64,0.4046,48,Revenda multimarca,2020,5,32,CLT,7721.84,14.0,Própria,838.0,0,0,Não,0
P003230,2025-11-01,23800.0,8713.18,0.3661,15086.82,0.6339,48,Concessionária,2019,6,75,Autônomo,3873.16,68.0,Própria,389.0,1,0,Sim,0
P003231,2025-09-01,24300.0,9243.72,0.3804,15056.28,0.6196,36,Revenda multimarca,2021,4,28,CLT,4926.17,,Financiada,542.0,1,2,Não,0
P003232,2025-08-01,33700.0,14814.52,0.4396,18885.48,0.5604,48,Concessionária,2019,6,52,Autônomo,3110.72,36.0,Alugada,698.0,0,0,Não,0
P003233,2025-08-01,22000.0,2164.8,0.0984,19835.2,0.9016,48,Concessionária,2014,11,33,CLT,1866.37,180.0,Alugada,268.0,5,4,Sim,0
P003234,2025-07-01,66800.0,1336.0,0.02,65464.0,0.98,24,Concessionária,2023,2,27,CLT,5581.45,,Financiada,684.0,1,0,Não,0
P003235,2025-10-01,30700.0,5231.28,0.1704,25468.72,0.8296,48,Revenda multimarca,2023,2,26,Autônomo,3805.98,33.0,Própria,702.0,0,2,Não,0
P003236,2025-10-01,49600.0,11353.44,0.2289,38246.56,0.7711,36,Digital,2018,7,29,CLT,7736.76,14.0,Própria,682.0,3,1,Não,0
P003237,2025-12-01,57300.0,22232.4,0.388,35067.6,0.612,60,Revenda multimarca,2023,2,41,Autônomo,4495.81,22.0,Financiada,747.0,3,1,Não,0
P003238,2025-08-01,24700.0,1687.01,0.0683,23012.99,0.9317,48,Concessionária,2014,11,41,CLT,5258.34,,Própria,551.0,0,1,Sim,0
P003239,2025-10-01,47400.0,5688.0,0.12,41712.0,0.88,36,Revenda multimarca,2019,6,54,Autônomo,8477.39,8.0,Familiar,625.0,0,0,Não,0
P003240,2025-11-01,38900.0,27101.63,0.6967,11798.37,0.3033,48,Concessionária,2024,1,46,Servidor público,5316.61,137.0,Financiada,511.0,0,3,Não,0
P003241,2025-09-01,32400.0,12645.72,0.3903,19754.28,0.6097,48,Concessionária,2023,2,30,CLT,8745.39,21.0,Financiada,731.0,1,0,Não,0
P003242,2025-10-01,28000.0,6370.0,0.2275,21630.0,0.7725,60,Digital,2020,5,55,Autônomo,2843.18,38.0,Financiada,529.0,2,1,Sim,0
P003243,2025-11-01,27100.0,2850.92,0.1052,24249.08,0.8948,48,Digital,2018,7,38,CLT,1600.0,,Própria,455.0,4,1,Não,0
P003244,2025-09-01,46600.0,20089.26,0.4311,26510.74,0.5689,60,Revenda multimarca,2020,5,42,Autônomo,1600.0,13.0,Financiada,395.0,5,3,Não,0
P003245,2025-10-01,22200.0,1787.1,0.0805,20412.9,0.9195,60,Digital,2020,5,26,CLT,1600.0,59.0,Alugada,468.0,4,2,Sim,0
P003246,2025-08-01,33800.0,3423.94,0.1013,30376.06,0.8987,60,Correspondente bancário,2017,8,27,CLT,2434.88,98.0,Financiada,335.0,5,0,Não,0
P003247,2025-12-01,42900.0,5302.44,0.1236,37597.56,0.8764,60,Concessionária,2018,7,44,Servidor público,,,Financiada,411.0,5,3,Sim,0
P003248,2025-08-01,59100.0,25460.28,0.4308,33639.72,0.5692,24,Concessionária,2023,2,26,CLT,3304.6,4.0,Alugada,822.0,0,0,Sim,0
P003249,2025-09-01,33600.0,4586.4,0.1365,29013.6,0.8635,24,Concessionária,2020,5,25,CLT,7792.53,18.0,Financiada,587.0,1,2,Não,0
P003250,2025-08-01,35800.0,10535.94,0.2943,25264.06,0.7057,48,Digital,2016,9,38,CLT,5396.63,43.0,Financiada,603.0,1,0,Sim,0
P003251,2025-10-01,22000.0,8857.2,0.4026,13142.8,0.5974,36,Concessionária,2024,1,35,CLT,3843.7,74.0,Própria,433.0,5,1,Não,0
P003252,2025-08-01,55000.0,5720.0,0.104,49280.0,0.896,48,Correspondente bancário,2023,2,54,CLT,4906.1,93.0,Própria,536.0,1,4,Não,0
P003253,2025-09-01,22000.0,7352.4,0.3342,14647.6,0.6658,24,Revenda multimarca,2021,4,31,CLT,1797.34,95.0,Alugada,,5,1,Não,0
P003254,2025-12-01,51400.0,11888.82,0.2313,39511.18,0.7687,60,Correspondente bancário,2025,0,28,Autônomo,7326.41,32.0,Alugada,761.0,0,1,Não,0
P003255,2025-09-01,37300.0,5863.56,0.1572,31436.44,0.8428,36,Digital,2022,3,42,Autônomo,3442.79,14.0,Alugada,529.0,2,1,Não,0
P003256,2025-08-01,23400.0,5959.98,0.2547,17440.02,0.7453,48,Correspondente bancário,2022,3,62,CLT,3707.76,118.0,Alugada,350.0,4,4,Não,0
P003257,2025-08-01,51300.0,9752.13,0.1901,41547.87,0.8099,24,Digital,2022,3,72,CLT,5357.17,51.0,Financiada,573.0,0,1,Não,0
P003258,2025-11-01,53200.0,24487.96,0.4603,28712.04,0.5397,60,Concessionária,2014,11,54,CLT,1600.0,9.0,Alugada,301.0,3,3,Não,0
P003259,2025-07-01,37600.0,2504.16,0.0666,35095.84,0.9334,60,Revenda multimarca,2020,5,36,Empresário,3374.77,43.0,Financiada,422.0,2,1,Não,0
P003260,2025-08-01,22000.0,3927.0,0.1785,18073.0,0.8215,36,Concessionária,2023,2,44,Empresário,5272.5,,Familiar,265.0,5,8,Sim,0
P003261,2025-11-01,33800.0,6219.2,0.184,27580.8,0.816,24,Concessionária,2024,1,26,Autônomo,,58.0,Familiar,504.0,1,1,Não,0
P003262,2025-11-01,47200.0,10865.44,0.2302,36334.56,0.7698,36,Revenda multimarca,2019,6,62,CLT,3874.15,29.0,Alugada,641.0,2,1,Não,0
P003263,2025-09-01,26000.0,4318.6,0.1661,21681.4,0.8339,60,Concessionária,2022,3,37,Autônomo,2594.58,,Financiada,500.0,0,5,Não,0
P003264,2025-10-01,33400.0,7187.68,0.2152,26212.32,0.7848,60,Revenda multimarca,2024,1,40,Autônomo,5106.5,2.0,Própria,887.0,1,0,Não,0
P003265,2025-11-01,43700.0,10037.89,0.2297,33662.11,0.7703,60,Revenda multimarca,2020,5,32,Autônomo,5408.78,45.0,Alugada,503.0,0,0,Não,0
P003266,2025-11-01,24900.0,4096.05,0.1645,20803.95,0.8355,36,Digital,2019,6,35,CLT,2844.31,27.0,Alugada,724.0,1,1,Não,0
P003267,2025-09-01,38600.0,7920.72,0.2052,30679.28,0.7948,24,Digital,2019,6,60,Empresário,4964.29,24.0,Própria,545.0,2,2,Sim,0
P003268,2025-11-01,22000.0,4505.6,0.2048,17494.4,0.7952,36,Concessionária,2023,2,30,CLT,1964.2,56.0,Alugada,460.0,2,2,Não,0
P003269,2025-12-01,36700.0,10323.71,0.2813,26376.29,0.7187,24,Digital,2018,7,41,CLT,,22.0,Alugada,541.0,2,3,Não,0
P003270,2025-12-01,43900.0,13314.87,0.3033,30585.13,0.6967,60,Concessionária,2024,1,34,Autônomo,4712.04,30.0,Alugada,708.0,0,0,Não,0
P003271,2025-12-01,82500.0,18455.25,0.2237,64044.75,0.7763,48,Digital,2024,1,57,Servidor público,6937.78,,Financiada,518.0,1,1,Sim,0
P003272,2025-09-01,92500.0,46536.75,0.5031,45963.25,0.4969,36,Concessionária,2022,3,58,Servidor público,22418.26,,Familiar,515.0,0,3,Não,0
P003273,2025-11-01,26200.0,10265.16,0.3918,15934.84,0.6082,24,Digital,2023,2,44,CLT,3000.56,162.0,Própria,586.0,1,0,Não,0
P003274,2025-11-01,65600.0,22841.92,0.3482,42758.08,0.6518,60,Concessionária,2023,2,27,CLT,3880.3,37.0,Alugada,571.0,0,2,Não,0
P003275,2025-09-01,60300.0,6542.55,0.1085,53757.45,0.8915,48,Revenda multimarca,2019,6,37,CLT,11567.84,,Alugada,652.0,2,1,Não,0
P003276,2025-07-01,28800.0,3300.48,0.1146,25499.52,0.8854,36,Correspondente bancário,2024,1,27,CLT,2146.35,73.0,Financiada,359.0,5,2,Sim,0
P003277,2025-08-01,35500.0,17884.9,0.5038,17615.1,0.4962,36,Concessionária,2024,1,44,Servidor público,5882.61,37.0,Própria,516.0,1,4,Não,0
P003278,2025-08-01,22000.0,6459.2,0.2936,15540.8,0.7064,36,Correspondente bancário,2017,8,37,Autônomo,,21.0,Própria,86.0,5,6,Sim,0
P003279,2025-07-01,36000.0,14677.2,0.4077,21322.8,0.5923,36,Digital,2023,2,68,Aposentado,7790.4,473.0,Financiada,729.0,0,1,Não,0
P003280,2025-12-01,49300.0,986.0,0.02,48314.0,0.98,36,Correspondente bancário,2021,4,62,CLT,,73.0,Própria,725.0,0,2,Sim,0
P003281,2025-09-01,42500.0,7633.0,0.1796,34867.0,0.8204,36,Revenda multimarca,2019,6,48,CLT,2923.66,46.0,Alugada,499.0,3,4,Não,0
P003282,2025-11-01,40200.0,11191.68,0.2784,29008.32,0.7216,24,Concessionária,2022,3,30,Autônomo,3511.96,23.0,Própria,652.0,0,0,Não,0
P003283,2025-09-01,26000.0,1209.0,0.0465,24791.0,0.9535,48,Revenda multimarca,2021,4,27,CLT,4154.75,37.0,Própria,453.0,3,2,Não,0
P003284,2025-07-01,61100.0,12629.37,0.2067,48470.63,0.7933,36,Concessionária,2023,2,37,CLT,,27.0,Alugada,764.0,1,1,Não,0
P003285,2025-07-01,22000.0,5020.4,0.2282,16979.6,0.7718,48,Digital,2022,3,51,Autônomo,1600.0,18.0,Alugada,479.0,4,1,Não,0
P003286,2025-10-01,56000.0,28823.2,0.5147,27176.8,0.4853,36,Revenda multimarca,2023,2,44,CLT,5952.46,87.0,Própria,434.0,3,3,Não,0
P003287,2025-07-01,26900.0,4365.87,0.1623,22534.13,0.8377,48,Revenda multimarca,2020,5,22,Autônomo,2271.1,21.0,Própria,400.0,1,1,Sim,0
P003288,2025-10-01,63700.0,13275.08,0.2084,50424.92,0.7916,24,Revenda multimarca,2025,0,27,CLT,5610.84,,Própria,822.0,0,2,Não,0
P003289,2025-12-01,40200.0,21768.3,0.5415,18431.7,0.4585,36,Revenda multimarca,2020,5,44,Autônomo,3730.57,61.0,Financiada,829.0,0,0,Não,0
P003290,2025-08-01,67900.0,5622.12,0.0828,62277.88,0.9172,24,Concessionária,2019,6,32,CLT,5807.01,49.0,Alugada,541.0,0,1,Sim,0
P003291,2025-10-01,22000.0,1172.6,0.0533,20827.4,0.9467,48,Revenda multimarca,2015,10,23,CLT,1600.0,34.0,Própria,413.0,3,0,Não,0
P003292,2025-12-01,48400.0,14311.88,0.2957,34088.12,0.7043,60,Concessionária,2018,7,38,CLT,6743.65,17.0,Alugada,640.0,0,2,Não,0
P003293,2025-10-01,48800.0,11990.16,0.2457,36809.84,0.7543,24,Revenda multimarca,2020,5,34,CLT,5719.9,26.0,Alugada,591.0,1,4,Não,0
P003294,2025-08-01,40900.0,2470.36,0.0604,38429.64,0.9396,48,Concessionária,2022,3,72,Aposentado,2013.76,204.0,Familiar,478.0,5,3,Sim,0
P003295,2025-07-01,53000.0,4738.2,0.0894,48261.8,0.9106,24,Concessionária,2023,2,38,CLT,8875.2,25.0,Própria,515.0,0,3,Não,0
P003296,2025-11-01,78400.0,16699.2,0.213,61700.8,0.787,36,Correspondente bancário,2018,7,32,CLT,5607.28,5.0,Alugada,438.0,5,2,Não,0
P003297,2025-10-01,44700.0,13566.45,0.3035,31133.55,0.6965,48,Correspondente bancário,2020,5,49,Empresário,,19.0,Própria,,5,3,Não,0
P003298,2025-12-01,54000.0,9936.0,0.184,44064.0,0.816,48,Revenda multimarca,2021,4,37,Servidor público,3805.79,225.0,Própria,378.0,4,2,Não,0
P003299,2025-10-01,26100.0,5481.0,0.21,20619.0,0.79,48,Revenda multimarca,2018,7,59,CLT,1856.52,,Alugada,559.0,2,3,Não,0
P003300,2025-09-01,61100.0,8486.79,0.1389,52613.21,0.8611,60,Concessionária,2016,9,66,Aposentado,5270.54,54.0,Alugada,565.0,1,2,Não,0
P003301,2025-10-01,31300.0,4745.08,0.1516,26554.92,0.8484,24,Correspondente bancário,2016,9,43,CLT,2188.06,133.0,Alugada,582.0,0,1,Sim,0
P003302,2025-07-01,22000.0,2952.4,0.1342,19047.6,0.8658,60,Concessionária,2019,6,37,CLT,1601.28,31.0,Alugada,450.0,1,10,Não,0
P003303,2025-11-01,42700.0,10926.93,0.2559,31773.07,0.7441,60,Digital,2021,4,32,Servidor público,6870.21,107.0,Própria,482.0,1,2,Não,0
P003304,2025-10-01,70300.0,7936.87,0.1129,62363.13,0.8871,24,Revenda multimarca,2020,5,39,Servidor público,7894.78,23.0,Alugada,704.0,0,3,Não,0
P003305,2025-11-01,22000.0,4602.4,0.2092,17397.6,0.7908,60,Digital,2022,3,26,CLT,2613.93,18.0,Própria,316.0,5,3,Não,0
P003306,2025-10-01,22000.0,4048.0,0.184,17952.0,0.816,48,Concessionária,2023,2,55,CLT,2712.5,37.0,Familiar,632.0,0,3,Não,0
P003307,2025-12-01,38100.0,14710.41,0.3861,23389.59,0.6139,48,Concessionária,2018,7,55,CLT,4715.99,7.0,Familiar,719.0,2,3,Não,0
P003308,2025-09-01,34600.0,5982.34,0.1729,28617.66,0.8271,24,Digital,2015,10,28,CLT,7700.49,46.0,Alugada,556.0,0,4,Não,0
P003309,2025-12-01,22000.0,13230.8,0.6014,8769.2,0.3986,36,Correspondente bancário,2015,10,33,CLT,3011.84,127.0,Própria,236.0,5,8,Sim,0
P003310,2025-12-01,22000.0,5970.8,0.2714,16029.2,0.7286,36,Revenda multimarca,2013,12,30,CLT,1754.85,78.0,Financiada,298.0,5,1,Não,0
P003311,2025-11-01,22000.0,1291.4,0.0587,20708.6,0.9413,48,Revenda multimarca,2024,1,49,CLT,,108.0,Financiada,194.0,5,5,Não,0
P003312,2025-07-01,54600.0,3685.5,0.0675,50914.5,0.9325,48,Digital,2021,4,49,CLT,,37.0,Familiar,476.0,3,4,Sim,0
P003313,2025-08-01,30600.0,4213.62,0.1377,26386.38,0.8623,36,Revenda multimarca,2013,12,49,Empresário,5988.37,27.0,Própria,708.0,0,0,Não,0
P003314,2025-07-01,63700.0,15001.35,0.2355,48698.65,0.7645,24,Revenda multimarca,2014,11,61,Aposentado,4693.18,13.0,Alugada,439.0,1,3,Não,0
P003315,2025-08-01,139600.0,9339.24,0.0669,130260.76,0.9331,48,Digital,2022,3,41,Servidor público,6044.63,90.0,Alugada,540.0,0,2,Não,0
P003316,2025-07-01,32400.0,4704.48,0.1452,27695.52,0.8548,48,Concessionária,2022,3,36,CLT,2724.75,37.0,Alugada,516.0,3,4,Não,0
P003317,2025-08-01,66000.0,9035.4,0.1369,56964.6,0.8631,48,Concessionária,2023,2,71,Aposentado,3387.01,213.0,Familiar,348.0,4,2,Não,0
P003318,2025-07-01,36500.0,9511.9,0.2606,26988.1,0.7394,48,Revenda multimarca,2020,5,24,CLT,2658.41,72.0,Alugada,404.0,3,2,Sim,0
P003319,2025-11-01,27800.0,12540.58,0.4511,15259.42,0.5489,24,Revenda multimarca,2019,6,36,CLT,3244.47,94.0,Própria,561.0,0,1,Não,0
P003320,2025-12-01,54700.0,13855.51,0.2533,40844.49,0.7467,36,Digital,2023,2,32,CLT,3261.37,,Alugada,724.0,0,0,Não,0
P003321,2025-10-01,50000.0,20315.0,0.4063,29685.0,0.5937,60,Revenda multimarca,2023,2,47,Empresário,,44.0,Própria,570.0,1,0,Não,0
P003322,2025-11-01,31500.0,1430.1,0.0454,30069.9,0.9546,24,Revenda multimarca,2023,2,27,Empresário,6247.91,20.0,Própria,463.0,0,2,Sim,0
P003323,2025-10-01,31700.0,7154.69,0.2257,24545.31,0.7743,36,Concessionária,2023,2,52,Servidor público,10037.66,21.0,Financiada,505.0,1,0,Não,0
P003324,2025-07-01,42300.0,846.0,0.02,41454.0,0.98,48,Correspondente bancário,2024,1,63,Aposentado,1600.0,20.0,Alugada,495.0,2,3,Sim,0
P003325,2025-11-01,34500.0,3712.2,0.1076,30787.8,0.8924,36,Correspondente bancário,2016,9,33,CLT,2131.23,,Financiada,317.0,5,6,Sim,0
P003326,2025-08-01,24200.0,16056.7,0.6635,8143.3,0.3365,24,Concessionária,2021,4,30,Autônomo,1952.21,,Financiada,637.0,1,0,Não,0
P003327,2025-09-01,118800.0,13875.84,0.1168,104924.16,0.8832,48,Concessionária,2017,8,68,Aposentado,9259.57,151.0,Familiar,680.0,0,1,Sim,0
P003328,2025-08-01,24100.0,4325.95,0.1795,19774.05,0.8205,48,Concessionária,2021,4,29,Servidor público,,105.0,Alugada,640.0,0,0,Não,0
P003329,2025-11-01,26000.0,5439.2,0.2092,20560.8,0.7908,24,Concessionária,2022,3,41,Autônomo,4980.41,68.0,Familiar,731.0,0,0,Não,0
P003330,2025-11-01,36800.0,13075.04,0.3553,23724.96,0.6447,24,Revenda multimarca,2023,2,33,Empresário,3206.16,52.0,Familiar,559.0,3,3,Não,0
P003331,2025-10-01,56800.0,4260.0,0.075,52540.0,0.925,36,Correspondente bancário,2017,8,25,Autônomo,1600.0,,Alugada,332.0,5,1,Não,0
P003332,2025-12-01,113400.0,18608.94,0.1641,94791.06,0.8359,60,Revenda multimarca,2024,1,48,Servidor público,18280.04,140.0,Própria,692.0,0,0,Sim,0
P003333,2025-11-01,35800.0,1367.56,0.0382,34432.44,0.9618,48,Revenda multimarca,2023,2,40,Empresário,3149.26,89.0,Própria,359.0,5,3,Sim,0
P003334,2025-11-01,33200.0,7968.0,0.24,25232.0,0.76,36,Correspondente bancário,2013,12,49,CLT,5923.18,10.0,Financiada,474.0,1,2,Não,0
P003335,2025-12-01,29900.0,6374.68,0.2132,23525.32,0.7868,60,Digital,2020,5,39,CLT,2753.04,40.0,Familiar,397.0,2,0,Sim,0
P003336,2025-08-01,102600.0,32165.1,0.3135,70434.9,0.6865,48,Concessionária,2014,11,35,CLT,4637.18,68.0,Financiada,731.0,0,0,Não,0
P003337,2025-09-01,35400.0,7094.16,0.2004,28305.84,0.7996,60,Concessionária,2018,7,37,Autônomo,1600.0,9.0,Financiada,486.0,0,1,Não,0
P003338,2025-07-01,54200.0,21121.74,0.3897,33078.26,0.6103,36,Concessionária,2024,1,57,CLT,4346.48,23.0,Financiada,470.0,0,0,Sim,0
P003339,2025-08-01,40900.0,8740.33,0.2137,32159.67,0.7863,48,Revenda multimarca,2018,7,24,CLT,5596.32,30.0,Alugada,237.0,5,5,Sim,0
P003340,2025-09-01,43300.0,3373.07,0.0779,39926.93,0.9221,36,Concessionária,2019,6,33,Autônomo,5619.64,29.0,Própria,454.0,3,2,Não,0
P003341,2025-12-01,36800.0,14620.64,0.3973,22179.36,0.6027,24,Concessionária,2021,4,48,Autônomo,2536.04,33.0,Alugada,459.0,2,2,Não,0
P003342,2025-11-01,27400.0,7411.7,0.2705,19988.3,0.7295,48,Digital,2017,8,26,CLT,2628.29,95.0,Alugada,327.0,5,2,Não,0
P003343,2025-12-01,27500.0,2527.25,0.0919,24972.75,0.9081,48,Concessionária,2021,4,31,CLT,3241.45,103.0,Financiada,528.0,1,2,Sim,0
P003344,2025-10-01,22000.0,8780.2,0.3991,13219.8,0.6009,24,Digital,2021,4,33,CLT,2352.41,35.0,Alugada,391.0,3,0,Sim,0
P003345,2025-09-01,29500.0,5074.0,0.172,24426.0,0.828,24,Digital,2019,6,28,Autônomo,,,Alugada,491.0,1,4,Sim,0
P003346,2025-12-01,82500.0,29609.25,0.3589,52890.75,0.6411,48,Revenda multimarca,2021,4,34,CLT,,,Financiada,638.0,0,0,Sim,0
P003347,2025-12-01,175300.0,54781.25,0.3125,120518.75,0.6875,60,Concessionária,2020,5,43,Empresário,10657.31,,Própria,674.0,1,0,Não,0
P003348,2025-08-01,30900.0,9770.58,0.3162,21129.42,0.6838,60,Digital,2023,2,25,Autônomo,1666.22,26.0,Financiada,712.0,0,1,Não,0
P003349,2025-10-01,32400.0,9801.0,0.3025,22599.0,0.6975,48,Revenda multimarca,2019,6,35,CLT,,23.0,Financiada,713.0,1,3,Não,0
P003350,2025-10-01,22000.0,2987.6,0.1358,19012.4,0.8642,36,Concessionária,2023,2,42,CLT,4110.99,,Própria,375.0,3,5,Não,0
P003351,2025-11-01,26700.0,953.19,0.0357,25746.81,0.9643,48,Digital,2013,12,30,Autônomo,1758.0,27.0,Alugada,500.0,3,3,Sim,0
P003352,2025-07-01,105300.0,17627.22,0.1674,87672.78,0.8326,48,Revenda multimarca,2021,4,67,Aposentado,12212.61,70.0,Familiar,512.0,1,2,Não,0
P003353,2025-11-01,51500.0,5824.65,0.1131,45675.35,0.8869,48,Revenda multimarca,2023,2,75,Aposentado,11338.66,314.0,Própria,799.0,0,1,Não,0
P003354,2025-08-01,69800.0,29022.84,0.4158,40777.16,0.5842,36,Revenda multimarca,2020,5,34,CLT,,1.0,Financiada,636.0,1,2,Não,0
P003355,2025-07-01,22100.0,2711.67,0.1227,19388.33,0.8773,60,Concessionária,2017,8,37,Autônomo,1600.0,,Financiada,,4,1,Não,0
P003356,2025-09-01,37300.0,5333.9,0.143,31966.1,0.857,36,Digital,2022,3,26,Autônomo,2544.41,22.0,Familiar,575.0,2,1,Não,0
P003357,2025-09-01,72800.0,5605.6,0.077,67194.4,0.923,60,Concessionária,2022,3,55,CLT,4877.35,71.0,Alugada,792.0,0,1,Não,0
P003358,2025-08-01,59900.0,3102.82,0.0518,56797.18,0.9482,48,Revenda multimarca,2023,2,36,CLT,,68.0,Financiada,590.0,0,2,Sim,0
P003359,2025-09-01,32400.0,10688.76,0.3299,21711.24,0.6701,36,Concessionária,2019,6,39,Autônomo,,135.0,Própria,474.0,0,4,Não,0
P003360,2025-12-01,71100.0,11070.27,0.1557,60029.73,0.8443,36,Correspondente bancário,2020,5,39,Autônomo,9117.58,57.0,Alugada,866.0,0,2,Não,0
P003361,2025-09-01,44200.0,4817.8,0.109,39382.2,0.891,36,Revenda multimarca,2021,4,60,Servidor público,8554.36,62.0,Familiar,532.0,2,1,Não,0
P003362,2025-07-01,36800.0,8088.64,0.2198,28711.36,0.7802,60,Digital,2024,1,45,Autônomo,,27.0,Alugada,874.0,0,0,Não,0
P003363,2025-12-01,35700.0,5226.48,0.1464,30473.52,0.8536,36,Digital,2024,1,34,Autônomo,3858.84,37.0,Financiada,558.0,1,3,Sim,0
P003364,2025-07-01,47100.0,13795.59,0.2929,33304.41,0.7071,36,Concessionária,2021,4,36,CLT,3788.88,,Própria,542.0,1,4,Não,0
P003365,2025-12-01,36000.0,7678.8,0.2133,28321.2,0.7867,60,Revenda multimarca,2017,8,22,CLT,2720.54,48.0,Própria,,1,3,Não,0
P003366,2025-10-01,43700.0,6502.56,0.1488,37197.44,0.8512,48,Concessionária,2020,5,29,Autônomo,3709.14,54.0,Alugada,557.0,1,0,Não,0
P003367,2025-11-01,24900.0,1118.01,0.0449,23781.99,0.9551,48,Concessionária,2022,3,33,CLT,3023.73,120.0,Financiada,462.0,3,2,Não,0
P003368,2025-08-01,26800.0,5003.56,0.1867,21796.44,0.8133,60,Revenda multimarca,2021,4,30,Servidor público,2765.26,69.0,Familiar,411.0,0,5,Sim,0
P003369,2025-08-01,38700.0,2198.16,0.0568,36501.84,0.9432,48,Revenda multimarca,2023,2,36,CLT,3617.44,11.0,Própria,,5,2,Sim,0
P003370,2025-12-01,65200.0,39674.2,0.6085,25525.8,0.3915,48,Concessionária,2023,2,28,Empresário,4886.17,4.0,Própria,759.0,0,0,Não,0
P003371,2025-09-01,22900.0,5800.57,0.2533,17099.43,0.7467,48,Revenda multimarca,2020,5,28,CLT,2699.2,12.0,Própria,554.0,1,0,Não,0
P003372,2025-12-01,41800.0,4681.6,0.112,37118.4,0.888,60,Concessionária,2025,0,68,Aposentado,8215.34,412.0,Própria,771.0,0,0,Não,0
P003373,2025-12-01,55400.0,4886.28,0.0882,50513.72,0.9118,48,Concessionária,2023,2,58,Empresário,8561.88,10.0,Familiar,595.0,0,0,Sim,0
P003374,2025-09-01,50300.0,6755.29,0.1343,43544.71,0.8657,36,Revenda multimarca,2023,2,48,CLT,10616.56,,Alugada,571.0,3,1,Não,0
P003375,2025-12-01,52900.0,12934.05,0.2445,39965.95,0.7555,48,Revenda multimarca,2021,4,49,CLT,12266.96,17.0,Própria,515.0,2,1,Sim,0
P003376,2025-07-01,26000.0,8816.6,0.3391,17183.4,0.6609,48,Concessionária,2022,3,75,CLT,6521.44,37.0,Financiada,537.0,2,0,Sim,0
P003377,2025-07-01,33700.0,15690.72,0.4656,18009.28,0.5344,24,Digital,2015,10,44,Autônomo,3014.12,82.0,Própria,563.0,1,2,Não,0
P003378,2025-07-01,40700.0,2714.69,0.0667,37985.31,0.9333,60,Correspondente bancário,2023,2,31,CLT,9426.57,37.0,Familiar,707.0,0,1,Não,0
P003379,2025-12-01,51400.0,9848.24,0.1916,41551.76,0.8084,48,Revenda multimarca,2017,8,45,CLT,3582.5,,Financiada,566.0,0,2,Não,0
P003380,2025-12-01,76900.0,7251.67,0.0943,69648.33,0.9057,24,Revenda multimarca,2020,5,51,Autônomo,6011.14,48.0,Alugada,457.0,1,4,Não,0
P003381,2025-12-01,86200.0,26196.18,0.3039,60003.82,0.6961,60,Concessionária,2022,3,42,Servidor público,11735.03,60.0,Alugada,606.0,0,3,Não,0
P003382,2025-07-01,25000.0,5580.0,0.2232,19420.0,0.7768,60,Concessionária,2024,1,25,CLT,4555.11,,Financiada,710.0,0,0,Não,0
P003383,2025-09-01,40900.0,2139.07,0.0523,38760.93,0.9477,24,Correspondente bancário,2021,4,48,CLT,4653.92,75.0,Alugada,565.0,2,4,Sim,0
P003384,2025-11-01,56700.0,1134.0,0.02,55566.0,0.98,60,Correspondente bancário,2024,1,27,Empresário,11126.08,42.0,Financiada,494.0,3,4,Sim,0
P003385,2025-11-01,73900.0,19103.15,0.2585,54796.85,0.7415,36,Revenda multimarca,2021,4,52,Autônomo,5818.77,46.0,Própria,572.0,0,2,Não,0
P003386,2025-10-01,51400.0,29611.54,0.5761,21788.46,0.4239,60,Revenda multimarca,2020,5,49,Autônomo,2443.41,26.0,Financiada,540.0,3,2,Não,0
P003387,2025-08-01,26100.0,4181.22,0.1602,21918.78,0.8398,60,Concessionária,2016,9,23,CLT,3038.98,,Familiar,561.0,4,3,Não,0
P003388,2025-09-01,44500.0,4142.95,0.0931,40357.05,0.9069,48,Revenda multimarca,2017,8,30,Servidor público,3582.01,82.0,Alugada,204.0,5,3,Sim,0
P003389,2025-11-01,22000.0,7759.4,0.3527,14240.6,0.6473,36,Revenda multimarca,2015,10,34,Servidor público,4200.68,163.0,Própria,600.0,2,2,Não,0
P003390,2025-11-01,32500.0,7816.25,0.2405,24683.75,0.7595,24,Correspondente bancário,2022,3,63,Autônomo,,19.0,Alugada,555.0,0,3,Não,0
P003391,2025-08-01,35800.0,4378.34,0.1223,31421.66,0.8777,48,Revenda multimarca,2023,2,61,Aposentado,3806.89,226.0,Financiada,327.0,2,2,Não,0
P003392,2025-11-01,29100.0,8142.18,0.2798,20957.82,0.7202,60,Revenda multimarca,2013,12,34,CLT,2623.03,78.0,Financiada,460.0,3,1,Não,0
P003393,2025-08-01,26900.0,3004.73,0.1117,23895.27,0.8883,36,Revenda multimarca,2016,9,45,CLT,1600.0,53.0,Própria,502.0,1,2,Sim,0
P003394,2025-12-01,22900.0,6673.06,0.2914,16226.94,0.7086,24,Revenda multimarca,2024,1,23,CLT,3436.26,60.0,Alugada,573.0,1,1,Não,0
P003395,2025-11-01,38600.0,11993.02,0.3107,26606.98,0.6893,36,Revenda multimarca,2022,3,36,CLT,4552.56,50.0,Alugada,490.0,1,3,Não,0
P003396,2025-07-01,22000.0,2629.0,0.1195,19371.0,0.8805,48,Correspondente bancário,2023,2,38,CLT,2019.97,50.0,Própria,292.0,5,7,Sim,0
P003397,2025-08-01,54500.0,13488.75,0.2475,41011.25,0.7525,48,Revenda multimarca,2023,2,46,CLT,6164.27,57.0,Alugada,625.0,1,4,Não,0
P003398,2025-10-01,66800.0,16826.92,0.2519,49973.08,0.7481,48,Concessionária,2021,4,40,Autônomo,5385.51,,Financiada,869.0,0,2,Não,0
P003399,2025-07-01,49200.0,11778.48,0.2394,37421.52,0.7606,60,Revenda multimarca,2025,0,47,CLT,15367.14,80.0,Própria,599.0,3,4,Não,0
P003400,2025-12-01,48900.0,2048.91,0.0419,46851.09,0.9581,36,Concessionária,2015,10,26,Autônomo,1600.0,96.0,Financiada,534.0,1,2,Não,0
P003401,2025-10-01,26800.0,1385.56,0.0517,25414.44,0.9483,60,Revenda multimarca,2016,9,35,Autônomo,2134.14,23.0,Própria,602.0,1,3,Não,0
P003402,2025-09-01,60400.0,8359.36,0.1384,52040.64,0.8616,24,Concessionária,2025,0,29,CLT,6052.91,75.0,Financiada,,1,0,Não,0
P003403,2025-07-01,24900.0,7915.71,0.3179,16984.29,0.6821,24,Digital,2018,7,37,Autônomo,2921.4,43.0,Alugada,666.0,0,2,Não,0
P003404,2025-12-01,22000.0,2497.0,0.1135,19503.0,0.8865,36,Digital,2013,12,25,CLT,2190.39,,Familiar,570.0,3,1,Sim,0
P003405,2025-09-01,108300.0,12768.57,0.1179,95531.43,0.8821,24,Digital,2024,1,24,CLT,8735.94,72.0,Familiar,817.0,0,0,Sim,0
P003406,2025-11-01,38000.0,8812.2,0.2319,29187.8,0.7681,60,Correspondente bancário,2022,3,36,CLT,3228.74,2.0,Alugada,465.0,3,3,Não,0
P003407,2025-09-01,43000.0,2601.5,0.0605,40398.5,0.9395,24,Revenda multimarca,2023,2,32,CLT,6324.1,46.0,Própria,584.0,1,2,Não,0
P003408,2025-07-01,22000.0,1841.4,0.0837,20158.6,0.9163,24,Correspondente bancário,2015,10,29,CLT,1600.0,36.0,Alugada,467.0,0,0,Não,0
P003409,2025-12-01,29200.0,3912.8,0.134,25287.2,0.866,60,Digital,2018,7,33,Empresário,3044.46,,Alugada,537.0,2,3,Sim,0
P003410,2025-08-01,59300.0,8740.82,0.1474,50559.18,0.8526,36,Concessionária,2021,4,32,CLT,4875.44,97.0,Alugada,563.0,0,0,Não,0
P003411,2025-07-01,22000.0,2158.2,0.0981,19841.8,0.9019,36,Digital,2022,3,33,CLT,1600.0,34.0,Financiada,321.0,4,1,Sim,0
P003412,2025-08-01,45800.0,3315.92,0.0724,42484.08,0.9276,48,Digital,2022,3,42,Empresário,5131.9,22.0,Alugada,366.0,5,2,Não,0
P003413,2025-07-01,51300.0,13102.02,0.2554,38197.98,0.7446,24,Concessionária,2019,6,69,CLT,12095.54,15.0,Familiar,551.0,2,0,Sim,0
P003414,2025-11-01,58300.0,10598.94,0.1818,47701.06,0.8182,60,Concessionária,2024,1,29,Autônomo,4122.57,12.0,Familiar,654.0,1,0,Sim,0
P003415,2025-11-01,28200.0,5507.46,0.1953,22692.54,0.8047,36,Digital,2019,6,42,Autônomo,2824.1,45.0,Própria,475.0,2,4,Não,0
P003416,2025-09-01,50200.0,13157.42,0.2621,37042.58,0.7379,48,Revenda multimarca,2023,2,31,CLT,9709.19,20.0,Familiar,657.0,0,2,Não,0
P003417,2025-09-01,46700.0,1998.76,0.0428,44701.24,0.9572,24,Revenda multimarca,2017,8,70,Aposentado,4760.5,55.0,Alugada,465.0,3,3,Sim,0
P003418,2025-10-01,33900.0,732.24,0.0216,33167.76,0.9784,60,Revenda multimarca,2023,2,34,Autônomo,3448.18,33.0,Alugada,513.0,1,4,Não,0
P003419,2025-12-01,50800.0,4729.48,0.0931,46070.52,0.9069,48,Concessionária,2017,8,69,Aposentado,3180.37,332.0,Própria,423.0,4,2,Sim,0
P003420,2025-07-01,52900.0,9601.35,0.1815,43298.65,0.8185,48,Revenda multimarca,2022,3,46,Servidor público,9208.72,34.0,Financiada,602.0,1,2,Não,0
P003421,2025-09-01,29100.0,3096.24,0.1064,26003.76,0.8936,48,Digital,2023,2,41,CLT,7573.45,14.0,Financiada,671.0,0,1,Não,0
P003422,2025-10-01,23200.0,4913.76,0.2118,18286.24,0.7882,24,Concessionária,2021,4,59,Aposentado,4051.17,231.0,Própria,564.0,0,4,Sim,0
P003423,2025-12-01,24200.0,6451.72,0.2666,17748.28,0.7334,36,Correspondente bancário,2017,8,39,Empresário,2838.01,48.0,Própria,395.0,3,3,Não,0
P003424,2025-08-01,33200.0,2171.28,0.0654,31028.72,0.9346,48,Correspondente bancário,2015,10,24,CLT,6494.6,,Própria,531.0,3,2,Sim,0
P003425,2025-09-01,24100.0,5824.97,0.2417,18275.03,0.7583,48,Concessionária,2016,9,62,CLT,3005.46,,Familiar,538.0,3,4,Não,0
P003426,2025-11-01,22000.0,3542.0,0.161,18458.0,0.839,48,Concessionária,2024,1,55,Autônomo,1875.49,26.0,Alugada,500.0,0,2,Sim,0
P003427,2025-10-01,64900.0,18872.92,0.2908,46027.08,0.7092,48,Concessionária,2023,2,49,CLT,7681.08,10.0,Própria,381.0,0,0,Sim,0
P003428,2025-11-01,48400.0,5062.64,0.1046,43337.36,0.8954,60,Concessionária,2022,3,36,Empresário,7807.87,41.0,Alugada,528.0,1,4,Não,0
P003429,2025-07-01,22000.0,3476.0,0.158,18524.0,0.842,48,Digital,2019,6,28,Servidor público,3066.62,61.0,Familiar,397.0,5,3,Sim,0
P003430,2025-09-01,64200.0,9090.72,0.1416,55109.28,0.8584,48,Concessionária,2023,2,32,Empresário,5440.37,24.0,Própria,596.0,0,3,Sim,0
P003431,2025-07-01,42500.0,2086.75,0.0491,40413.25,0.9509,36,Digital,2022,3,38,CLT,6996.21,49.0,Própria,464.0,1,4,Não,0
P003432,2025-12-01,89600.0,12445.44,0.1389,77154.56,0.8611,24,Concessionária,2020,5,27,Servidor público,10246.04,87.0,Familiar,573.0,0,2,Não,0
P003433,2025-11-01,34600.0,15002.56,0.4336,19597.44,0.5664,36,Correspondente bancário,2021,4,38,CLT,3648.59,77.0,Própria,471.0,2,5,Não,0
P003434,2025-09-01,42100.0,1612.43,0.0383,40487.57,0.9617,48,Concessionária,2024,1,51,Empresário,6930.3,4.0,Alugada,832.0,0,0,Não,0
P003435,2025-09-01,36500.0,17384.95,0.4763,19115.05,0.5237,60,Revenda multimarca,2023,2,55,Autônomo,3938.67,84.0,Familiar,644.0,0,2,Não,0
P003436,2025-08-01,58400.0,4309.92,0.0738,54090.08,0.9262,48,Revenda multimarca,2023,2,75,Aposentado,9248.01,,Própria,728.0,0,1,Não,0
P003437,2025-07-01,43700.0,6978.89,0.1597,36721.11,0.8403,48,Concessionária,2013,12,25,Autônomo,4692.59,,Própria,794.0,0,1,Não,0
P003438,2025-07-01,98100.0,14234.31,0.1451,83865.69,0.8549,48,Concessionária,2022,3,35,CLT,7956.51,23.0,Própria,832.0,0,1,Não,0
P003439,2025-12-01,22000.0,6197.4,0.2817,15802.6,0.7183,48,Concessionária,2022,3,64,Aposentado,1708.34,47.0,Alugada,186.0,5,2,Sim,0
P003440,2025-10-01,35400.0,7589.76,0.2144,27810.24,0.7856,60,Revenda multimarca,2022,3,30,Empresário,6598.7,11.0,Financiada,328.0,5,3,Não,0
P003441,2025-09-01,39200.0,14131.6,0.3605,25068.4,0.6395,48,Concessionária,2013,12,43,CLT,3035.69,30.0,Própria,426.0,3,6,Não,0
P003442,2025-10-01,29200.0,2604.64,0.0892,26595.36,0.9108,48,Concessionária,2018,7,28,CLT,3810.97,95.0,Financiada,532.0,2,0,Não,0
P003443,2025-09-01,46800.0,15163.2,0.324,31636.8,0.676,48,Concessionária,2023,2,39,CLT,4145.12,19.0,Financiada,507.0,1,1,Não,0
P003444,2025-10-01,82200.0,38058.6,0.463,44141.4,0.537,48,Concessionária,2022,3,51,CLT,8566.83,19.0,Alugada,720.0,0,2,Não,0
P003445,2025-07-01,22000.0,8621.8,0.3919,13378.2,0.6081,48,Concessionária,2015,10,42,Autônomo,1600.0,13.0,Própria,750.0,0,1,Não,0
P003446,2025-09-01,41100.0,18055.23,0.4393,23044.77,0.5607,60,Revenda multimarca,2024,1,34,Autônomo,4088.35,37.0,Alugada,448.0,4,4,Não,0
P003447,2025-10-01,22000.0,12331.0,0.5605,9669.0,0.4395,24,Revenda multimarca,2024,1,22,CLT,5676.19,48.0,Alugada,609.0,1,1,Não,0
P003448,2025-11-01,26800.0,2197.6,0.082,24602.4,0.918,24,Correspondente bancário,2023,2,75,CLT,10009.51,,Alugada,823.0,1,0,Não,0
P003449,2025-07-01,63300.0,1266.0,0.02,62034.0,0.98,60,Revenda multimarca,2022,3,75,Empresário,4991.67,,Própria,348.0,5,4,Não,0
P003450,2025-09-01,43400.0,2143.96,0.0494,41256.04,0.9506,48,Revenda multimarca,2025,0,48,Servidor público,9607.97,10.0,Própria,684.0,0,2,Não,0
P003451,2025-08-01,70000.0,25445.0,0.3635,44555.0,0.6365,24,Correspondente bancário,2020,5,62,Autônomo,13592.56,77.0,Financiada,977.0,0,2,Não,0
P003452,2025-07-01,23000.0,9563.4,0.4158,13436.6,0.5842,24,Digital,2023,2,45,CLT,4436.88,54.0,Familiar,539.0,1,1,Não,0
P003453,2025-08-01,41700.0,4958.13,0.1189,36741.87,0.8811,60,Concessionária,2022,3,59,Aposentado,7561.07,,Familiar,482.0,3,0,Não,0
P003454,2025-11-01,115700.0,34212.49,0.2957,81487.51,0.7043,48,Digital,2020,5,41,Servidor público,,276.0,Alugada,559.0,0,0,Não,0
P003455,2025-10-01,39300.0,1159.35,0.0295,38140.65,0.9705,36,Revenda multimarca,2022,3,46,Servidor público,8471.05,22.0,Financiada,274.0,5,2,Sim,0
P003456,2025-10-01,22000.0,11820.6,0.5373,10179.4,0.4627,24,Correspondente bancário,2022,3,24,CLT,1972.23,44.0,Familiar,,1,2,Não,0
P003457,2025-11-01,22000.0,3797.2,0.1726,18202.8,0.8274,48,Revenda multimarca,2023,2,30,CLT,3925.53,6.0,Familiar,,0,2,Não,0
P003458,2025-12-01,45300.0,14514.12,0.3204,30785.88,0.6796,60,Revenda multimarca,2017,8,37,CLT,1708.72,51.0,Financiada,469.0,1,4,Sim,0
P003459,2025-09-01,43900.0,10891.59,0.2481,33008.41,0.7519,24,Concessionária,2022,3,28,Empresário,4791.06,13.0,Alugada,623.0,0,2,Não,0
P003460,2025-08-01,67500.0,24448.5,0.3622,43051.5,0.6378,36,Concessionária,2023,2,29,CLT,3044.56,132.0,Alugada,599.0,0,1,Não,0
P003461,2025-10-01,45000.0,7200.0,0.16,37800.0,0.84,60,Digital,2019,6,57,CLT,4158.62,76.0,Familiar,622.0,1,2,Sim,0
P003462,2025-08-01,49800.0,22330.32,0.4484,27469.68,0.5516,36,Revenda multimarca,2023,2,27,CLT,,81.0,Alugada,438.0,5,2,Não,0
P003463,2025-09-01,32400.0,3000.24,0.0926,29399.76,0.9074,36,Digital,2013,12,53,CLT,4927.44,55.0,Própria,737.0,0,1,Não,0
P003464,2025-07-01,22000.0,1663.2,0.0756,20336.8,0.9244,60,Correspondente bancário,2019,6,27,Autônomo,2998.56,18.0,Própria,365.0,5,1,Sim,0
P003465,2025-10-01,27200.0,11105.76,0.4083,16094.24,0.5917,48,Concessionária,2019,6,29,CLT,1817.91,42.0,Própria,554.0,2,3,Sim,0
P003466,2025-11-01,22000.0,5207.4,0.2367,16792.6,0.7633,48,Correspondente bancário,2019,6,29,CLT,2494.12,24.0,Financiada,601.0,1,3,Não,0
P003467,2025-09-01,46000.0,6426.2,0.1397,39573.8,0.8603,24,Correspondente bancário,2023,2,37,CLT,3024.55,62.0,Alugada,748.0,1,0,Não,0
P003468,2025-12-01,45600.0,14870.16,0.3261,30729.84,0.6739,48,Revenda multimarca,2020,5,42,CLT,2082.68,74.0,Alugada,475.0,1,3,Não,0
P003469,2025-09-01,27400.0,7192.5,0.2625,20207.5,0.7375,24,Concessionária,2022,3,29,Servidor público,3418.07,48.0,Financiada,526.0,2,5,Não,0
P003470,2025-07-01,48300.0,18184.95,0.3765,30115.05,0.6235,60,Concessionária,2023,2,41,CLT,6427.69,35.0,Própria,529.0,2,3,Não,0
P003471,2025-07-01,80100.0,36413.46,0.4546,43686.54,0.5454,48,Concessionária,2016,9,36,Autônomo,4570.77,12.0,Alugada,597.0,1,3,Não,0
P003472,2025-11-01,61000.0,17622.9,0.2889,43377.1,0.7111,48,Correspondente bancário,2021,4,32,Autônomo,2696.48,22.0,Própria,739.0,0,1,Sim,0
P003473,2025-11-01,23900.0,4780.0,0.2,19120.0,0.8,48,Concessionária,2015,10,53,Autônomo,5335.3,42.0,Própria,572.0,1,1,Não,0
P003474,2025-10-01,66300.0,15229.11,0.2297,51070.89,0.7703,48,Revenda multimarca,2025,0,27,CLT,2900.78,90.0,Própria,802.0,0,0,Não,0
P003475,2025-10-01,42800.0,4160.16,0.0972,38639.84,0.9028,24,Concessionária,2022,3,24,CLT,4152.34,30.0,Financiada,760.0,0,1,Não,0
P003476,2025-10-01,48800.0,21969.76,0.4502,26830.24,0.5498,48,Concessionária,2023,2,68,Aposentado,6121.08,153.0,Própria,473.0,3,0,Não,0
P003477,2025-07-01,23200.0,3491.6,0.1505,19708.4,0.8495,48,Revenda multimarca,2019,6,36,Servidor público,1600.0,84.0,Alugada,338.0,4,0,Não,0
P003478,2025-09-01,45500.0,23013.9,0.5058,22486.1,0.4942,48,Concessionária,2024,1,39,Autônomo,2597.81,78.0,Alugada,770.0,0,0,Não,0
P003479,2025-07-01,31600.0,5621.64,0.1779,25978.36,0.8221,36,Concessionária,2019,6,67,Aposentado,3070.65,98.0,Alugada,,4,2,Não,0
P003480,2025-08-01,46800.0,6856.2,0.1465,39943.8,0.8535,24,Revenda multimarca,2023,2,35,Autônomo,1600.0,68.0,Financiada,485.0,1,0,Não,0
P003481,2025-08-01,33200.0,5112.8,0.154,28087.2,0.846,60,Concessionária,2023,2,25,Autônomo,3921.13,84.0,Própria,461.0,0,2,Não,0
P003482,2025-08-01,77900.0,45072.94,0.5786,32827.06,0.4214,48,Revenda multimarca,2022,3,44,Empresário,8833.03,2.0,Familiar,523.0,5,7,Não,0
P003483,2025-12-01,35100.0,7209.54,0.2054,27890.46,0.7946,24,Revenda multimarca,2022,3,37,CLT,5266.65,43.0,Própria,716.0,0,1,Não,0
P003484,2025-09-01,100900.0,10180.81,0.1009,90719.19,0.8991,60,Digital,2019,6,50,CLT,9148.4,,Própria,594.0,0,5,Não,0
P003485,2025-07-01,47200.0,15273.92,0.3236,31926.08,0.6764,60,Correspondente bancário,2019,6,43,Autônomo,2171.57,27.0,Alugada,578.0,4,1,Não,0
P003486,2025-12-01,59400.0,2019.6,0.034,57380.4,0.966,36,Concessionária,2021,4,38,Autônomo,7925.47,43.0,Própria,615.0,0,1,Não,0
P003487,2025-08-01,41100.0,30825.0,0.75,10275.0,0.25,60,Digital,2022,3,46,CLT,4581.32,8.0,Alugada,454.0,0,3,Sim,0
P003488,2025-12-01,108100.0,23684.71,0.2191,84415.29,0.7809,48,Revenda multimarca,2024,1,34,Servidor público,5257.68,,Financiada,502.0,3,2,Não,0
P003489,2025-07-01,26100.0,3398.22,0.1302,22701.78,0.8698,24,Concessionária,2022,3,56,CLT,5646.0,,Própria,461.0,2,3,Não,0
P003490,2025-11-01,38300.0,3125.28,0.0816,35174.72,0.9184,48,Concessionária,2020,5,48,CLT,4643.72,18.0,Própria,626.0,0,3,Não,0
P003491,2025-11-01,45100.0,9349.23,0.2073,35750.77,0.7927,36,Concessionária,2019,6,30,Servidor público,2358.53,20.0,Própria,594.0,1,1,Não,0
P003492,2025-09-01,41500.0,6407.6,0.1544,35092.4,0.8456,36,Concessionária,2024,1,24,Empresário,9727.18,65.0,Financiada,513.0,1,4,Não,0
P003493,2025-07-01,142000.0,55919.6,0.3938,86080.4,0.6062,60,Revenda multimarca,2021,4,50,Empresário,24858.04,20.0,Alugada,834.0,0,2,Não,0
P003494,2025-09-01,52200.0,10017.18,0.1919,42182.82,0.8081,60,Concessionária,2018,7,46,CLT,6130.11,2.0,Própria,673.0,2,2,Não,0
P003495,2025-11-01,25000.0,4157.5,0.1663,20842.5,0.8337,48,Revenda multimarca,2018,7,43,CLT,1628.88,88.0,Alugada,710.0,0,1,Não,0
P003496,2025-12-01,22000.0,558.8,0.0254,21441.2,0.9746,48,Concessionária,2013,12,38,CLT,2100.96,136.0,Própria,449.0,2,4,Sim,0
P003497,2025-12-01,31100.0,8518.29,0.2739,22581.71,0.7261,48,Concessionária,2022,3,41,CLT,2511.8,25.0,Financiada,586.0,0,6,Sim,0
P003498,2025-09-01,35900.0,7025.63,0.1957,28874.37,0.8043,24,Correspondente bancário,2022,3,31,CLT,26638.36,59.0,Alugada,607.0,0,1,Não,0
P003499,2025-10-01,31500.0,5896.8,0.1872,25603.2,0.8128,60,Digital,2017,8,43,CLT,6736.15,100.0,Própria,463.0,0,1,Sim,0
P003500,2025-11-01,22000.0,4338.4,0.1972,17661.6,0.8028,48,Concessionária,2022,3,27,CLT,2348.04,19.0,Familiar,,3,1,Não,0
P003501,2025-08-01,99300.0,19184.76,0.1932,80115.24,0.8068,48,Digital,2022,3,51,Servidor público,14071.16,55.0,Alugada,845.0,0,1,Não,0
P003502,2025-12-01,52900.0,10743.99,0.2031,42156.01,0.7969,36,Concessionária,2018,7,38,Empresário,10111.77,38.0,Própria,682.0,1,1,Sim,0
P003503,2025-09-01,41700.0,834.0,0.02,40866.0,0.98,48,Correspondente bancário,2020,5,48,CLT,11741.69,76.0,Própria,488.0,1,2,Sim,0
P003504,2025-12-01,47700.0,16074.9,0.337,31625.1,0.663,24,Concessionária,2024,1,64,Autônomo,7557.05,34.0,Financiada,799.0,0,0,Sim,0
P003505,2025-09-01,108300.0,67709.16,0.6252,40590.84,0.3748,48,Concessionária,2020,5,35,CLT,12848.52,51.0,Financiada,827.0,1,1,Sim,0
P003506,2025-08-01,38400.0,4343.04,0.1131,34056.96,0.8869,48,Digital,2016,9,49,CLT,3266.02,18.0,Alugada,497.0,2,2,Não,0
P003507,2025-10-01,54500.0,14131.85,0.2593,40368.15,0.7407,24,Concessionária,2024,1,38,Empresário,4412.62,59.0,Financiada,529.0,0,0,Não,0
P003508,2025-12-01,58100.0,11358.55,0.1955,46741.45,0.8045,60,Revenda multimarca,2021,4,37,Servidor público,4866.95,196.0,Familiar,326.0,5,3,Sim,0
P003509,2025-08-01,52600.0,5554.56,0.1056,47045.44,0.8944,60,Correspondente bancário,2017,8,75,Empresário,6259.14,,Alugada,245.0,2,4,Não,0
P003510,2025-11-01,47900.0,10030.26,0.2094,37869.74,0.7906,24,Revenda multimarca,2016,9,27,CLT,7172.01,6.0,Familiar,660.0,0,0,Não,0
P003511,2025-11-01,45400.0,5720.4,0.126,39679.6,0.874,36,Revenda multimarca,2017,8,35,CLT,4740.56,89.0,Própria,526.0,2,0,Não,0
P003512,2025-10-01,36100.0,3429.5,0.095,32670.5,0.905,36,Concessionária,2021,4,40,Empresário,,92.0,Financiada,502.0,3,2,Sim,0
P003513,2025-09-01,60400.0,8425.8,0.1395,51974.2,0.8605,48,Revenda multimarca,2021,4,34,CLT,6483.74,,Familiar,531.0,1,2,Não,0
P003514,2025-09-01,35900.0,15953.96,0.4444,19946.04,0.5556,24,Revenda multimarca,2022,3,52,Autônomo,1951.31,66.0,Própria,705.0,0,3,Não,0
P003515,2025-07-01,29900.0,5319.21,0.1779,24580.79,0.8221,48,Revenda multimarca,2021,4,57,Autônomo,2937.16,53.0,Própria,612.0,1,3,Não,0
P003516,2025-12-01,30000.0,17355.0,0.5785,12645.0,0.4215,48,Revenda multimarca,2021,4,23,Servidor público,3100.4,,Alugada,334.0,4,3,Não,0
P003517,2025-12-01,37600.0,16833.52,0.4477,20766.48,0.5523,60,Concessionária,2022,3,75,CLT,13090.14,79.0,Própria,813.0,1,1,Não,0
P003518,2025-07-01,111000.0,23676.3,0.2133,87323.7,0.7867,48,Concessionária,2024,1,27,Servidor público,16977.47,62.0,Própria,800.0,0,1,Não,0
P003519,2025-09-01,22000.0,5418.6,0.2463,16581.4,0.7537,48,Revenda multimarca,2013,12,31,CLT,,25.0,Alugada,281.0,5,2,Não,0
P003520,2025-07-01,52400.0,3049.68,0.0582,49350.32,0.9418,48,Digital,2019,6,29,Autônomo,4715.68,20.0,Própria,576.0,1,2,Não,0
P003521,2025-10-01,49100.0,12112.97,0.2467,36987.03,0.7533,48,Correspondente bancário,2020,5,25,CLT,4153.56,28.0,Própria,698.0,0,2,Não,0
P003522,2025-09-01,24400.0,11167.88,0.4577,13232.12,0.5423,60,Revenda multimarca,2013,12,40,Servidor público,5014.1,87.0,Alugada,660.0,1,1,Não,0
P003523,2025-12-01,46600.0,6440.12,0.1382,40159.88,0.8618,48,Concessionária,2025,0,57,Aposentado,3084.62,199.0,Alugada,745.0,0,0,Não,0
P003524,2025-12-01,36300.0,16385.82,0.4514,19914.18,0.5486,24,Revenda multimarca,2021,4,29,Empresário,4259.12,47.0,Alugada,413.0,1,2,Não,0
P003525,2025-07-01,35100.0,5510.7,0.157,29589.3,0.843,36,Revenda multimarca,2016,9,40,CLT,1669.03,75.0,Alugada,427.0,1,7,Não,0
P003526,2025-09-01,50100.0,8166.3,0.163,41933.7,0.837,24,Correspondente bancário,2020,5,34,CLT,8015.89,5.0,Alugada,454.0,5,4,Não,0
P003527,2025-12-01,71800.0,15587.78,0.2171,56212.22,0.7829,36,Concessionária,2024,1,48,Servidor público,7203.3,123.0,Própria,509.0,0,3,Não,0
P003528,2025-09-01,32700.0,9273.72,0.2836,23426.28,0.7164,24,Revenda multimarca,2021,4,32,Empresário,4267.57,,Familiar,369.0,4,1,Não,0
P003529,2025-11-01,89600.0,28358.4,0.3165,61241.6,0.6835,60,Digital,2024,1,44,Empresário,13789.9,,Alugada,495.0,2,2,Não,0
P003530,2025-12-01,34100.0,4184.07,0.1227,29915.93,0.8773,36,Correspondente bancário,2020,5,38,Autônomo,6331.09,11.0,Familiar,787.0,2,0,Não,0
P003531,2025-07-01,69000.0,15821.7,0.2293,53178.3,0.7707,24,Digital,2024,1,41,Empresário,,101.0,Alugada,934.0,1,0,Não,0
P003532,2025-07-01,47000.0,7543.5,0.1605,39456.5,0.8395,48,Digital,2015,10,41,CLT,3682.1,123.0,Alugada,582.0,1,1,Sim,0
P003533,2025-08-01,31900.0,1591.81,0.0499,30308.19,0.9501,24,Revenda multimarca,2014,11,54,CLT,2165.05,3.0,Alugada,348.0,5,3,Sim,0
P003534,2025-09-01,49600.0,7360.64,0.1484,42239.36,0.8516,48,Concessionária,2015,10,33,Empresário,7154.49,46.0,Alugada,510.0,0,4,Não,0
P003535,2025-07-01,52700.0,18139.34,0.3442,34560.66,0.6558,36,Correspondente bancário,2022,3,27,CLT,11571.46,7.0,Própria,653.0,0,1,Não,0
P003536,2025-11-01,47600.0,17440.64,0.3664,30159.36,0.6336,48,Concessionária,2024,1,63,Servidor público,10751.81,58.0,Familiar,635.0,0,0,Não,0
P003537,2025-08-01,22000.0,1885.4,0.0857,20114.6,0.9143,48,Revenda multimarca,2024,1,53,Aposentado,4191.02,164.0,Familiar,450.0,2,3,Sim,0
P003538,2025-12-01,43200.0,13284.0,0.3075,29916.0,0.6925,36,Concessionária,2020,5,28,Servidor público,,32.0,Financiada,331.0,0,1,Não,0
P003539,2025-08-01,44800.0,19201.28,0.4286,25598.72,0.5714,60,Concessionária,2020,5,26,CLT,1983.67,45.0,Familiar,461.0,2,0,Não,0
P003540,2025-07-01,36100.0,10515.93,0.2913,25584.07,0.7087,48,Correspondente bancário,2021,4,35,Autônomo,2781.53,26.0,Familiar,444.0,2,4,Não,0
P003541,2025-12-01,22000.0,1425.6,0.0648,20574.4,0.9352,48,Digital,2017,8,37,Autônomo,1600.0,86.0,Própria,183.0,5,5,Sim,0
P003542,2025-10-01,59300.0,12091.27,0.2039,47208.73,0.7961,24,Concessionária,2017,8,36,CLT,4330.27,153.0,Própria,655.0,1,1,Não,0
P003543,2025-08-01,31400.0,5146.46,0.1639,26253.54,0.8361,60,Revenda multimarca,2013,12,29,CLT,3432.49,66.0,Familiar,720.0,0,1,Não,0
P003544,2025-12-01,46500.0,22864.05,0.4917,23635.95,0.5083,36,Concessionária,2019,6,27,Autônomo,5984.58,22.0,Familiar,476.0,3,4,Não,0
P003545,2025-07-01,22000.0,5946.6,0.2703,16053.4,0.7297,48,Digital,2021,4,52,Servidor público,3498.25,71.0,Alugada,342.0,2,3,Sim,0
P003546,2025-11-01,32800.0,15819.44,0.4823,16980.56,0.5177,36,Concessionária,2022,3,45,CLT,4535.5,12.0,Própria,487.0,0,2,Não,0
P003547,2025-10-01,32500.0,13971.75,0.4299,18528.25,0.5701,60,Digital,2018,7,25,CLT,,29.0,Própria,382.0,4,3,Não,0
P003548,2025-11-01,27300.0,1165.71,0.0427,26134.29,0.9573,60,Concessionária,2016,9,40,Autônomo,,21.0,Própria,346.0,3,4,Sim,0
P003549,2025-09-01,22000.0,5803.6,0.2638,16196.4,0.7362,48,Revenda multimarca,2024,1,64,Aposentado,3026.63,185.0,Alugada,566.0,2,5,Não,0
P003550,2025-12-01,71000.0,3748.8,0.0528,67251.2,0.9472,24,Concessionária,2015,10,41,CLT,9798.41,8.0,Financiada,800.0,1,3,Não,0
P003551,2025-08-01,62500.0,25731.25,0.4117,36768.75,0.5883,36,Revenda multimarca,2024,1,27,Empresário,10690.62,23.0,Financiada,624.0,0,0,Sim,0
P003552,2025-10-01,34500.0,3470.7,0.1006,31029.3,0.8994,60,Concessionária,2019,6,36,Autônomo,1600.0,50.0,Familiar,376.0,4,3,Sim,0
P003553,2025-09-01,33800.0,11258.78,0.3331,22541.22,0.6669,60,Concessionária,2019,6,34,CLT,1600.0,6.0,Própria,470.0,4,0,Sim,0
P003554,2025-08-01,39300.0,11900.04,0.3028,27399.96,0.6972,24,Concessionária,2021,4,34,Autônomo,6933.34,65.0,Financiada,628.0,1,3,Não,0
P003555,2025-12-01,22000.0,4081.0,0.1855,17919.0,0.8145,24,Revenda multimarca,2017,8,41,Empresário,4764.53,20.0,Alugada,518.0,4,2,Não,0
P003556,2025-10-01,29900.0,2427.88,0.0812,27472.12,0.9188,60,Digital,2024,1,60,Aposentado,6168.24,198.0,Própria,446.0,2,0,Sim,0
P003557,2025-08-01,63100.0,9364.04,0.1484,53735.96,0.8516,24,Revenda multimarca,2017,8,32,Servidor público,10082.78,23.0,Própria,563.0,0,0,Não,0
P003558,2025-10-01,57500.0,15392.75,0.2677,42107.25,0.7323,36,Concessionária,2024,1,62,Empresário,10391.84,,Financiada,419.0,3,4,Não,0
P003559,2025-11-01,59900.0,8290.16,0.1384,51609.84,0.8616,48,Digital,2019,6,28,Empresário,17653.56,60.0,Própria,498.0,1,4,Não,0
P003560,2025-09-01,44100.0,5344.92,0.1212,38755.08,0.8788,36,Concessionária,2022,3,28,Empresário,9104.32,100.0,Própria,620.0,1,2,Não,0
P003561,2025-09-01,34100.0,2393.82,0.0702,31706.18,0.9298,48,Digital,2023,2,30,CLT,,77.0,Familiar,519.0,3,2,Sim,0
P003562,2025-07-01,31900.0,5850.46,0.1834,26049.54,0.8166,36,Concessionária,2018,7,72,CLT,3162.22,19.0,Própria,653.0,0,2,Não,0
P003563,2025-12-01,53800.0,14924.12,0.2774,38875.88,0.7226,36,Correspondente bancário,2020,5,38,Empresário,11595.85,16.0,Própria,509.0,1,2,Sim,0
P003564,2025-08-01,22000.0,6311.8,0.2869,15688.2,0.7131,60,Concessionária,2020,5,31,CLT,3084.78,75.0,Própria,544.0,1,3,Não,0
P003565,2025-08-01,22000.0,6032.4,0.2742,15967.6,0.7258,36,Revenda multimarca,2023,2,38,Autônomo,1600.0,47.0,Alugada,359.0,5,4,Sim,0
P003566,2025-10-01,22000.0,1122.0,0.051,20878.0,0.949,48,Concessionária,2013,12,59,Empresário,4404.48,82.0,Financiada,430.0,3,1,Não,0
P003567,2025-09-01,48600.0,2255.04,0.0464,46344.96,0.9536,36,Revenda multimarca,2023,2,25,Servidor público,6253.64,84.0,Própria,534.0,0,0,Não,0
P003568,2025-12-01,36600.0,14061.72,0.3842,22538.28,0.6158,24,Digital,2023,2,22,CLT,6393.41,2.0,Financiada,797.0,0,1,Não,0
P003569,2025-12-01,56200.0,5676.2,0.101,50523.8,0.899,48,Concessionária,2022,3,32,Autônomo,5626.36,43.0,Alugada,500.0,1,1,Não,0
P003570,2025-12-01,30800.0,1382.92,0.0449,29417.08,0.9551,60,Concessionária,2018,7,32,Empresário,7383.3,28.0,Financiada,413.0,4,2,Sim,0
P003571,2025-08-01,22000.0,2274.8,0.1034,19725.2,0.8966,36,Concessionária,2018,7,23,Autônomo,2008.6,8.0,Alugada,686.0,0,2,Sim,0
P003572,2025-11-01,22000.0,12394.8,0.5634,9605.2,0.4366,48,Concessionária,2013,12,44,CLT,3968.93,28.0,Financiada,570.0,2,2,Não,0
P003573,2025-08-01,33800.0,3467.88,0.1026,30332.12,0.8974,48,Concessionária,2016,9,47,CLT,5627.35,104.0,Alugada,551.0,1,1,Não,0
P003574,2025-10-01,22000.0,5425.2,0.2466,16574.8,0.7534,48,Concessionária,2016,9,34,Autônomo,1883.63,,Própria,294.0,5,2,Não,0
P003575,2025-10-01,30000.0,8439.0,0.2813,21561.0,0.7187,60,Concessionária,2020,5,54,Autônomo,1977.97,3.0,Própria,681.0,1,1,Não,0
P003576,2025-12-01,61400.0,15552.62,0.2533,45847.38,0.7467,36,Concessionária,2018,7,24,CLT,3940.26,1.0,Financiada,824.0,0,1,Não,0
P003577,2025-09-01,25300.0,6494.51,0.2567,18805.49,0.7433,36,Revenda multimarca,2016,9,46,CLT,2761.04,66.0,Alugada,407.0,4,7,Sim,0
P003578,2025-08-01,22000.0,8201.6,0.3728,13798.4,0.6272,24,Revenda multimarca,2018,7,39,CLT,2304.6,18.0,Familiar,417.0,4,3,Não,0
P003579,2025-10-01,25300.0,3845.6,0.152,21454.4,0.848,36,Concessionária,2016,9,24,CLT,3358.95,12.0,Alugada,612.0,0,3,Não,0
P003580,2025-09-01,32700.0,6729.66,0.2058,25970.34,0.7942,48,Revenda multimarca,2020,5,43,Autônomo,1600.0,33.0,Familiar,664.0,0,1,Não,0
P003581,2025-10-01,50700.0,7326.15,0.1445,43373.85,0.8555,24,Revenda multimarca,2021,4,36,Autônomo,3582.07,7.0,Alugada,742.0,0,0,Não,0
P003582,2025-09-01,59700.0,16316.01,0.2733,43383.99,0.7267,48,Concessionária,2024,1,56,CLT,,1.0,Própria,762.0,0,1,Não,0
P003583,2025-09-01,34800.0,5380.08,0.1546,29419.92,0.8454,48,Concessionária,2020,5,49,CLT,4839.69,41.0,Própria,712.0,1,2,Não,0
P003584,2025-11-01,26400.0,8178.72,0.3098,18221.28,0.6902,60,Revenda multimarca,2022,3,25,Autônomo,2501.95,75.0,Alugada,301.0,5,6,Sim,0
P003585,2025-09-01,36100.0,5743.51,0.1591,30356.49,0.8409,24,Concessionária,2023,2,53,CLT,,13.0,Familiar,681.0,0,1,Não,0
P003586,2025-12-01,22000.0,981.2,0.0446,21018.8,0.9554,60,Concessionária,2024,1,37,Autônomo,2016.66,14.0,Própria,492.0,4,2,Não,0
P003587,2025-07-01,35900.0,3945.41,0.1099,31954.59,0.8901,24,Digital,2024,1,34,Autônomo,5308.62,6.0,Alugada,678.0,0,0,Sim,0
P003588,2025-11-01,29100.0,582.0,0.02,28518.0,0.98,36,Concessionária,2020,5,61,CLT,4169.19,21.0,Familiar,599.0,1,1,Não,0
P003589,2025-11-01,50500.0,7771.95,0.1539,42728.05,0.8461,60,Digital,2018,7,34,CLT,8675.03,,Própria,703.0,0,0,Não,0
P003590,2025-10-01,32300.0,2028.44,0.0628,30271.56,0.9372,48,Concessionária,2023,2,43,CLT,5268.78,61.0,Familiar,600.0,1,4,Não,0
P003591,2025-08-01,22000.0,9662.4,0.4392,12337.6,0.5608,60,Digital,2020,5,26,Autônomo,2440.49,96.0,Familiar,534.0,3,3,Não,0
P003592,2025-12-01,65400.0,25440.6,0.389,39959.4,0.611,24,Revenda multimarca,2022,3,48,CLT,6822.52,48.0,Alugada,711.0,0,1,Sim,0
P003593,2025-10-01,40500.0,6070.95,0.1499,34429.05,0.8501,60,Digital,2023,2,30,CLT,6395.56,,Alugada,438.0,5,7,Não,0
P003594,2025-12-01,23400.0,4965.48,0.2122,18434.52,0.7878,36,Concessionária,2019,6,36,Autônomo,2691.72,55.0,Familiar,491.0,3,2,Não,0
P003595,2025-10-01,103200.0,37451.28,0.3629,65748.72,0.6371,48,Revenda multimarca,2022,3,34,Servidor público,8915.52,20.0,Própria,749.0,0,1,Não,0
P003596,2025-08-01,22000.0,943.8,0.0429,21056.2,0.9571,48,Revenda multimarca,2017,8,49,Autônomo,2317.53,,Financiada,339.0,5,1,Não,0
P003597,2025-07-01,22000.0,6305.2,0.2866,15694.8,0.7134,36,Digital,2016,9,59,CLT,4072.34,7.0,Própria,422.0,3,3,Não,0
P003598,2025-08-01,29200.0,11501.88,0.3939,17698.12,0.6061,48,Digital,2025,0,65,CLT,8826.9,31.0,Própria,633.0,0,0,Não,0
P003599,2025-09-01,79900.0,40924.78,0.5122,38975.22,0.4878,60,Revenda multimarca,2024,1,51,Empresário,35594.07,139.0,Familiar,665.0,0,6,Não,0
P003600,2025-08-01,50100.0,10556.07,0.2107,39543.93,0.7893,48,Revenda multimarca,2020,5,36,Autônomo,2359.86,15.0,Alugada,343.0,3,1,Sim,0
P003601,2025-10-01,35200.0,14674.88,0.4169,20525.12,0.5831,24,Concessionária,2018,7,74,Aposentado,,86.0,Familiar,524.0,1,1,Não,0
P003602,2025-09-01,38700.0,9516.33,0.2459,29183.67,0.7541,48,Concessionária,2023,2,40,CLT,3693.14,36.0,Própria,634.0,0,1,Sim,0
P003603,2025-11-01,27300.0,9634.17,0.3529,17665.83,0.6471,48,Concessionária,2021,4,30,CLT,3587.7,90.0,Familiar,346.0,5,0,Sim,0
P003604,2025-09-01,22000.0,5181.0,0.2355,16819.0,0.7645,48,Revenda multimarca,2015,10,31,Autônomo,2784.35,51.0,Própria,425.0,3,3,Sim,0
P003605,2025-09-01,27300.0,3775.59,0.1383,23524.41,0.8617,48,Digital,2022,3,22,CLT,1730.37,26.0,Alugada,413.0,1,1,Não,0
P003606,2025-12-01,22000.0,2554.2,0.1161,19445.8,0.8839,36,Concessionária,2013,12,31,Empresário,2092.69,22.0,Própria,396.0,2,1,Sim,0
P003607,2025-09-01,65200.0,6696.04,0.1027,58503.96,0.8973,48,Concessionária,2018,7,50,CLT,3598.48,,Própria,492.0,2,0,Não,0
P003608,2025-08-01,32800.0,10843.68,0.3306,21956.32,0.6694,48,Concessionária,2020,5,25,Autônomo,2044.63,19.0,Alugada,552.0,2,0,Sim,0
P003609,2025-08-01,42300.0,20663.55,0.4885,21636.45,0.5115,24,Digital,2025,0,55,Autônomo,2450.7,69.0,Própria,613.0,1,4,Não,0
P003610,2025-12-01,81600.0,17527.68,0.2148,64072.32,0.7852,36,Revenda multimarca,2024,1,34,Servidor público,7327.56,2.0,Alugada,692.0,0,0,Não,0
P003611,2025-11-01,37800.0,2819.88,0.0746,34980.12,0.9254,36,Revenda multimarca,2024,1,43,CLT,5783.42,,Alugada,750.0,0,1,Não,0
P003612,2025-11-01,56200.0,7418.4,0.132,48781.6,0.868,60,Revenda multimarca,2024,1,36,Servidor público,6370.11,85.0,Familiar,539.0,0,0,Não,0
P003613,2025-07-01,26800.0,4148.64,0.1548,22651.36,0.8452,60,Revenda multimarca,2019,6,47,CLT,1953.72,56.0,Alugada,440.0,4,2,Não,0
P003614,2025-12-01,34600.0,7158.74,0.2069,27441.26,0.7931,48,Revenda multimarca,2024,1,29,CLT,7671.56,95.0,Familiar,723.0,1,1,Não,0
P003615,2025-09-01,48800.0,14283.76,0.2927,34516.24,0.7073,36,Revenda multimarca,2021,4,26,Autônomo,5556.52,50.0,Alugada,637.0,2,1,Sim,0
P003616,2025-11-01,22000.0,5511.0,0.2505,16489.0,0.7495,48,Concessionária,2020,5,22,CLT,3249.16,12.0,Alugada,437.0,4,0,Não,0
P003617,2025-07-01,31600.0,4954.88,0.1568,26645.12,0.8432,60,Revenda multimarca,2023,2,52,CLT,4249.09,35.0,Familiar,473.0,4,2,Não,0
P003618,2025-11-01,64800.0,11780.64,0.1818,53019.36,0.8182,48,Digital,2022,3,31,CLT,1931.39,,Própria,359.0,5,3,Não,0
P003619,2025-07-01,43900.0,14776.74,0.3366,29123.26,0.6634,60,Concessionária,2022,3,35,Servidor público,6854.19,19.0,Familiar,553.0,2,4,Não,0
P003620,2025-12-01,40100.0,10430.01,0.2601,29669.99,0.7399,60,Concessionária,2018,7,43,CLT,5087.85,25.0,Familiar,151.0,5,8,Não,0
P003621,2025-07-01,27400.0,8559.76,0.3124,18840.24,0.6876,48,Correspondente bancário,2021,4,37,CLT,1993.17,7.0,Financiada,508.0,2,1,Sim,0
P003622,2025-09-01,33800.0,9112.48,0.2696,24687.52,0.7304,48,Concessionária,2024,1,49,CLT,5824.22,21.0,Financiada,394.0,5,1,Não,0
P003623,2025-11-01,61100.0,25325.95,0.4145,35774.05,0.5855,24,Revenda multimarca,2024,1,27,Empresário,4633.3,,Familiar,582.0,0,0,Sim,0
P003624,2025-11-01,44800.0,4063.36,0.0907,40736.64,0.9093,60,Correspondente bancário,2022,3,55,Aposentado,3478.09,,Familiar,365.0,4,2,Sim,0
P003625,2025-09-01,47300.0,13040.61,0.2757,34259.39,0.7243,24,Concessionária,2023,2,38,CLT,6682.01,43.0,Própria,791.0,1,1,Não,0
P003626,2025-09-01,38100.0,2754.63,0.0723,35345.37,0.9277,60,Concessionária,2020,5,54,CLT,2155.53,28.0,Alugada,602.0,1,1,Não,0
P003627,2025-12-01,22000.0,6146.8,0.2794,15853.2,0.7206,24,Concessionária,2024,1,25,Autônomo,,9.0,Própria,371.0,4,2,Não,0
P003628,2025-12-01,48200.0,3489.68,0.0724,44710.32,0.9276,60,Revenda multimarca,2018,7,25,CLT,2867.53,84.0,Própria,,2,4,Não,0
P003629,2025-11-01,22000.0,8014.6,0.3643,13985.4,0.6357,48,Digital,2019,6,31,CLT,2490.15,113.0,Familiar,506.0,4,1,Não,0
P003630,2025-10-01,28700.0,2752.33,0.0959,25947.67,0.9041,60,Digital,2016,9,53,Autônomo,3506.14,93.0,Própria,484.0,0,1,Não,0
P003631,2025-08-01,22000.0,6135.8,0.2789,15864.2,0.7211,24,Revenda multimarca,2021,4,37,Autônomo,3333.66,,Alugada,507.0,1,1,Sim,0
P003632,2025-12-01,61000.0,22368.7,0.3667,38631.3,0.6333,60,Concessionária,2013,12,42,Autônomo,6360.95,76.0,Financiada,603.0,0,2,Não,0
P003633,2025-08-01,22000.0,3867.6,0.1758,18132.4,0.8242,60,Revenda multimarca,2022,3,60,Aposentado,3350.76,61.0,Própria,521.0,3,2,Não,0
P003634,2025-12-01,82900.0,18387.22,0.2218,64512.78,0.7782,24,Digital,2024,1,39,Servidor público,7655.25,39.0,Própria,1000.0,0,1,Não,0
P003635,2025-12-01,39100.0,5853.27,0.1497,33246.73,0.8503,48,Revenda multimarca,2022,3,58,CLT,9677.66,116.0,Familiar,347.0,5,4,Não,0
P003636,2025-09-01,22000.0,3480.4,0.1582,18519.6,0.8418,60,Concessionária,2017,8,35,CLT,1600.0,6.0,Alugada,355.0,5,1,Sim,0
P003637,2025-10-01,32900.0,5175.17,0.1573,27724.83,0.8427,48,Revenda multimarca,2016,9,32,CLT,3722.33,19.0,Alugada,525.0,2,2,Não,0
P003638,2025-12-01,28100.0,1669.14,0.0594,26430.86,0.9406,24,Concessionária,2024,1,34,CLT,2147.25,58.0,Alugada,522.0,1,2,Não,0
P003639,2025-11-01,29400.0,5988.78,0.2037,23411.22,0.7963,36,Revenda multimarca,2013,12,29,Autônomo,6758.29,2.0,Alugada,646.0,0,1,Não,0
P003640,2025-10-01,22000.0,6094.0,0.277,15906.0,0.723,48,Digital,2023,2,33,CLT,2485.1,,Própria,375.0,2,5,Não,0
P003641,2025-12-01,24400.0,4262.68,0.1747,20137.32,0.8253,48,Concessionária,2023,2,70,Aposentado,4524.46,92.0,Alugada,344.0,5,7,Não,0
P003642,2025-08-01,69000.0,5533.8,0.0802,63466.2,0.9198,48,Correspondente bancário,2018,7,59,Empresário,5460.79,25.0,Alugada,578.0,1,2,Não,0
P003643,2025-07-01,22000.0,5449.4,0.2477,16550.6,0.7523,60,Revenda multimarca,2020,5,36,Servidor público,1600.0,88.0,Própria,135.0,5,3,Não,0
P003644,2025-11-01,22000.0,5251.4,0.2387,16748.6,0.7613,48,Concessionária,2023,2,25,Empresário,3497.81,7.0,Alugada,634.0,1,2,Não,0
P003645,2025-10-01,22000.0,1130.8,0.0514,20869.2,0.9486,60,Revenda multimarca,2018,7,28,CLT,1751.24,30.0,Alugada,419.0,4,1,Sim,0
P003646,2025-08-01,47500.0,9110.5,0.1918,38389.5,0.8082,60,Concessionária,2018,7,43,CLT,1600.0,40.0,Alugada,404.0,5,5,Não,0
P003647,2025-11-01,56200.0,21839.32,0.3886,34360.68,0.6114,48,Concessionária,2018,7,31,CLT,4923.61,,Própria,740.0,0,0,Não,0
P003648,2025-12-01,56500.0,3192.25,0.0565,53307.75,0.9435,60,Revenda multimarca,2024,1,40,CLT,9232.31,21.0,Familiar,399.0,3,1,Sim,0
P003649,2025-07-01,45800.0,3105.24,0.0678,42694.76,0.9322,24,Concessionária,2017,8,36,CLT,1835.36,72.0,Própria,763.0,0,0,Não,0
P003650,2025-10-01,107200.0,13775.2,0.1285,93424.8,0.8715,36,Digital,2024,1,38,Servidor público,11996.16,23.0,Financiada,769.0,0,0,Não,0
P003651,2025-10-01,41300.0,5881.12,0.1424,35418.88,0.8576,36,Digital,2019,6,36,Autônomo,6054.38,58.0,Financiada,637.0,0,3,Não,0
P003652,2025-11-01,83000.0,13089.1,0.1577,69910.9,0.8423,60,Correspondente bancário,2025,0,34,Autônomo,6691.05,112.0,Alugada,865.0,0,1,Não,0
P003653,2025-09-01,36600.0,13014.96,0.3556,23585.04,0.6444,48,Revenda multimarca,2024,1,35,CLT,5258.65,14.0,Alugada,673.0,0,0,Não,0
P003654,2025-11-01,32100.0,4728.33,0.1473,27371.67,0.8527,36,Revenda multimarca,2024,1,24,Autônomo,2831.9,31.0,Própria,492.0,1,0,Não,0
P003655,2025-10-01,34800.0,2790.96,0.0802,32009.04,0.9198,48,Revenda multimarca,2022,3,42,CLT,4628.71,15.0,Própria,442.0,2,4,Sim,0
P003656,2025-10-01,33500.0,4107.1,0.1226,29392.9,0.8774,48,Concessionária,2021,4,35,Servidor público,3950.99,103.0,Própria,401.0,5,4,Sim,0
P003657,2025-08-01,47400.0,5849.16,0.1234,41550.84,0.8766,36,Digital,2024,1,42,CLT,2616.98,43.0,Alugada,495.0,5,6,Não,0
P003658,2025-08-01,39800.0,10503.22,0.2639,29296.78,0.7361,36,Concessionária,2017,8,33,CLT,3787.51,54.0,Financiada,654.0,2,3,Não,0
P003659,2025-11-01,57700.0,1477.12,0.0256,56222.88,0.9744,60,Concessionária,2024,1,48,CLT,8246.48,3.0,Familiar,555.0,3,2,Sim,0
P003660,2025-12-01,47900.0,11524.74,0.2406,36375.26,0.7594,60,Correspondente bancário,2022,3,51,Autônomo,12665.05,25.0,Alugada,745.0,0,3,Não,0
P003661,2025-12-01,22000.0,7147.8,0.3249,14852.2,0.6751,48,Digital,2023,2,64,Aposentado,3450.07,,Alugada,601.0,1,4,Não,0
P003662,2025-12-01,78400.0,16707.04,0.2131,61692.96,0.7869,36,Digital,2024,1,50,CLT,12699.95,8.0,Alugada,681.0,1,2,Não,0
P003663,2025-10-01,27700.0,5335.02,0.1926,22364.98,0.8074,48,Revenda multimarca,2020,5,39,Autônomo,3534.81,47.0,Financiada,293.0,5,5,Sim,0
P003664,2025-07-01,95900.0,15756.37,0.1643,80143.63,0.8357,36,Concessionária,2022,3,38,Servidor público,7356.17,68.0,Alugada,803.0,1,2,Não,0
P003665,2025-10-01,53800.0,9167.52,0.1704,44632.48,0.8296,48,Revenda multimarca,2023,2,40,Empresário,9353.65,42.0,Familiar,293.0,1,1,Não,0
P003666,2025-07-01,45500.0,15756.65,0.3463,29743.35,0.6537,24,Concessionária,2013,12,49,CLT,4731.47,36.0,Financiada,590.0,1,0,Não,0
P003667,2025-08-01,44900.0,3812.01,0.0849,41087.99,0.9151,48,Concessionária,2019,6,47,CLT,3080.73,25.0,Própria,565.0,2,0,Não,0
P003668,2025-12-01,22000.0,10480.8,0.4764,11519.2,0.5236,60,Concessionária,2020,5,33,CLT,2268.27,43.0,Financiada,476.0,1,2,Não,0
P003669,2025-07-01,76400.0,10573.76,0.1384,65826.24,0.8616,24,Digital,2019,6,36,Servidor público,5736.57,216.0,Familiar,613.0,0,2,Não,0
P003670,2025-09-01,72100.0,40808.6,0.566,31291.4,0.434,36,Concessionária,2024,1,37,CLT,,32.0,Própria,483.0,3,0,Não,0
P003671,2025-12-01,62100.0,19412.46,0.3126,42687.54,0.6874,36,Concessionária,2018,7,49,CLT,6382.56,64.0,Financiada,668.0,0,0,Não,0
P003672,2025-08-01,22000.0,3742.2,0.1701,18257.8,0.8299,60,Digital,2022,3,39,Servidor público,1600.0,16.0,Alugada,365.0,3,4,Não,0
P003673,2025-11-01,33700.0,6342.34,0.1882,27357.66,0.8118,36,Revenda multimarca,2022,3,31,CLT,5359.02,31.0,Própria,573.0,2,0,Não,0
P003674,2025-11-01,47800.0,956.0,0.02,46844.0,0.98,36,Concessionária,2016,9,44,CLT,5079.93,51.0,Própria,569.0,1,3,Não,0
P003675,2025-08-01,33900.0,6834.24,0.2016,27065.76,0.7984,60,Revenda multimarca,2020,5,46,Empresário,,86.0,Financiada,423.0,0,2,Sim,0
P003676,2025-08-01,22000.0,9229.0,0.4195,12771.0,0.5805,48,Digital,2022,3,27,CLT,1600.0,38.0,Própria,0.0,5,4,Sim,0
P003677,2025-09-01,22000.0,2563.0,0.1165,19437.0,0.8835,24,Revenda multimarca,2024,1,28,CLT,3767.09,3.0,Própria,631.0,1,3,Não,0
P003678,2025-12-01,43800.0,18360.96,0.4192,25439.04,0.5808,60,Revenda multimarca,2013,12,39,CLT,2354.19,,Alugada,278.0,5,3,Sim,0
P003679,2025-10-01,29200.0,3828.12,0.1311,25371.88,0.8689,24,Correspondente bancário,2024,1,56,CLT,4566.17,115.0,Financiada,298.0,5,4,Sim,0
P003680,2025-08-01,48100.0,22183.72,0.4612,25916.28,0.5388,60,Revenda multimarca,2021,4,31,Autônomo,,28.0,Financiada,632.0,1,0,Não,0
P003681,2025-10-01,31000.0,10360.2,0.3342,20639.8,0.6658,48,Revenda multimarca,2018,7,38,CLT,5097.11,,Própria,495.0,1,3,Não,0
P003682,2025-11-01,64900.0,20047.61,0.3089,44852.39,0.6911,60,Revenda multimarca,2021,4,25,Servidor público,5759.67,84.0,Alugada,789.0,1,0,Não,0
P003683,2025-11-01,31800.0,11600.64,0.3648,20199.36,0.6352,48,Concessionária,2019,6,48,CLT,2716.39,6.0,Própria,655.0,1,1,Não,0
P003684,2025-07-01,101000.0,67710.4,0.6704,33289.6,0.3296,36,Revenda multimarca,2018,7,47,CLT,13782.95,25.0,Própria,755.0,0,1,Não,0
P003685,2025-10-01,63000.0,5531.4,0.0878,57468.6,0.9122,48,Digital,2024,1,40,Autônomo,3695.22,1.0,Familiar,426.0,3,1,Sim,0
P003686,2025-11-01,51000.0,13229.4,0.2594,37770.6,0.7406,36,Correspondente bancário,2017,8,27,CLT,3317.09,64.0,Alugada,436.0,1,4,Não,0
P003687,2025-09-01,68600.0,5570.32,0.0812,63029.68,0.9188,24,Concessionária,2024,1,28,Servidor público,15935.54,54.0,Financiada,595.0,0,0,Sim,0
P003688,2025-09-01,39300.0,6280.14,0.1598,33019.86,0.8402,36,Concessionária,2023,2,74,Autônomo,6269.12,24.0,Financiada,530.0,1,2,Não,0
P003689,2025-09-01,32100.0,9235.17,0.2877,22864.83,0.7123,36,Digital,2013,12,36,CLT,3550.33,77.0,Familiar,425.0,3,2,Não,0
P003690,2025-08-01,31100.0,14632.55,0.4705,16467.45,0.5295,48,Digital,2020,5,70,Aposentado,2630.86,554.0,Familiar,450.0,5,4,Não,0
P003691,2025-10-01,22000.0,1344.2,0.0611,20655.8,0.9389,60,Digital,2015,10,26,Autônomo,2018.69,83.0,Própria,605.0,1,1,Não,0
P003692,2025-08-01,22000.0,6463.6,0.2938,15536.4,0.7062,48,Revenda multimarca,2019,6,29,CLT,1600.0,101.0,Familiar,474.0,1,4,Sim,0
P003693,2025-10-01,46300.0,10135.07,0.2189,36164.93,0.7811,24,Concessionária,2018,7,44,Empresário,,10.0,Financiada,431.0,3,4,Não,0
P003694,2025-07-01,22000.0,3071.2,0.1396,18928.8,0.8604,48,Digital,2023,2,37,CLT,2788.36,33.0,Financiada,481.0,2,3,Não,0
P003695,2025-07-01,30400.0,10004.64,0.3291,20395.36,0.6709,36,Correspondente bancário,2022,3,26,Empresário,7414.09,21.0,Financiada,718.0,1,1,Não,0
P003696,2025-07-01,41600.0,1655.68,0.0398,39944.32,0.9602,48,Revenda multimarca,2022,3,36,CLT,8686.6,24.0,Alugada,301.0,3,4,Não,0
P003697,2025-11-01,86100.0,9031.89,0.1049,77068.11,0.8951,60,Concessionária,2021,4,36,Empresário,7954.13,57.0,Própria,637.0,2,0,Não,0
P003698,2025-09-01,22000.0,1740.2,0.0791,20259.8,0.9209,36,Digital,2022,3,37,Autônomo,1966.98,30.0,Financiada,448.0,5,6,Não,0
P003699,2025-07-01,99700.0,21614.96,0.2168,78085.04,0.7832,48,Concessionária,2022,3,38,Autônomo,3798.88,35.0,Própria,576.0,1,4,Não,0
P003700,2025-10-01,82800.0,23813.28,0.2876,58986.72,0.7124,48,Revenda multimarca,2018,7,26,CLT,5234.83,37.0,Alugada,556.0,1,4,Não,0
P003701,2025-10-01,88100.0,19390.81,0.2201,68709.19,0.7799,48,Concessionária,2022,3,25,Autônomo,,35.0,Alugada,946.0,0,1,Não,0
P003702,2025-10-01,26800.0,6587.44,0.2458,20212.56,0.7542,36,Concessionária,2018,7,29,CLT,4514.58,132.0,Própria,575.0,1,2,Não,0
P003703,2025-11-01,22000.0,4186.6,0.1903,17813.4,0.8097,48,Revenda multimarca,2023,2,49,CLT,2048.28,73.0,Própria,464.0,2,4,Não,0
P003704,2025-11-01,34700.0,8688.88,0.2504,26011.12,0.7496,48,Concessionária,2021,4,37,Empresário,4827.54,71.0,Alugada,353.0,5,3,Não,0
P003705,2025-08-01,25100.0,12281.43,0.4893,12818.57,0.5107,60,Revenda multimarca,2021,4,33,Autônomo,2633.72,5.0,Familiar,527.0,1,0,Não,0
P003706,2025-07-01,38000.0,16469.2,0.4334,21530.8,0.5666,48,Correspondente bancário,2024,1,62,CLT,,16.0,Própria,651.0,1,1,Não,0
P003707,2025-12-01,22000.0,2598.2,0.1181,19401.8,0.8819,24,Digital,2017,8,25,CLT,1860.26,,Própria,,3,2,Não,0
P003708,2025-09-01,51100.0,15089.83,0.2953,36010.17,0.7047,60,Revenda multimarca,2023,2,31,Autônomo,,58.0,Familiar,587.0,0,4,Sim,0
P003709,2025-07-01,35800.0,3898.62,0.1089,31901.38,0.8911,36,Concessionária,2017,8,47,Autônomo,2137.57,3.0,Familiar,463.0,3,0,Não,0
P003710,2025-12-01,30700.0,3447.61,0.1123,27252.39,0.8877,48,Concessionária,2013,12,37,CLT,2660.92,48.0,Alugada,530.0,3,3,Não,0
P003711,2025-12-01,35100.0,7848.36,0.2236,27251.64,0.7764,48,Concessionária,2020,5,37,CLT,2906.35,143.0,Financiada,405.0,3,3,Não,0
P003712,2025-07-01,22000.0,875.6,0.0398,21124.4,0.9602,36,Concessionária,2020,5,33,Autônomo,1788.58,16.0,Própria,444.0,4,3,Sim,0
P003713,2025-12-01,78000.0,33157.8,0.4251,44842.2,0.5749,48,Revenda multimarca,2023,2,40,CLT,4008.88,,Alugada,325.0,3,6,Não,0
P003714,2025-08-01,24700.0,5187.0,0.21,19513.0,0.79,60,Digital,2019,6,40,Empresário,1600.0,,Alugada,273.0,1,4,Sim,0
P003715,2025-12-01,102800.0,11338.84,0.1103,91461.16,0.8897,36,Concessionária,2013,12,75,Aposentado,5507.19,147.0,Própria,597.0,2,1,Não,0
P003716,2025-09-01,48800.0,21950.24,0.4498,26849.76,0.5502,48,Digital,2021,4,57,Aposentado,5938.24,66.0,Própria,621.0,1,3,Não,0
P003717,2025-08-01,67700.0,9951.9,0.147,57748.1,0.853,60,Correspondente bancário,2021,4,31,CLT,8908.13,108.0,Financiada,532.0,3,3,Sim,0
P003718,2025-07-01,35900.0,1382.15,0.0385,34517.85,0.9615,36,Concessionária,2022,3,34,Empresário,10277.21,21.0,Própria,702.0,1,1,Não,0
P003719,2025-12-01,22000.0,5700.2,0.2591,16299.8,0.7409,60,Digital,2022,3,34,Autônomo,1955.06,65.0,Financiada,432.0,5,5,Não,0
P003720,2025-08-01,23800.0,11374.02,0.4779,12425.98,0.5221,48,Correspondente bancário,2015,10,29,Autônomo,1600.0,6.0,Alugada,525.0,5,0,Não,0
P003721,2025-12-01,46600.0,14390.08,0.3088,32209.92,0.6912,36,Digital,2023,2,64,Aposentado,5990.0,109.0,Alugada,462.0,4,2,Não,0
P003722,2025-11-01,24000.0,6883.2,0.2868,17116.8,0.7132,24,Concessionária,2016,9,39,Autônomo,1612.38,96.0,Própria,513.0,2,1,Não,0
P003723,2025-10-01,41800.0,7160.34,0.1713,34639.66,0.8287,24,Correspondente bancário,2022,3,28,CLT,3810.59,65.0,Financiada,341.0,2,1,Sim,0
P003724,2025-09-01,25000.0,4192.5,0.1677,20807.5,0.8323,48,Correspondente bancário,2018,7,54,CLT,3318.78,13.0,Financiada,675.0,1,1,Não,0
P003725,2025-10-01,30800.0,3742.2,0.1215,27057.8,0.8785,36,Concessionária,2019,6,31,CLT,,18.0,Alugada,575.0,0,0,Não,0
P003726,2025-10-01,43900.0,6589.39,0.1501,37310.61,0.8499,60,Concessionária,2019,6,50,CLT,,70.0,Financiada,564.0,0,0,Não,0
P003727,2025-07-01,42900.0,10669.23,0.2487,32230.77,0.7513,36,Revenda multimarca,2024,1,32,Servidor público,6743.19,15.0,Familiar,585.0,0,1,Não,0
P003728,2025-11-01,22000.0,4149.2,0.1886,17850.8,0.8114,36,Concessionária,2023,2,32,Empresário,2292.37,129.0,Alugada,24.0,5,5,Sim,0
P003729,2025-07-01,22000.0,4862.0,0.221,17138.0,0.779,48,Correspondente bancário,2022,3,23,CLT,2023.47,1.0,Alugada,360.0,5,3,Não,0
P003730,2025-08-01,22000.0,2294.6,0.1043,19705.4,0.8957,60,Concessionária,2017,8,29,Autônomo,1600.0,6.0,Familiar,433.0,5,1,Não,0
P003731,2025-09-01,33800.0,3052.14,0.0903,30747.86,0.9097,24,Revenda multimarca,2016,9,38,Empresário,2277.02,61.0,Própria,392.0,3,1,Sim,0
P003732,2025-09-01,30600.0,6949.26,0.2271,23650.74,0.7729,60,Concessionária,2024,1,23,Servidor público,2114.68,31.0,Própria,539.0,1,1,Sim,0
P003733,2025-07-01,36200.0,5107.82,0.1411,31092.18,0.8589,48,Concessionária,2020,5,68,Aposentado,5562.88,134.0,Familiar,561.0,1,4,Não,0
P003734,2025-08-01,30800.0,1447.6,0.047,29352.4,0.953,24,Concessionária,2017,8,35,CLT,3372.88,70.0,Própria,542.0,0,2,Sim,0
P003735,2025-09-01,52000.0,5553.6,0.1068,46446.4,0.8932,24,Revenda multimarca,2021,4,35,CLT,3836.78,,Própria,562.0,2,2,Não,0
P003736,2025-10-01,29700.0,7246.8,0.244,22453.2,0.756,60,Revenda multimarca,2022,3,40,CLT,4857.93,70.0,Alugada,531.0,2,3,Não,0
P003737,2025-11-01,60800.0,17139.52,0.2819,43660.48,0.7181,48,Concessionária,2023,2,42,CLT,15764.73,31.0,Própria,606.0,0,1,Não,0
P003738,2025-08-01,29700.0,7252.74,0.2442,22447.26,0.7558,60,Correspondente bancário,2020,5,36,CLT,4184.78,46.0,Própria,533.0,1,0,Não,0
P003739,2025-09-01,52000.0,17648.8,0.3394,34351.2,0.6606,60,Concessionária,2023,2,41,CLT,8508.05,46.0,Própria,623.0,0,1,Não,0
P003740,2025-07-01,22000.0,1526.8,0.0694,20473.2,0.9306,48,Concessionária,2025,0,69,Aposentado,2398.92,511.0,Familiar,536.0,4,0,Não,0
P003741,2025-11-01,74400.0,20340.96,0.2734,54059.04,0.7266,36,Digital,2023,2,31,Empresário,8562.28,113.0,Alugada,609.0,1,1,Não,0
P003742,2025-11-01,43400.0,7451.78,0.1717,35948.22,0.8283,60,Concessionária,2021,4,37,CLT,5502.68,12.0,Própria,509.0,0,0,Sim,0
P003743,2025-07-01,24100.0,5046.54,0.2094,19053.46,0.7906,24,Revenda multimarca,2023,2,43,Autônomo,1600.0,12.0,Própria,356.0,1,6,Não,0
P003744,2025-09-01,43600.0,19114.24,0.4384,24485.76,0.5616,48,Revenda multimarca,2017,8,46,CLT,,5.0,Própria,548.0,4,2,Não,0
P003745,2025-10-01,64400.0,4050.76,0.0629,60349.24,0.9371,36,Digital,2022,3,25,Servidor público,4659.04,84.0,Financiada,526.0,0,3,Não,0
P003746,2025-09-01,48400.0,19703.64,0.4071,28696.36,0.5929,60,Concessionária,2022,3,37,CLT,5162.34,24.0,Financiada,317.0,5,1,Não,0
P003747,2025-07-01,40800.0,999.6,0.0245,39800.4,0.9755,36,Concessionária,2021,4,53,Servidor público,8584.7,61.0,Financiada,410.0,3,4,Não,0
P003748,2025-12-01,28900.0,10383.77,0.3593,18516.23,0.6407,24,Concessionária,2018,7,24,CLT,4517.88,32.0,Financiada,,4,5,Não,0
P003749,2025-09-01,22000.0,7429.4,0.3377,14570.6,0.6623,24,Revenda multimarca,2016,9,44,CLT,2863.38,53.0,Própria,373.0,5,1,Não,0
P003750,2025-08-01,36200.0,7884.36,0.2178,28315.64,0.7822,60,Concessionária,2020,5,37,CLT,2630.61,81.0,Alugada,533.0,1,6,Não,0
P003751,2025-07-01,40100.0,14195.4,0.354,25904.6,0.646,36,Concessionária,2023,2,22,CLT,5144.73,19.0,Própria,821.0,0,1,Não,0
P003752,2025-12-01,22000.0,2048.2,0.0931,19951.8,0.9069,60,Concessionária,2021,4,27,CLT,2841.43,75.0,Própria,,0,0,Não,0
P003753,2025-09-01,70300.0,10151.32,0.1444,60148.68,0.8556,48,Correspondente bancário,2024,1,39,Empresário,5510.86,30.0,Financiada,795.0,0,0,Não,0
P003754,2025-08-01,66500.0,32385.5,0.487,34114.5,0.513,36,Revenda multimarca,2023,2,30,CLT,,28.0,Financiada,591.0,0,0,Sim,0
P003755,2025-07-01,22000.0,10177.2,0.4626,11822.8,0.5374,36,Revenda multimarca,2022,3,59,Servidor público,2226.01,8.0,Financiada,328.0,3,5,Não,0
P003756,2025-07-01,22000.0,14680.6,0.6673,7319.4,0.3327,60,Digital,2016,9,30,CLT,1600.0,2.0,Financiada,232.0,5,2,Não,0
P003757,2025-11-01,25200.0,10715.04,0.4252,14484.96,0.5748,60,Revenda multimarca,2022,3,27,CLT,6549.1,106.0,Financiada,648.0,0,1,Não,0
P003758,2025-08-01,22500.0,6662.25,0.2961,15837.75,0.7039,24,Digital,2016,9,46,Autônomo,2646.12,29.0,Familiar,587.0,1,2,Não,0
P003759,2025-10-01,23500.0,5931.4,0.2524,17568.6,0.7476,48,Correspondente bancário,2019,6,24,CLT,,72.0,Alugada,462.0,2,1,Não,0
P003760,2025-12-01,26700.0,6891.27,0.2581,19808.73,0.7419,60,Digital,2019,6,67,Aposentado,2674.5,67.0,Própria,673.0,0,0,Não,0
P003761,2025-11-01,42400.0,3726.96,0.0879,38673.04,0.9121,48,Correspondente bancário,2018,7,29,CLT,1600.0,9.0,Própria,416.0,5,3,Não,0
P003762,2025-10-01,22000.0,1900.8,0.0864,20099.2,0.9136,48,Concessionária,2019,6,30,Autônomo,3507.81,8.0,Própria,369.0,4,3,Não,0
P003763,2025-11-01,38200.0,13866.6,0.363,24333.4,0.637,24,Revenda multimarca,2024,1,42,CLT,10493.3,120.0,Financiada,618.0,0,2,Não,0
P003764,2025-11-01,32500.0,5079.75,0.1563,27420.25,0.8437,36,Digital,2020,5,39,Servidor público,3420.43,31.0,Própria,578.0,0,1,Não,0
P003765,2025-09-01,74300.0,12036.6,0.162,62263.4,0.838,60,Revenda multimarca,2019,6,44,Servidor público,6803.81,7.0,Financiada,324.0,5,3,Não,0
P003766,2025-11-01,22500.0,4248.0,0.1888,18252.0,0.8112,48,Correspondente bancário,2024,1,29,Servidor público,3376.51,132.0,Alugada,687.0,1,1,Não,0
P003767,2025-08-01,33600.0,21184.8,0.6305,12415.2,0.3695,60,Revenda multimarca,2022,3,27,Servidor público,4149.12,32.0,Alugada,777.0,0,1,Não,0
P003768,2025-08-01,33600.0,3356.64,0.0999,30243.36,0.9001,48,Concessionária,2021,4,34,CLT,4245.25,59.0,Financiada,603.0,0,3,Sim,0
P003769,2025-10-01,30500.0,5645.55,0.1851,24854.45,0.8149,48,Concessionária,2017,8,25,CLT,3169.39,84.0,Alugada,,1,1,Não,0
P003770,2025-12-01,58300.0,1166.0,0.02,57134.0,0.98,36,Correspondente bancário,2019,6,30,CLT,,3.0,Alugada,485.0,1,3,Sim,0
P003771,2025-09-01,34300.0,18010.93,0.5251,16289.07,0.4749,48,Concessionária,2022,3,30,CLT,5181.2,82.0,Familiar,550.0,1,2,Não,0
P003772,2025-09-01,47800.0,6701.56,0.1402,41098.44,0.8598,24,Concessionária,2023,2,38,Autônomo,2883.94,168.0,Própria,675.0,0,1,Não,0
P003773,2025-11-01,58800.0,11718.84,0.1993,47081.16,0.8007,48,Concessionária,2019,6,75,Aposentado,9253.92,116.0,Familiar,725.0,0,1,Não,0
P003774,2025-09-01,32400.0,22848.48,0.7052,9551.52,0.2948,24,Digital,2019,6,26,CLT,4817.14,29.0,Financiada,785.0,0,1,Não,0
P003775,2025-07-01,22000.0,8507.4,0.3867,13492.6,0.6133,60,Concessionária,2022,3,25,Autônomo,1717.29,33.0,Familiar,306.0,5,4,Não,0
P003776,2025-07-01,53000.0,3466.2,0.0654,49533.8,0.9346,48,Revenda multimarca,2014,11,32,CLT,3493.83,104.0,Familiar,612.0,2,4,Não,0
P003777,2025-12-01,124000.0,36108.8,0.2912,87891.2,0.7088,48,Concessionária,2023,2,32,CLT,9213.48,18.0,Alugada,852.0,1,0,Não,0
P003778,2025-12-01,27600.0,5746.32,0.2082,21853.68,0.7918,48,Revenda multimarca,2022,3,26,Autônomo,1600.0,,Familiar,256.0,5,0,Não,0
P003779,2025-12-01,32300.0,4444.48,0.1376,27855.52,0.8624,48,Revenda multimarca,2023,2,50,Servidor público,3485.89,92.0,Familiar,,1,2,Não,0
P003780,2025-11-01,41200.0,2653.28,0.0644,38546.72,0.9356,48,Correspondente bancário,2024,1,25,Servidor público,8464.29,30.0,Própria,,0,0,Não,0
P003781,2025-12-01,22000.0,4173.4,0.1897,17826.6,0.8103,48,Digital,2020,5,51,Autônomo,1600.0,104.0,Alugada,280.0,5,3,Não,0
P003782,2025-12-01,22300.0,8311.21,0.3727,13988.79,0.6273,36,Concessionária,2024,1,29,CLT,8472.58,100.0,Alugada,616.0,1,2,Não,0
P003783,2025-09-01,46800.0,4441.32,0.0949,42358.68,0.9051,36,Concessionária,2022,3,30,Servidor público,8936.01,37.0,Financiada,733.0,0,1,Não,0
P003784,2025-12-01,46400.0,3345.44,0.0721,43054.56,0.9279,48,Correspondente bancário,2019,6,37,CLT,2721.78,42.0,Financiada,419.0,1,1,Sim,0
P003785,2025-08-01,22000.0,2884.2,0.1311,19115.8,0.8689,60,Concessionária,2020,5,46,CLT,4942.32,22.0,Financiada,170.0,5,10,Sim,0
P003786,2025-12-01,36500.0,730.0,0.02,35770.0,0.98,36,Digital,2021,4,41,CLT,3474.72,174.0,Financiada,450.0,2,3,Não,0
P003787,2025-10-01,41600.0,2371.2,0.057,39228.8,0.943,36,Concessionária,2022,3,35,Empresário,,17.0,Própria,606.0,0,4,Sim,0
P003788,2025-10-01,73000.0,2248.4,0.0308,70751.6,0.9692,60,Concessionária,2025,0,34,Autônomo,3047.76,8.0,Própria,565.0,0,0,Sim,0
P003789,2025-12-01,23900.0,12036.04,0.5036,11863.96,0.4964,24,Revenda multimarca,2020,5,50,CLT,3539.83,16.0,Própria,517.0,1,0,Não,0
P003790,2025-08-01,22000.0,3135.0,0.1425,18865.0,0.8575,48,Correspondente bancário,2021,4,43,Autônomo,1600.0,,Própria,363.0,2,1,Sim,0
P003791,2025-09-01,28900.0,14227.47,0.4923,14672.53,0.5077,24,Concessionária,2023,2,33,CLT,2035.0,17.0,Própria,598.0,1,3,Não,0
P003792,2025-09-01,38700.0,11803.5,0.305,26896.5,0.695,60,Revenda multimarca,2023,2,35,Servidor público,2963.14,25.0,Familiar,622.0,0,0,Não,0
P003793,2025-08-01,68800.0,10340.64,0.1503,58459.36,0.8497,60,Digital,2021,4,37,Servidor público,4295.45,82.0,Financiada,580.0,0,0,Não,0
P003794,2025-07-01,51500.0,5160.3,0.1002,46339.7,0.8998,60,Digital,2020,5,27,Servidor público,6011.31,93.0,Financiada,464.0,2,1,Não,0
P003795,2025-09-01,24400.0,4845.84,0.1986,19554.16,0.8014,48,Concessionária,2023,2,37,CLT,2304.63,10.0,Financiada,503.0,1,2,Não,0
P003796,2025-12-01,28900.0,6566.08,0.2272,22333.92,0.7728,48,Revenda multimarca,2021,4,24,CLT,2633.27,72.0,Financiada,392.0,1,3,Sim,0
P003797,2025-09-01,72500.0,30261.5,0.4174,42238.5,0.5826,60,Concessionária,2018,7,28,CLT,6198.28,24.0,Financiada,618.0,2,0,Não,0
P003798,2025-10-01,22000.0,5957.6,0.2708,16042.4,0.7292,24,Concessionária,2022,3,33,Empresário,5081.66,84.0,Familiar,590.0,1,0,Não,0
P003799,2025-09-01,22000.0,6868.4,0.3122,15131.6,0.6878,48,Concessionária,2023,2,40,Autônomo,2339.49,60.0,Financiada,542.0,0,3,Não,0
P003800,2025-12-01,24800.0,7130.0,0.2875,17670.0,0.7125,48,Concessionária,2013,12,25,Autônomo,1867.03,84.0,Familiar,660.0,1,1,Não,0
P003801,2025-12-01,36200.0,7583.9,0.2095,28616.1,0.7905,48,Concessionária,2023,2,28,CLT,6999.95,11.0,Alugada,841.0,0,1,Não,0
P003802,2025-11-01,72800.0,18658.64,0.2563,54141.36,0.7437,36,Revenda multimarca,2023,2,31,Servidor público,7375.29,,Própria,841.0,0,2,Não,0
P003803,2025-09-01,40000.0,9924.0,0.2481,30076.0,0.7519,60,Concessionária,2020,5,44,Autônomo,3979.25,73.0,Alugada,435.0,0,5,Sim,0
P003804,2025-11-01,40800.0,11538.24,0.2828,29261.76,0.7172,48,Revenda multimarca,2019,6,43,CLT,3405.19,50.0,Alugada,542.0,4,3,Não,0
P003805,2025-11-01,50900.0,13234.0,0.26,37666.0,0.74,24,Digital,2018,7,33,CLT,6726.86,52.0,Alugada,424.0,2,1,Sim,0
P003806,2025-12-01,22000.0,440.0,0.02,21560.0,0.98,36,Correspondente bancário,2024,1,26,CLT,,66.0,Financiada,680.0,1,1,Não,0
P003807,2025-10-01,56500.0,16927.4,0.2996,39572.6,0.7004,24,Digital,2018,7,72,CLT,8333.1,15.0,Financiada,525.0,0,0,Não,0
P003808,2025-08-01,25000.0,4525.0,0.181,20475.0,0.819,36,Revenda multimarca,2016,9,32,CLT,1807.84,53.0,Financiada,542.0,3,2,Não,0
P003809,2025-11-01,36500.0,14610.95,0.4003,21889.05,0.5997,60,Concessionária,2024,1,38,CLT,3734.91,2.0,Própria,467.0,3,2,Não,0
P003810,2025-10-01,49100.0,26725.13,0.5443,22374.87,0.4557,36,Digital,2020,5,49,Autônomo,3899.03,58.0,Própria,716.0,0,1,Não,0
P003811,2025-08-01,68600.0,1372.0,0.02,67228.0,0.98,60,Concessionária,2022,3,36,CLT,8650.87,15.0,Própria,589.0,1,2,Não,0
P003812,2025-08-01,56700.0,7762.23,0.1369,48937.77,0.8631,24,Revenda multimarca,2023,2,38,CLT,10167.9,52.0,Alugada,588.0,0,3,Não,0
P003813,2025-10-01,22000.0,2224.2,0.1011,19775.8,0.8989,60,Correspondente bancário,2015,10,40,Empresário,3904.27,57.0,Própria,371.0,4,4,Sim,0
P003814,2025-08-01,32800.0,18158.08,0.5536,14641.92,0.4464,48,Digital,2025,0,31,CLT,6264.12,102.0,Alugada,700.0,0,1,Não,0
P003815,2025-11-01,69200.0,1384.0,0.02,67816.0,0.98,36,Digital,2023,2,33,Empresário,16215.77,2.0,Familiar,760.0,1,1,Não,0
P003816,2025-07-01,25200.0,4347.0,0.1725,20853.0,0.8275,48,Digital,2021,4,36,Autônomo,2298.31,,Financiada,585.0,2,4,Sim,0
P003817,2025-08-01,29500.0,3315.8,0.1124,26184.2,0.8876,36,Revenda multimarca,2020,5,55,Empresário,5007.68,116.0,Alugada,360.0,4,4,Não,0
P003818,2025-10-01,43300.0,2831.82,0.0654,40468.18,0.9346,60,Concessionária,2022,3,26,Servidor público,2058.6,37.0,Alugada,,3,3,Sim,0
P003819,2025-10-01,28000.0,5885.6,0.2102,22114.4,0.7898,60,Digital,2020,5,36,CLT,7136.52,19.0,Própria,498.0,0,0,Não,0
P003820,2025-07-01,40200.0,9660.06,0.2403,30539.94,0.7597,60,Revenda multimarca,2024,1,51,Servidor público,4895.89,25.0,Alugada,308.0,5,3,Sim,0
P003821,2025-12-01,29800.0,5364.0,0.18,24436.0,0.82,48,Concessionária,2022,3,66,Servidor público,5726.28,112.0,Financiada,538.0,2,1,Não,0
P003822,2025-09-01,27800.0,8284.4,0.298,19515.6,0.702,36,Revenda multimarca,2014,11,41,CLT,5542.34,20.0,Própria,423.0,2,1,Não,0
P003823,2025-08-01,46900.0,9858.38,0.2102,37041.62,0.7898,48,Revenda multimarca,2020,5,40,Autônomo,3066.45,7.0,Familiar,432.0,5,1,Não,0
P003824,2025-10-01,38400.0,4323.84,0.1126,34076.16,0.8874,36,Correspondente bancário,2020,5,33,Empresário,6609.42,,Alugada,502.0,2,5,Não,0
P003825,2025-08-01,50600.0,21231.76,0.4196,29368.24,0.5804,24,Concessionária,2024,1,69,CLT,7187.04,18.0,Familiar,721.0,0,0,Não,0
P003826,2025-07-01,29900.0,2439.84,0.0816,27460.16,0.9184,36,Concessionária,2016,9,32,CLT,3252.78,48.0,Alugada,706.0,0,0,Não,0
P003827,2025-09-01,33700.0,8778.85,0.2605,24921.15,0.7395,60,Concessionária,2021,4,31,Autônomo,1951.21,23.0,Alugada,625.0,1,4,Não,0
P003828,2025-09-01,93300.0,6857.55,0.0735,86442.45,0.9265,48,Revenda multimarca,2023,2,42,Empresário,6039.08,53.0,Própria,772.0,0,0,Sim,0
P003829,2025-07-01,64700.0,23097.9,0.357,41602.1,0.643,48,Concessionária,2025,0,25,Empresário,22224.75,5.0,Familiar,949.0,0,0,Não,0
P003830,2025-11-01,35400.0,8864.16,0.2504,26535.84,0.7496,24,Concessionária,2024,1,48,CLT,9255.96,21.0,Financiada,946.0,0,0,Não,0
P003831,2025-07-01,37900.0,19510.92,0.5148,18389.08,0.4852,24,Correspondente bancário,2024,1,51,CLT,4497.38,76.0,Familiar,483.0,1,2,Não,0
P003832,2025-09-01,27300.0,4007.64,0.1468,23292.36,0.8532,48,Correspondente bancário,2019,6,47,Autônomo,5971.13,66.0,Alugada,559.0,0,0,Não,0
P003833,2025-09-01,60600.0,24761.16,0.4086,35838.84,0.5914,48,Correspondente bancário,2024,1,60,CLT,12925.51,41.0,Financiada,714.0,1,0,Não,0
P003834,2025-09-01,38100.0,4933.95,0.1295,33166.05,0.8705,36,Concessionária,2018,7,29,CLT,4205.13,111.0,Própria,609.0,1,1,Não,0
P003835,2025-09-01,104900.0,13678.96,0.1304,91221.04,0.8696,36,Concessionária,2022,3,36,CLT,8730.58,120.0,Própria,1000.0,0,1,Não,0
P003836,2025-12-01,22000.0,4576.0,0.208,17424.0,0.792,48,Concessionária,2017,8,35,CLT,1600.0,10.0,Alugada,397.0,3,3,Não,0
P003837,2025-11-01,38700.0,11629.35,0.3005,27070.65,0.6995,36,Concessionária,2015,10,46,CLT,3861.12,,Financiada,497.0,3,3,Sim,0
P003838,2025-08-01,56500.0,3299.6,0.0584,53200.4,0.9416,60,Digital,2024,1,40,CLT,7861.21,19.0,Financiada,652.0,0,4,Não,0
P003839,2025-11-01,63100.0,1262.0,0.02,61838.0,0.98,60,Correspondente bancário,2020,5,54,Servidor público,,34.0,Financiada,420.0,3,1,Não,0
P003840,2025-11-01,55000.0,3822.5,0.0695,51177.5,0.9305,48,Concessionária,2023,2,29,Empresário,7673.56,59.0,Familiar,725.0,2,4,Não,0
P003841,2025-10-01,22000.0,7711.0,0.3505,14289.0,0.6495,24,Concessionária,2018,7,27,CLT,2894.14,6.0,Própria,777.0,1,3,Não,0
P003842,2025-08-01,29200.0,4380.0,0.15,24820.0,0.85,48,Digital,2022,3,29,Autônomo,1600.0,90.0,Própria,669.0,1,2,Não,0
P003843,2025-10-01,22000.0,2208.8,0.1004,19791.2,0.8996,36,Digital,2024,1,55,CLT,2066.98,48.0,Alugada,198.0,5,5,Não,0
P003844,2025-10-01,55800.0,3297.78,0.0591,52502.22,0.9409,48,Correspondente bancário,2021,4,51,CLT,2416.49,47.0,Financiada,595.0,0,2,Não,0
P003845,2025-08-01,49900.0,12914.12,0.2588,36985.88,0.7412,48,Digital,2016,9,33,CLT,4480.47,,Alugada,462.0,3,1,Não,0
P003846,2025-11-01,64000.0,33881.6,0.5294,30118.4,0.4706,24,Correspondente bancário,2020,5,57,CLT,7521.07,64.0,Alugada,512.0,3,1,Não,0
P003847,2025-08-01,53800.0,14246.24,0.2648,39553.76,0.7352,36,Concessionária,2013,12,34,CLT,2389.35,178.0,Alugada,394.0,3,1,Não,0
P003848,2025-12-01,22000.0,3115.2,0.1416,18884.8,0.8584,60,Concessionária,2019,6,44,CLT,2543.87,40.0,Financiada,533.0,1,4,Não,0
P003849,2025-11-01,100900.0,7506.96,0.0744,93393.04,0.9256,36,Revenda multimarca,2024,1,50,CLT,19971.61,31.0,Própria,663.0,0,1,Não,0
P003850,2025-12-01,23000.0,862.5,0.0375,22137.5,0.9625,60,Concessionária,2020,5,35,CLT,3523.18,83.0,Financiada,579.0,5,5,Sim,0
P003851,2025-11-01,74500.0,37786.4,0.5072,36713.6,0.4928,24,Concessionária,2022,3,24,Servidor público,5981.92,72.0,Própria,525.0,1,4,Não,0
P003852,2025-09-01,58200.0,8281.86,0.1423,49918.14,0.8577,36,Revenda multimarca,2019,6,63,Aposentado,7524.88,,Familiar,,1,0,Não,0
P003853,2025-11-01,22000.0,4699.2,0.2136,17300.8,0.7864,24,Concessionária,2022,3,45,CLT,3646.57,44.0,Familiar,415.0,1,4,Não,0
P003854,2025-08-01,66100.0,9822.46,0.1486,56277.54,0.8514,48,Revenda multimarca,2021,4,74,Servidor público,8877.88,106.0,Alugada,418.0,1,1,Sim,0
P003855,2025-12-01,38400.0,16358.4,0.426,22041.6,0.574,48,Correspondente bancário,2022,3,30,Servidor público,10301.75,144.0,Própria,704.0,0,0,Não,0
P003856,2025-10-01,32800.0,6661.68,0.2031,26138.32,0.7969,48,Revenda multimarca,2016,9,27,CLT,2296.07,,Financiada,364.0,2,5,Sim,0
P003857,2025-09-01,117700.0,7509.26,0.0638,110190.74,0.9362,36,Digital,2022,3,41,CLT,,29.0,Financiada,,0,1,Não,0
P003858,2025-07-01,58400.0,29001.44,0.4966,29398.56,0.5034,48,Revenda multimarca,2021,4,38,Servidor público,5640.55,,Alugada,478.0,2,3,Sim,0
P003859,2025-09-01,36400.0,6479.2,0.178,29920.8,0.822,48,Correspondente bancário,2022,3,25,Empresário,5170.73,20.0,Financiada,328.0,4,5,Sim,0
P003860,2025-09-01,22000.0,2620.2,0.1191,19379.8,0.8809,60,Revenda multimarca,2022,3,23,CLT,2493.1,56.0,Alugada,586.0,1,2,Sim,0
P003861,2025-11-01,44000.0,1007.6,0.0229,42992.4,0.9771,48,Correspondente bancário,2019,6,46,CLT,5353.51,,Alugada,771.0,0,2,Não,0
P003862,2025-07-01,25500.0,2157.3,0.0846,23342.7,0.9154,48,Digital,2015,10,37,CLT,2040.23,70.0,Familiar,387.0,3,1,Sim,0
P003863,2025-09-01,28300.0,9305.04,0.3288,18994.96,0.6712,48,Digital,2023,2,33,CLT,3180.83,6.0,Familiar,357.0,2,4,Não,0
P003864,2025-11-01,27200.0,4254.08,0.1564,22945.92,0.8436,24,Concessionária,2020,5,30,CLT,4104.87,32.0,Financiada,537.0,3,2,Não,0
P003865,2025-10-01,55700.0,6405.5,0.115,49294.5,0.885,60,Revenda multimarca,2025,0,44,CLT,1920.12,8.0,Alugada,262.0,5,4,Sim,0
P003866,2025-12-01,22000.0,7370.0,0.335,14630.0,0.665,36,Revenda multimarca,2022,3,28,CLT,2018.55,81.0,Própria,666.0,0,5,Não,0
P003867,2025-07-01,51300.0,16364.7,0.319,34935.3,0.681,60,Concessionária,2022,3,27,Autônomo,5009.33,29.0,Alugada,771.0,0,1,Não,0
P003868,2025-08-01,48400.0,15957.48,0.3297,32442.52,0.6703,48,Correspondente bancário,2020,5,32,Empresário,3577.58,27.0,Financiada,271.0,5,12,Não,0
P003869,2025-09-01,37400.0,18254.94,0.4881,19145.06,0.5119,24,Correspondente bancário,2019,6,50,Autônomo,4112.05,,Financiada,695.0,0,0,Não,0
P003870,2025-10-01,22000.0,6309.6,0.2868,15690.4,0.7132,60,Concessionária,2024,1,35,Empresário,2794.05,15.0,Alugada,644.0,2,1,Não,0
P003871,2025-11-01,47400.0,15466.62,0.3263,31933.38,0.6737,60,Digital,2023,2,48,CLT,5952.62,13.0,Própria,627.0,0,1,Sim,0
P003872,2025-11-01,61300.0,11407.93,0.1861,49892.07,0.8139,48,Revenda multimarca,2023,2,29,CLT,6111.84,59.0,Alugada,727.0,0,0,Não,0
P003873,2025-10-01,52900.0,18144.7,0.343,34755.3,0.657,48,Revenda multimarca,2022,3,24,Empresário,,9.0,Financiada,602.0,0,3,Não,0
P003874,2025-09-01,22000.0,9079.4,0.4127,12920.6,0.5873,48,Concessionária,2015,10,29,Empresário,2808.88,47.0,Alugada,397.0,3,4,Não,0
P003875,2025-11-01,73000.0,7095.6,0.0972,65904.4,0.9028,24,Revenda multimarca,2024,1,34,Empresário,10063.59,20.0,Própria,700.0,1,2,Não,0
P003876,2025-11-01,39800.0,9623.64,0.2418,30176.36,0.7582,60,Correspondente bancário,2015,10,33,Autônomo,2407.29,7.0,Financiada,615.0,2,0,Não,0
P003877,2025-07-01,22000.0,2112.0,0.096,19888.0,0.904,24,Digital,2019,6,34,CLT,2389.28,59.0,Alugada,538.0,0,1,Não,0
P003878,2025-09-01,23300.0,3907.41,0.1677,19392.59,0.8323,24,Digital,2019,6,68,Aposentado,3195.17,178.0,Familiar,641.0,1,2,Não,0
P003879,2025-09-01,33200.0,14438.68,0.4349,18761.32,0.5651,48,Concessionária,2020,5,25,CLT,3567.08,33.0,Alugada,469.0,4,2,Sim,0
P003880,2025-07-01,37200.0,10029.12,0.2696,27170.88,0.7304,36,Concessionária,2022,3,45,Servidor público,7363.04,14.0,Própria,557.0,3,0,Não,0
P003881,2025-07-01,40400.0,4532.88,0.1122,35867.12,0.8878,48,Correspondente bancário,2022,3,26,Empresário,7876.77,58.0,Familiar,379.0,5,3,Não,0
P003882,2025-10-01,49200.0,11443.92,0.2326,37756.08,0.7674,48,Concessionária,2019,6,67,Aposentado,5149.28,26.0,Própria,658.0,1,2,Sim,0
P003883,2025-11-01,90300.0,3666.18,0.0406,86633.82,0.9594,36,Revenda multimarca,2019,6,38,Autônomo,2881.45,17.0,Própria,375.0,3,4,Não,0
P003884,2025-12-01,35800.0,716.0,0.02,35084.0,0.98,60,Digital,2022,3,41,Autônomo,3388.75,28.0,Financiada,558.0,1,1,Não,0
P003885,2025-12-01,47100.0,7658.46,0.1626,39441.54,0.8374,24,Revenda multimarca,2023,2,63,Aposentado,6181.86,81.0,Financiada,827.0,0,1,Não,0
P003886,2025-11-01,37200.0,2101.8,0.0565,35098.2,0.9435,48,Concessionária,2023,2,34,CLT,4025.58,,Própria,768.0,0,1,Não,0
P003887,2025-09-01,25300.0,12503.26,0.4942,12796.74,0.5058,60,Revenda multimarca,2025,0,68,Aposentado,3239.2,127.0,Familiar,352.0,2,0,Não,0
P003888,2025-10-01,49500.0,13503.6,0.2728,35996.4,0.7272,60,Correspondente bancário,2018,7,71,Aposentado,3157.88,343.0,Própria,353.0,5,2,Não,0
P003889,2025-12-01,22000.0,12280.4,0.5582,9719.6,0.4418,48,Revenda multimarca,2019,6,38,CLT,2169.47,,Financiada,547.0,2,2,Não,0
P003890,2025-12-01,62400.0,19400.16,0.3109,42999.84,0.6891,36,Revenda multimarca,2024,1,75,CLT,5197.54,42.0,Financiada,787.0,0,1,Não,0
P003891,2025-10-01,63700.0,3739.19,0.0587,59960.81,0.9413,36,Concessionária,2014,11,24,Autônomo,2879.8,47.0,Própria,,1,1,Sim,0
P003892,2025-07-01,26900.0,5678.59,0.2111,21221.41,0.7889,48,Correspondente bancário,2015,10,23,CLT,2722.64,17.0,Familiar,658.0,2,1,Não,0
P003893,2025-07-01,73700.0,3817.66,0.0518,69882.34,0.9482,36,Concessionária,2022,3,30,Empresário,7519.84,40.0,Familiar,713.0,0,1,Não,0
P003894,2025-08-01,28000.0,5157.6,0.1842,22842.4,0.8158,24,Concessionária,2021,4,75,Aposentado,7472.25,279.0,Alugada,,5,5,Sim,0
P003895,2025-11-01,62200.0,36306.14,0.5837,25893.86,0.4163,36,Revenda multimarca,2023,2,28,CLT,4799.43,18.0,Familiar,656.0,1,0,Não,0
P003896,2025-07-01,34700.0,2737.83,0.0789,31962.17,0.9211,48,Concessionária,2023,2,35,Autônomo,3563.77,17.0,Alugada,396.0,5,2,Não,0
P003897,2025-12-01,36700.0,13957.01,0.3803,22742.99,0.6197,60,Concessionária,2022,3,63,Aposentado,2279.14,103.0,Familiar,328.0,5,3,Não,0
P003898,2025-07-01,94500.0,22869.0,0.242,71631.0,0.758,60,Concessionária,2022,3,75,Autônomo,10860.93,40.0,Alugada,724.0,0,1,Não,0
P003899,2025-10-01,49500.0,6068.7,0.1226,43431.3,0.8774,24,Concessionária,2019,6,31,Autônomo,3103.72,9.0,Própria,674.0,0,1,Não,0
P003900,2025-07-01,45000.0,4144.5,0.0921,40855.5,0.9079,24,Concessionária,2018,7,27,Autônomo,3860.45,10.0,Financiada,748.0,0,0,Não,0
P003901,2025-07-01,28400.0,1650.04,0.0581,26749.96,0.9419,48,Concessionária,2017,8,56,Autônomo,3883.11,4.0,Alugada,490.0,3,2,Não,0
P003902,2025-09-01,102900.0,31703.49,0.3081,71196.51,0.6919,36,Revenda multimarca,2024,1,52,Empresário,17241.58,121.0,Familiar,571.0,2,0,Não,0
P003903,2025-10-01,26200.0,6382.32,0.2436,19817.68,0.7564,24,Concessionária,2020,5,46,Autônomo,2198.57,,Financiada,497.0,1,3,Não,0
P003904,2025-12-01,50300.0,7977.58,0.1586,42322.42,0.8414,36,Concessionária,2023,2,39,Servidor público,11319.48,11.0,Alugada,398.0,4,2,Sim,0
P003905,2025-08-01,43100.0,6275.36,0.1456,36824.64,0.8544,36,Concessionária,2024,1,68,Aposentado,3245.8,186.0,Alugada,690.0,0,0,Não,0
P003906,2025-11-01,32400.0,8932.68,0.2757,23467.32,0.7243,24,Concessionária,2019,6,36,CLT,5390.81,5.0,Familiar,512.0,2,1,Não,0
P003907,2025-07-01,36000.0,13388.4,0.3719,22611.6,0.6281,48,Correspondente bancário,2014,11,54,CLT,,47.0,Alugada,539.0,1,5,Sim,0
P003908,2025-07-01,25200.0,1758.96,0.0698,23441.04,0.9302,36,Digital,2013,12,32,CLT,2146.09,21.0,Financiada,442.0,4,3,Não,0
P003909,2025-09-01,22000.0,2697.2,0.1226,19302.8,0.8774,60,Digital,2020,5,29,CLT,1851.32,61.0,Alugada,362.0,2,0,Não,0
P003910,2025-07-01,23100.0,5932.08,0.2568,17167.92,0.7432,24,Correspondente bancário,2020,5,31,CLT,2170.58,35.0,Financiada,352.0,1,1,Não,0
P003911,2025-10-01,61800.0,11426.82,0.1849,50373.18,0.8151,48,Concessionária,2020,5,59,Servidor público,4475.83,81.0,Familiar,716.0,0,1,Não,0
P003912,2025-12-01,25500.0,13685.85,0.5367,11814.15,0.4633,36,Correspondente bancário,2021,4,73,Aposentado,4154.33,169.0,Própria,376.0,5,6,Não,0
P003913,2025-09-01,35700.0,6686.61,0.1873,29013.39,0.8127,24,Digital,2022,3,50,CLT,2809.43,48.0,Alugada,671.0,0,4,Não,0
P003914,2025-08-01,56200.0,16359.82,0.2911,39840.18,0.7089,48,Concessionária,2025,0,75,Aposentado,11134.89,69.0,Própria,883.0,0,0,Não,0
P003915,2025-09-01,49700.0,9204.44,0.1852,40495.56,0.8148,24,Revenda multimarca,2022,3,39,CLT,5890.71,,Própria,628.0,0,3,Não,0
P003916,2025-10-01,52700.0,5464.99,0.1037,47235.01,0.8963,48,Digital,2023,2,41,Servidor público,4203.96,23.0,Financiada,560.0,1,0,Não,0
P003917,2025-07-01,23700.0,3225.57,0.1361,20474.43,0.8639,48,Concessionária,2020,5,48,Autônomo,1909.13,9.0,Própria,242.0,5,5,Sim,0
P003918,2025-09-01,71100.0,11390.22,0.1602,59709.78,0.8398,48,Concessionária,2022,3,75,Aposentado,4298.88,95.0,Familiar,502.0,4,1,Sim,0
P003919,2025-08-01,35100.0,2625.48,0.0748,32474.52,0.9252,36,Concessionária,2021,4,45,CLT,5323.44,4.0,Própria,731.0,0,0,Não,0
P003920,2025-07-01,97800.0,28694.52,0.2934,69105.48,0.7066,48,Digital,2019,6,35,Servidor público,16057.84,177.0,Financiada,767.0,0,2,Não,0
P003921,2025-12-01,35200.0,5632.0,0.16,29568.0,0.84,36,Revenda multimarca,2019,6,22,CLT,5804.18,48.0,Familiar,429.0,0,1,Sim,0
P003922,2025-12-01,22000.0,4338.4,0.1972,17661.6,0.8028,48,Revenda multimarca,2019,6,26,Autônomo,2741.96,23.0,Própria,397.0,2,2,Sim,0
P003923,2025-10-01,39600.0,12525.48,0.3163,27074.52,0.6837,36,Concessionária,2021,4,29,Servidor público,4613.29,91.0,Familiar,555.0,1,2,Não,0
P003924,2025-07-01,88500.0,3380.7,0.0382,85119.3,0.9618,36,Digital,2020,5,42,Empresário,8995.86,31.0,Própria,540.0,3,2,Não,0
P003925,2025-09-01,59500.0,6658.05,0.1119,52841.95,0.8881,60,Concessionária,2022,3,38,Autônomo,6921.6,,Própria,,0,2,Não,0
P003926,2025-08-01,35500.0,3248.25,0.0915,32251.75,0.9085,48,Revenda multimarca,2023,2,41,Servidor público,,,Própria,472.0,0,0,Não,0
P003927,2025-08-01,32500.0,12294.75,0.3783,20205.25,0.6217,60,Concessionária,2021,4,40,CLT,3041.35,72.0,Própria,693.0,0,1,Não,0
P003928,2025-08-01,34900.0,9649.85,0.2765,25250.15,0.7235,60,Revenda multimarca,2019,6,39,Servidor público,1600.0,206.0,Familiar,342.0,5,1,Não,0
P003929,2025-10-01,44200.0,16084.38,0.3639,28115.62,0.6361,36,Correspondente bancário,2017,8,24,CLT,3133.05,27.0,Alugada,507.0,0,2,Não,0
P003930,2025-12-01,74900.0,13953.87,0.1863,60946.13,0.8137,48,Revenda multimarca,2023,2,42,Empresário,12392.29,22.0,Alugada,830.0,0,1,Sim,0
P003931,2025-10-01,159500.0,35153.8,0.2204,124346.2,0.7796,60,Revenda multimarca,2019,6,44,Servidor público,19769.59,,Própria,557.0,0,0,Não,0
P003932,2025-09-01,24500.0,3275.65,0.1337,21224.35,0.8663,36,Correspondente bancário,2020,5,28,CLT,,56.0,Alugada,567.0,4,2,Sim,0
P003933,2025-10-01,29200.0,8946.88,0.3064,20253.12,0.6936,24,Concessionária,2019,6,37,Autônomo,,115.0,Alugada,519.0,4,2,Não,0
P003934,2025-09-01,22000.0,7455.8,0.3389,14544.2,0.6611,36,Revenda multimarca,2016,9,39,CLT,1750.55,14.0,Própria,268.0,5,2,Sim,0
P003935,2025-08-01,22200.0,930.18,0.0419,21269.82,0.9581,48,Correspondente bancário,2022,3,31,Servidor público,3510.53,,Alugada,483.0,0,3,Não,0
P003936,2025-12-01,39600.0,19780.2,0.4995,19819.8,0.5005,48,Concessionária,2023,2,33,Servidor público,11963.28,124.0,Financiada,723.0,2,3,Não,0
P003937,2025-07-01,55800.0,12722.4,0.228,43077.6,0.772,48,Revenda multimarca,2022,3,27,CLT,2371.93,,Alugada,438.0,5,1,Não,0
P003938,2025-07-01,31300.0,5859.36,0.1872,25440.64,0.8128,36,Revenda multimarca,2023,2,47,CLT,5064.66,,Financiada,526.0,2,0,Não,0
P003939,2025-07-01,43000.0,6677.9,0.1553,36322.1,0.8447,24,Concessionária,2024,1,43,Servidor público,8376.94,35.0,Alugada,593.0,0,3,Não,0
P003940,2025-11-01,39900.0,3355.59,0.0841,36544.41,0.9159,48,Concessionária,2023,2,36,Servidor público,3283.32,153.0,Alugada,300.0,3,5,Não,0
P003941,2025-07-01,93000.0,30829.5,0.3315,62170.5,0.6685,24,Digital,2019,6,48,Servidor público,10758.22,36.0,Própria,575.0,1,2,Não,0
P003942,2025-10-01,27100.0,1883.45,0.0695,25216.55,0.9305,36,Concessionária,2013,12,37,Autônomo,2216.52,29.0,Própria,621.0,0,1,Não,0
P003943,2025-10-01,95900.0,18355.26,0.1914,77544.74,0.8086,48,Digital,2022,3,31,CLT,11352.86,151.0,Financiada,709.0,2,0,Não,0
P003944,2025-12-01,22000.0,440.0,0.02,21560.0,0.98,36,Revenda multimarca,2023,2,58,CLT,2271.09,54.0,Financiada,207.0,5,2,Sim,0
P003945,2025-09-01,60300.0,8062.11,0.1337,52237.89,0.8663,36,Concessionária,2022,3,65,Aposentado,5171.34,,Alugada,654.0,0,2,Não,0
P003946,2025-08-01,22000.0,2228.6,0.1013,19771.4,0.8987,36,Digital,2024,1,50,CLT,2360.25,31.0,Própria,650.0,0,0,Não,0
P003947,2025-10-01,28900.0,4557.53,0.1577,24342.47,0.8423,24,Revenda multimarca,2013,12,24,Autônomo,3875.53,71.0,Própria,490.0,2,5,Não,0
P003948,2025-10-01,89700.0,29278.08,0.3264,60421.92,0.6736,48,Revenda multimarca,2023,2,40,Empresário,24961.45,88.0,Financiada,963.0,0,1,Sim,0
P003949,2025-07-01,24800.0,5708.96,0.2302,19091.04,0.7698,60,Concessionária,2025,0,28,Autônomo,1600.0,3.0,Própria,451.0,4,1,Não,0
P003950,2025-12-01,45300.0,14319.33,0.3161,30980.67,0.6839,60,Concessionária,2022,3,28,Autônomo,4078.36,12.0,Alugada,347.0,1,1,Não,0
P003951,2025-11-01,22000.0,2026.2,0.0921,19973.8,0.9079,60,Concessionária,2013,12,26,Autônomo,1600.0,96.0,Alugada,507.0,5,0,Não,0
P003952,2025-11-01,28100.0,7367.82,0.2622,20732.18,0.7378,60,Digital,2017,8,27,CLT,1600.0,73.0,Familiar,357.0,5,7,Sim,0
P003953,2025-07-01,61600.0,26167.68,0.4248,35432.32,0.5752,48,Revenda multimarca,2021,4,39,CLT,7717.69,16.0,Familiar,,0,0,Não,0
P003954,2025-08-01,22000.0,5051.2,0.2296,16948.8,0.7704,60,Correspondente bancário,2019,6,27,CLT,3232.59,93.0,Própria,449.0,4,3,Sim,0
P003955,2025-08-01,60100.0,28457.35,0.4735,31642.65,0.5265,36,Revenda multimarca,2020,5,44,CLT,6522.7,15.0,Familiar,,1,3,Não,0
P003956,2025-10-01,70200.0,36075.78,0.5139,34124.22,0.4861,36,Digital,2022,3,45,Empresário,23286.27,72.0,Alugada,518.0,0,1,Sim,0
P003957,2025-07-01,45900.0,4241.16,0.0924,41658.84,0.9076,60,Revenda multimarca,2024,1,39,CLT,3727.79,46.0,Alugada,133.0,5,1,Sim,0
P003958,2025-11-01,44200.0,12185.94,0.2757,32014.06,0.7243,48,Digital,2023,2,46,CLT,,31.0,Própria,585.0,0,1,Não,0
P003959,2025-08-01,24300.0,10572.93,0.4351,13727.07,0.5649,60,Revenda multimarca,2013,12,32,Servidor público,,168.0,Alugada,435.0,1,2,Sim,0
P003960,2025-12-01,22000.0,8564.6,0.3893,13435.4,0.6107,24,Correspondente bancário,2021,4,30,CLT,2205.34,144.0,Familiar,476.0,2,2,Não,0
P003961,2025-11-01,27200.0,2896.8,0.1065,24303.2,0.8935,36,Correspondente bancário,2013,12,28,Autônomo,3228.45,30.0,Familiar,260.0,5,1,Sim,0
P003962,2025-10-01,30800.0,7703.08,0.2501,23096.92,0.7499,48,Revenda multimarca,2023,2,27,CLT,2749.36,100.0,Própria,603.0,1,2,Não,0
P003963,2025-07-01,22000.0,554.4,0.0252,21445.6,0.9748,48,Revenda multimarca,2018,7,61,Aposentado,,,Alugada,412.0,3,5,Sim,0
P003964,2025-09-01,35800.0,12827.14,0.3583,22972.86,0.6417,36,Revenda multimarca,2015,10,61,Aposentado,4907.3,,Alugada,411.0,5,2,Não,0
P003965,2025-08-01,22000.0,9180.6,0.4173,12819.4,0.5827,60,Concessionária,2021,4,51,CLT,1600.0,39.0,Própria,198.0,5,3,Sim,0
P003966,2025-07-01,35800.0,9086.04,0.2538,26713.96,0.7462,60,Digital,2020,5,43,Autônomo,3742.64,20.0,Financiada,537.0,2,1,Não,0
P003967,2025-07-01,37600.0,7147.76,0.1901,30452.24,0.8099,36,Concessionária,2024,1,28,CLT,3660.97,56.0,Alugada,674.0,2,1,Sim,0
P003968,2025-08-01,37800.0,13071.24,0.3458,24728.76,0.6542,36,Revenda multimarca,2021,4,33,CLT,3451.33,,Própria,310.0,5,6,Não,0
P003969,2025-10-01,26600.0,1774.22,0.0667,24825.78,0.9333,48,Revenda multimarca,2021,4,32,CLT,1600.0,5.0,Alugada,381.0,1,4,Não,0
P003970,2025-08-01,22000.0,6886.0,0.313,15114.0,0.687,36,Revenda multimarca,2018,7,45,Servidor público,2242.35,206.0,Financiada,269.0,5,1,Não,0
P003971,2025-10-01,28300.0,566.0,0.02,27734.0,0.98,60,Revenda multimarca,2013,12,24,CLT,1801.92,72.0,Própria,440.0,4,0,Não,0
P003972,2025-11-01,45600.0,26489.04,0.5809,19110.96,0.4191,60,Digital,2017,8,40,CLT,2916.92,70.0,Financiada,,1,0,Não,0
P003973,2025-11-01,27500.0,4573.25,0.1663,22926.75,0.8337,60,Concessionária,2021,4,55,Autônomo,3204.18,49.0,Financiada,281.0,2,3,Não,0
P003974,2025-07-01,45000.0,11857.5,0.2635,33142.5,0.7365,24,Concessionária,2023,2,41,CLT,9071.73,13.0,Alugada,704.0,0,1,Não,0
P003975,2025-09-01,42300.0,3299.4,0.078,39000.6,0.922,60,Concessionária,2022,3,75,Aposentado,5954.53,34.0,Própria,824.0,2,1,Não,0
P003976,2025-09-01,36400.0,1892.8,0.052,34507.2,0.948,60,Concessionária,2024,1,39,Autônomo,3320.49,9.0,Própria,542.0,2,3,Sim,0
P003977,2025-11-01,74300.0,8566.79,0.1153,65733.21,0.8847,60,Digital,2024,1,55,Autônomo,2950.35,104.0,Alugada,671.0,1,1,Não,0
P003978,2025-09-01,27900.0,6921.99,0.2481,20978.01,0.7519,48,Digital,2024,1,49,CLT,5342.15,54.0,Familiar,648.0,1,1,Não,0
P003979,2025-12-01,37500.0,18997.5,0.5066,18502.5,0.4934,48,Correspondente bancário,2023,2,39,Servidor público,5972.01,131.0,Própria,548.0,3,1,Não,0
P003980,2025-11-01,63600.0,14240.04,0.2239,49359.96,0.7761,36,Concessionária,2017,8,28,CLT,6027.6,11.0,Própria,782.0,0,0,Não,0
P003981,2025-10-01,59200.0,18269.12,0.3086,40930.88,0.6914,60,Digital,2021,4,71,Aposentado,9604.38,100.0,Financiada,777.0,0,3,Não,0
P003982,2025-12-01,37000.0,3988.6,0.1078,33011.4,0.8922,48,Concessionária,2018,7,27,CLT,3466.95,103.0,Familiar,653.0,0,1,Sim,0
P003983,2025-10-01,22000.0,3828.0,0.174,18172.0,0.826,48,Revenda multimarca,2018,7,35,CLT,,,Alugada,465.0,2,3,Não,0
P003984,2025-11-01,22000.0,4257.0,0.1935,17743.0,0.8065,48,Concessionária,2016,9,67,Autônomo,2756.53,73.0,Própria,352.0,5,3,Não,0
P003985,2025-08-01,28400.0,9883.2,0.348,18516.8,0.652,60,Correspondente bancário,2023,2,36,CLT,2372.25,47.0,Alugada,426.0,1,5,Não,0
P003986,2025-11-01,24900.0,3931.71,0.1579,20968.29,0.8421,24,Concessionária,2022,3,44,CLT,3501.16,84.0,Financiada,555.0,1,1,Não,0
P003987,2025-08-01,22000.0,440.0,0.02,21560.0,0.98,60,Concessionária,2019,6,31,CLT,1600.0,24.0,Alugada,437.0,3,1,Não,0
P003988,2025-11-01,143900.0,50293.05,0.3495,93606.95,0.6505,48,Digital,2019,6,36,Servidor público,,21.0,Financiada,760.0,0,1,Não,0
P003989,2025-07-01,37200.0,3173.16,0.0853,34026.84,0.9147,24,Concessionária,2022,3,46,Autônomo,4830.99,35.0,Própria,552.0,1,0,Sim,0
P003990,2025-11-01,48800.0,1688.48,0.0346,47111.52,0.9654,60,Correspondente bancário,2024,1,50,CLT,2331.79,45.0,Alugada,304.0,5,2,Sim,0
P003991,2025-09-01,23400.0,1272.96,0.0544,22127.04,0.9456,36,Correspondente bancário,2022,3,35,CLT,5695.04,101.0,Familiar,358.0,5,2,Não,0
P003992,2025-11-01,22000.0,1443.2,0.0656,20556.8,0.9344,60,Revenda multimarca,2018,7,30,Autônomo,1878.95,14.0,Própria,460.0,4,3,Não,0
P003993,2025-12-01,90100.0,23615.21,0.2621,66484.79,0.7379,24,Revenda multimarca,2021,4,50,Autônomo,4559.9,15.0,Própria,543.0,3,0,Não,0
P003994,2025-12-01,39400.0,7816.96,0.1984,31583.04,0.8016,36,Revenda multimarca,2022,3,37,CLT,1692.11,72.0,Alugada,473.0,1,1,Não,0
P003995,2025-09-01,37800.0,3333.96,0.0882,34466.04,0.9118,24,Revenda multimarca,2018,7,33,CLT,2145.26,4.0,Alugada,418.0,3,1,Sim,0
P003996,2025-07-01,28500.0,6520.8,0.2288,21979.2,0.7712,48,Concessionária,2019,6,24,Empresário,5398.04,23.0,Própria,388.0,2,5,Sim,0
P003997,2025-12-01,72700.0,31500.91,0.4333,41199.09,0.5667,36,Concessionária,2022,3,37,CLT,6462.29,11.0,Financiada,443.0,0,0,Não,0
P003998,2025-08-01,54700.0,6449.13,0.1179,48250.87,0.8821,48,Concessionária,2022,3,37,Servidor público,1600.0,,Própria,462.0,2,3,Sim,0
P003999,2025-11-01,104000.0,17118.4,0.1646,86881.6,0.8354,36,Correspondente bancário,2022,3,58,CLT,13566.6,4.0,Alugada,536.0,0,5,Sim,0
P004000,2025-11-01,71700.0,7256.04,0.1012,64443.96,0.8988,24,Revenda multimarca,2019,6,48,Autônomo,6594.25,88.0,Alugada,494.0,0,1,Não,0
P004001,2025-07-01,34200.0,2113.56,0.0618,32086.44,0.9382,48,Concessionária,2023,2,75,CLT,5051.45,,Própria,275.0,3,4,Não,0
P004002,2025-08-01,30800.0,2353.12,0.0764,28446.88,0.9236,60,Digital,2018,7,43,Servidor público,1980.37,17.0,Financiada,134.0,5,4,Sim,0
P004003,2025-11-01,25300.0,6147.9,0.243,19152.1,0.757,36,Correspondente bancário,2022,3,40,CLT,1684.06,42.0,Familiar,380.0,4,3,Sim,0
P004004,2025-11-01,35300.0,10787.68,0.3056,24512.32,0.6944,36,Correspondente bancário,2024,1,63,Aposentado,3334.05,45.0,Financiada,375.0,4,3,Sim,0
P004005,2025-07-01,22800.0,2049.72,0.0899,20750.28,0.9101,36,Correspondente bancário,2017,8,47,Autônomo,1925.85,45.0,Própria,503.0,2,1,Não,0
P004006,2025-07-01,50400.0,3225.6,0.064,47174.4,0.936,36,Revenda multimarca,2018,7,58,Servidor público,4195.4,,Própria,289.0,5,8,Sim,0
P004007,2025-07-01,64500.0,6443.55,0.0999,58056.45,0.9001,48,Digital,2017,8,55,CLT,6807.1,191.0,Própria,,1,2,Não,0
P004008,2025-12-01,22000.0,2376.0,0.108,19624.0,0.892,36,Correspondente bancário,2024,1,32,Empresário,6002.01,55.0,Alugada,662.0,2,1,Não,0
P004009,2025-12-01,36300.0,19569.33,0.5391,16730.67,0.4609,36,Digital,2024,1,67,Aposentado,7391.76,,Familiar,433.0,4,1,Não,0
P004010,2025-08-01,103300.0,26888.99,0.2603,76411.01,0.7397,24,Concessionária,2024,1,52,Servidor público,9591.5,170.0,Alugada,737.0,0,2,Sim,0
P004011,2025-11-01,27400.0,1915.26,0.0699,25484.74,0.9301,36,Correspondente bancário,2023,2,32,CLT,1965.36,93.0,Financiada,466.0,2,3,Não,0
P004012,2025-12-01,27400.0,548.0,0.02,26852.0,0.98,36,Revenda multimarca,2013,12,34,Empresário,2474.5,24.0,Própria,321.0,4,0,Sim,0
P004013,2025-09-01,22000.0,4675.0,0.2125,17325.0,0.7875,36,Revenda multimarca,2021,4,51,CLT,2451.5,35.0,Própria,418.0,3,0,Não,0
P004014,2025-10-01,32200.0,1838.62,0.0571,30361.38,0.9429,48,Correspondente bancário,2022,3,35,Servidor público,3355.08,23.0,Própria,361.0,3,5,Não,0
P004015,2025-11-01,22000.0,2512.4,0.1142,19487.6,0.8858,36,Correspondente bancário,2014,11,35,CLT,1958.12,27.0,Familiar,314.0,5,6,Sim,0
P004016,2025-08-01,58600.0,13489.72,0.2302,45110.28,0.7698,60,Digital,2022,3,31,Autônomo,3299.31,48.0,Própria,489.0,4,2,Não,0
P004017,2025-10-01,61700.0,19275.08,0.3124,42424.92,0.6876,48,Concessionária,2016,9,35,CLT,5419.24,11.0,Alugada,659.0,0,0,Não,0
P004018,2025-12-01,48400.0,9210.52,0.1903,39189.48,0.8097,48,Concessionária,2021,4,29,Servidor público,5970.02,14.0,Alugada,663.0,1,0,Não,0
P004019,2025-11-01,35000.0,1862.0,0.0532,33138.0,0.9468,36,Concessionária,2015,10,26,Autônomo,2369.33,21.0,Alugada,489.0,5,1,Não,0
P004020,2025-07-01,54400.0,19426.24,0.3571,34973.76,0.6429,24,Digital,2020,5,57,Empresário,13895.54,22.0,Financiada,731.0,1,1,Não,0
P004021,2025-10-01,29100.0,3235.92,0.1112,25864.08,0.8888,60,Revenda multimarca,2020,5,28,CLT,5874.46,44.0,Própria,440.0,2,2,Sim,0
P004022,2025-10-01,41000.0,6769.1,0.1651,34230.9,0.8349,36,Concessionária,2024,1,65,Aposentado,4116.6,79.0,Financiada,618.0,0,0,Não,0
P004023,2025-09-01,30100.0,8951.74,0.2974,21148.26,0.7026,48,Correspondente bancário,2021,4,44,CLT,3244.34,,Familiar,359.0,5,5,Sim,0
P004024,2025-09-01,29200.0,9098.72,0.3116,20101.28,0.6884,48,Concessionária,2019,6,40,CLT,5102.61,23.0,Alugada,598.0,1,1,Não,0
P004025,2025-09-01,55800.0,10267.2,0.184,45532.8,0.816,48,Concessionária,2020,5,22,CLT,2480.33,48.0,Alugada,494.0,1,0,Não,0
P004026,2025-12-01,81700.0,3169.96,0.0388,78530.04,0.9612,36,Concessionária,2018,7,29,CLT,8506.6,50.0,Própria,514.0,2,1,Sim,0
P004027,2025-09-01,40600.0,2054.36,0.0506,38545.64,0.9494,24,Correspondente bancário,2022,3,23,CLT,2247.36,13.0,Própria,402.0,3,1,Não,0
P004028,2025-08-01,76000.0,25490.4,0.3354,50509.6,0.6646,36,Revenda multimarca,2024,1,49,Empresário,22294.75,21.0,Própria,703.0,0,1,Não,0
P004029,2025-09-01,91100.0,10932.0,0.12,80168.0,0.88,36,Revenda multimarca,2024,1,46,CLT,5276.64,29.0,Financiada,484.0,2,3,Sim,0
P004030,2025-12-01,62500.0,8343.75,0.1335,54156.25,0.8665,36,Concessionária,2020,5,35,CLT,6656.67,26.0,Própria,690.0,1,2,Não,0
P004031,2025-09-01,45600.0,12471.6,0.2735,33128.4,0.7265,36,Concessionária,2022,3,44,CLT,10836.08,14.0,Financiada,574.0,1,5,Não,0
P004032,2025-09-01,52200.0,5580.18,0.1069,46619.82,0.8931,36,Revenda multimarca,2023,2,42,CLT,3650.39,150.0,Familiar,664.0,2,3,Não,0
P004033,2025-08-01,23200.0,3196.96,0.1378,20003.04,0.8622,36,Revenda multimarca,2018,7,24,Autônomo,3879.81,72.0,Própria,640.0,0,0,Não,0
P004034,2025-10-01,30400.0,8457.28,0.2782,21942.72,0.7218,24,Correspondente bancário,2013,12,32,Servidor público,4121.99,8.0,Alugada,352.0,5,5,Não,0
P004035,2025-08-01,74600.0,23424.4,0.314,51175.6,0.686,60,Concessionária,2020,5,46,CLT,7579.34,105.0,Financiada,685.0,0,0,Não,0
P004036,2025-07-01,22800.0,11837.76,0.5192,10962.24,0.4808,48,Revenda multimarca,2019,6,63,Autônomo,2643.84,11.0,Familiar,487.0,4,3,Não,0
P004037,2025-12-01,27500.0,8008.0,0.2912,19492.0,0.7088,36,Digital,2013,12,22,CLT,2570.4,48.0,Alugada,421.0,1,1,Não,0
P004038,2025-10-01,43100.0,7758.0,0.18,35342.0,0.82,48,Concessionária,2022,3,51,CLT,6836.98,25.0,Própria,549.0,0,3,Sim,0
P004039,2025-07-01,22000.0,7015.8,0.3189,14984.2,0.6811,60,Digital,2022,3,23,CLT,3009.63,9.0,Financiada,552.0,2,3,Não,0
P004040,2025-07-01,59600.0,13344.44,0.2239,46255.56,0.7761,60,Digital,2024,1,44,CLT,5449.15,60.0,Familiar,596.0,1,1,Não,0
P004041,2025-12-01,72100.0,44117.99,0.6119,27982.01,0.3881,60,Revenda multimarca,2024,1,39,CLT,,22.0,Alugada,385.0,0,1,Não,0
P004042,2025-12-01,46500.0,19013.85,0.4089,27486.15,0.5911,36,Concessionária,2025,0,29,Servidor público,13977.06,10.0,Financiada,867.0,0,0,Não,0
P004043,2025-09-01,27000.0,7892.1,0.2923,19107.9,0.7077,24,Concessionária,2020,5,75,Autônomo,2378.12,11.0,Alugada,657.0,1,3,Sim,0
P004044,2025-11-01,38200.0,8850.94,0.2317,29349.06,0.7683,60,Digital,2016,9,39,CLT,,10.0,Alugada,463.0,2,1,Não,0
P004045,2025-08-01,56500.0,5327.95,0.0943,51172.05,0.9057,60,Correspondente bancário,2020,5,27,CLT,8666.67,8.0,Própria,920.0,0,1,Não,0
P004046,2025-07-01,22000.0,558.8,0.0254,21441.2,0.9746,60,Digital,2013,12,39,CLT,1600.0,112.0,Familiar,207.0,5,3,Sim,0
P004047,2025-10-01,32600.0,7797.92,0.2392,24802.08,0.7608,60,Correspondente bancário,2013,12,49,CLT,3441.65,32.0,Própria,435.0,4,3,Não,0
P004048,2025-10-01,26500.0,1738.4,0.0656,24761.6,0.9344,36,Revenda multimarca,2023,2,32,Servidor público,3103.58,123.0,Própria,335.0,5,5,Sim,0
P004049,2025-11-01,38700.0,16679.7,0.431,22020.3,0.569,36,Concessionária,2016,9,26,CLT,3576.79,96.0,Familiar,651.0,1,0,Sim,0
P004050,2025-11-01,58900.0,20132.02,0.3418,38767.98,0.6582,48,Concessionária,2024,1,35,CLT,2178.52,28.0,Própria,377.0,2,1,Sim,0
P004051,2025-11-01,31100.0,6683.39,0.2149,24416.61,0.7851,36,Revenda multimarca,2024,1,55,Empresário,3578.19,38.0,Própria,757.0,0,1,Não,0
P004052,2025-11-01,56300.0,1255.49,0.0223,55044.51,0.9777,24,Concessionária,2019,6,32,Servidor público,4872.3,42.0,Familiar,535.0,3,5,Não,0
P004053,2025-07-01,33700.0,9668.53,0.2869,24031.47,0.7131,48,Concessionária,2021,4,46,Autônomo,2662.97,22.0,Alugada,404.0,2,1,Sim,0
P004054,2025-08-01,22000.0,4114.0,0.187,17886.0,0.813,60,Revenda multimarca,2021,4,43,Servidor público,5878.65,142.0,Própria,609.0,0,2,Não,0
P004055,2025-07-01,65100.0,4257.54,0.0654,60842.46,0.9346,36,Revenda multimarca,2023,2,44,Autônomo,3423.23,30.0,Familiar,522.0,2,0,Não,0
P004056,2025-09-01,43700.0,5659.15,0.1295,38040.85,0.8705,60,Concessionária,2023,2,48,CLT,,9.0,Familiar,461.0,0,0,Não,0
P004057,2025-11-01,28500.0,12508.65,0.4389,15991.35,0.5611,36,Revenda multimarca,2022,3,41,CLT,,8.0,Familiar,562.0,1,1,Sim,0
P004058,2025-11-01,30500.0,5685.2,0.1864,24814.8,0.8136,36,Revenda multimarca,2018,7,27,CLT,3662.94,19.0,Alugada,459.0,1,3,Não,0
P004059,2025-11-01,38400.0,9024.0,0.235,29376.0,0.765,36,Correspondente bancário,2019,6,28,Empresário,4155.96,48.0,Própria,479.0,1,1,Não,0
P004060,2025-08-01,94200.0,24699.24,0.2622,69500.76,0.7378,36,Concessionária,2021,4,43,CLT,7581.46,,Financiada,862.0,0,0,Não,0
P004061,2025-07-01,38400.0,8736.0,0.2275,29664.0,0.7725,36,Concessionária,2018,7,30,CLT,3829.07,57.0,Própria,620.0,1,2,Não,0
P004062,2025-09-01,33300.0,9990.0,0.3,23310.0,0.7,60,Concessionária,2022,3,52,Servidor público,5488.71,120.0,Própria,541.0,1,1,Não,0
P004063,2025-12-01,55200.0,15053.04,0.2727,40146.96,0.7273,48,Concessionária,2021,4,45,Autônomo,11720.84,57.0,Familiar,728.0,1,1,Não,0
P004064,2025-08-01,45500.0,15993.25,0.3515,29506.75,0.6485,48,Revenda multimarca,2020,5,63,Aposentado,9473.86,273.0,Própria,458.0,3,1,Não,0
P004065,2025-10-01,67900.0,5601.75,0.0825,62298.25,0.9175,48,Concessionária,2017,8,46,Servidor público,7224.36,55.0,Financiada,484.0,2,1,Não,0
P004066,2025-10-01,34100.0,682.0,0.02,33418.0,0.98,48,Revenda multimarca,2017,8,28,Autônomo,1600.0,,Alugada,373.0,5,2,Sim,0
P004067,2025-10-01,40300.0,9055.41,0.2247,31244.59,0.7753,48,Concessionária,2022,3,42,CLT,4995.52,73.0,Alugada,513.0,1,0,Sim,0
P004068,2025-08-01,30200.0,3083.42,0.1021,27116.58,0.8979,24,Digital,2024,1,35,CLT,4953.96,,Familiar,684.0,0,1,Sim,0
P004069,2025-10-01,70000.0,8463.0,0.1209,61537.0,0.8791,36,Concessionária,2023,2,30,CLT,4517.59,30.0,Familiar,291.0,5,3,Sim,0
P004070,2025-12-01,32000.0,8841.6,0.2763,23158.4,0.7237,48,Concessionária,2021,4,50,CLT,2408.66,55.0,Alugada,633.0,1,3,Não,0
P004071,2025-07-01,29800.0,11860.4,0.398,17939.6,0.602,36,Concessionária,2022,3,34,CLT,4380.29,22.0,Alugada,747.0,0,0,Não,0
P004072,2025-09-01,44500.0,5918.5,0.133,38581.5,0.867,60,Correspondente bancário,2020,5,36,CLT,,41.0,Familiar,565.0,1,4,Não,0
P004073,2025-12-01,25700.0,514.0,0.02,25186.0,0.98,36,Concessionária,2021,4,35,Empresário,7544.6,,Própria,502.0,3,1,Sim,0
P004074,2025-10-01,50000.0,11770.0,0.2354,38230.0,0.7646,36,Concessionária,2023,2,35,CLT,3313.24,53.0,Financiada,766.0,0,0,Não,0
P004075,2025-11-01,45000.0,7002.0,0.1556,37998.0,0.8444,48,Revenda multimarca,2022,3,72,Autônomo,13958.0,2.0,Familiar,540.0,1,1,Não,0
P004076,2025-12-01,22000.0,2195.6,0.0998,19804.4,0.9002,60,Digital,2022,3,31,Autônomo,1600.0,,Própria,340.0,2,5,Não,0
P004077,2025-08-01,30000.0,10146.0,0.3382,19854.0,0.6618,36,Revenda multimarca,2024,1,39,Empresário,7728.19,45.0,Alugada,487.0,3,5,Não,0
P004078,2025-11-01,22000.0,8698.8,0.3954,13301.2,0.6046,60,Digital,2024,1,26,CLT,3125.51,,Alugada,486.0,1,2,Não,0
P004079,2025-08-01,58700.0,25241.0,0.43,33459.0,0.57,36,Concessionária,2022,3,32,CLT,4391.49,90.0,Própria,733.0,0,5,Não,0
P004080,2025-08-01,22000.0,2629.0,0.1195,19371.0,0.8805,60,Concessionária,2013,12,53,Autônomo,2138.84,34.0,Familiar,299.0,5,1,Não,0
P004081,2025-07-01,45700.0,8733.27,0.1911,36966.73,0.8089,48,Digital,2014,11,48,Autônomo,2429.38,31.0,Própria,692.0,1,1,Não,0
P004082,2025-08-01,33800.0,19384.3,0.5735,14415.7,0.4265,48,Digital,2022,3,36,CLT,4439.68,12.0,Própria,727.0,0,1,Não,0
P004083,2025-10-01,25200.0,7245.0,0.2875,17955.0,0.7125,24,Revenda multimarca,2023,2,45,CLT,4776.63,137.0,Financiada,626.0,1,2,Não,0
P004084,2025-10-01,24500.0,1058.4,0.0432,23441.6,0.9568,24,Revenda multimarca,2023,2,41,Empresário,2737.9,,Familiar,437.0,2,3,Não,0
P004085,2025-12-01,50400.0,10841.04,0.2151,39558.96,0.7849,60,Concessionária,2013,12,43,CLT,3821.05,,Financiada,628.0,0,1,Não,0
P004086,2025-10-01,48200.0,7552.94,0.1567,40647.06,0.8433,48,Revenda multimarca,2014,11,49,Empresário,8393.84,,Própria,526.0,0,3,Não,0
P004087,2025-07-01,38400.0,6443.52,0.1678,31956.48,0.8322,24,Digital,2020,5,47,Autônomo,,9.0,Alugada,600.0,0,1,Não,0
P004088,2025-10-01,74800.0,15857.6,0.212,58942.4,0.788,24,Concessionária,2019,6,46,CLT,6019.26,37.0,Própria,822.0,0,2,Não,0
P004089,2025-09-01,23000.0,3413.2,0.1484,19586.8,0.8516,36,Concessionária,2017,8,27,CLT,1612.73,,Própria,707.0,0,1,Não,0
P004090,2025-11-01,22000.0,10298.2,0.4681,11701.8,0.5319,60,Digital,2024,1,49,Autônomo,1600.0,8.0,Própria,126.0,5,7,Não,0
P004091,2025-09-01,42600.0,3505.98,0.0823,39094.02,0.9177,48,Digital,2016,9,27,CLT,2222.38,10.0,Própria,362.0,3,1,Não,0
P004092,2025-09-01,42700.0,9855.16,0.2308,32844.84,0.7692,48,Concessionária,2024,1,31,CLT,4610.64,104.0,Alugada,915.0,0,1,Não,0
P004093,2025-10-01,55300.0,7581.63,0.1371,47718.37,0.8629,36,Revenda multimarca,2022,3,32,CLT,2728.36,8.0,Própria,613.0,2,2,Não,0
P004094,2025-12-01,22000.0,1159.4,0.0527,20840.6,0.9473,60,Concessionária,2019,6,66,Aposentado,2852.8,153.0,Própria,376.0,4,3,Não,0
P004095,2025-07-01,60900.0,21838.74,0.3586,39061.26,0.6414,60,Correspondente bancário,2023,2,28,CLT,11923.94,71.0,Própria,802.0,0,1,Não,0
P004096,2025-10-01,43900.0,7124.97,0.1623,36775.03,0.8377,24,Concessionária,2013,12,42,Empresário,7837.11,30.0,Própria,616.0,0,5,Não,0
P004097,2025-10-01,98600.0,32764.78,0.3323,65835.22,0.6677,60,Revenda multimarca,2021,4,62,Autônomo,5766.6,20.0,Familiar,555.0,0,0,Não,0
P004098,2025-08-01,37100.0,7349.51,0.1981,29750.49,0.8019,48,Concessionária,2020,5,34,CLT,4726.02,,Própria,641.0,0,2,Não,0
P004099,2025-10-01,65000.0,18109.0,0.2786,46891.0,0.7214,60,Digital,2023,2,35,CLT,4936.77,53.0,Própria,592.0,0,0,Não,0
P004100,2025-08-01,49900.0,13018.91,0.2609,36881.09,0.7391,48,Revenda multimarca,2018,7,52,CLT,6359.87,6.0,Própria,581.0,0,2,Não,0
P004101,2025-08-01,22000.0,8828.6,0.4013,13171.4,0.5987,60,Concessionária,2020,5,32,CLT,2758.86,7.0,Própria,509.0,3,5,Sim,0
P004102,2025-07-01,31600.0,9919.24,0.3139,21680.76,0.6861,48,Digital,2022,3,45,CLT,,40.0,Própria,828.0,1,5,Não,0
P004103,2025-09-01,54700.0,15140.96,0.2768,39559.04,0.7232,36,Digital,2013,12,25,CLT,6548.82,24.0,Alugada,565.0,1,0,Não,0
P004104,2025-10-01,30600.0,6805.44,0.2224,23794.56,0.7776,60,Concessionária,2025,0,44,CLT,5474.9,12.0,Familiar,257.0,5,8,Não,0
P004105,2025-11-01,75400.0,32723.6,0.434,42676.4,0.566,48,Concessionária,2019,6,34,Servidor público,18442.25,,Familiar,472.0,1,1,Sim,0
P004106,2025-07-01,84800.0,15688.0,0.185,69112.0,0.815,36,Digital,2023,2,39,Autônomo,7703.75,89.0,Própria,525.0,0,2,Não,0
P004107,2025-11-01,40100.0,4386.94,0.1094,35713.06,0.8906,48,Revenda multimarca,2022,3,49,Servidor público,10267.92,123.0,Alugada,484.0,1,3,Não,0
P004108,2025-11-01,50100.0,6457.89,0.1289,43642.11,0.8711,48,Concessionária,2018,7,48,CLT,6511.12,,Alugada,689.0,0,0,Não,0
P004109,2025-10-01,57700.0,5793.08,0.1004,51906.92,0.8996,48,Revenda multimarca,2017,8,44,CLT,7562.97,13.0,Alugada,520.0,0,1,Não,0
P004110,2025-07-01,53500.0,25819.1,0.4826,27680.9,0.5174,48,Revenda multimarca,2020,5,31,CLT,5071.92,28.0,Alugada,636.0,0,1,Não,0
P004111,2025-10-01,30500.0,7445.05,0.2441,23054.95,0.7559,60,Digital,2015,10,41,CLT,3152.57,121.0,Própria,614.0,0,1,Não,0
P004112,2025-12-01,46100.0,4941.92,0.1072,41158.08,0.8928,36,Digital,2023,2,38,CLT,5994.43,26.0,Alugada,478.0,1,2,Sim,0
P004113,2025-08-01,23600.0,9305.48,0.3943,14294.52,0.6057,24,Digital,2020,5,43,Empresário,,63.0,Própria,619.0,0,0,Sim,0
P004114,2025-12-01,28100.0,10649.9,0.379,17450.1,0.621,60,Revenda multimarca,2022,3,34,CLT,4371.62,6.0,Própria,757.0,0,1,Não,0
P004115,2025-12-01,30200.0,5913.16,0.1958,24286.84,0.8042,60,Concessionária,2023,2,25,Autônomo,3382.76,28.0,Alugada,666.0,1,1,Não,0
P004116,2025-08-01,31900.0,2197.91,0.0689,29702.09,0.9311,60,Revenda multimarca,2022,3,34,Autônomo,3751.95,56.0,Alugada,461.0,2,0,Sim,0
P004117,2025-11-01,35500.0,21427.8,0.6036,14072.2,0.3964,48,Concessionária,2016,9,24,CLT,2743.89,72.0,Própria,530.0,0,1,Sim,0
P004118,2025-12-01,23800.0,3560.48,0.1496,20239.52,0.8504,48,Digital,2021,4,40,CLT,2167.2,26.0,Própria,559.0,1,4,Não,0
P004119,2025-07-01,41200.0,6250.04,0.1517,34949.96,0.8483,36,Revenda multimarca,2013,12,44,CLT,4637.79,11.0,Alugada,746.0,0,1,Não,0
P004120,2025-07-01,22000.0,8155.4,0.3707,13844.6,0.6293,60,Revenda multimarca,2023,2,38,CLT,5424.94,64.0,Familiar,141.0,5,3,Sim,0
P004121,2025-07-01,67400.0,7589.24,0.1126,59810.76,0.8874,48,Concessionária,2023,2,54,CLT,5524.39,54.0,Própria,600.0,2,0,Não,0
P004122,2025-09-01,82700.0,24917.51,0.3013,57782.49,0.6987,36,Concessionária,2019,6,32,CLT,6917.93,38.0,Alugada,613.0,1,0,Não,0
P004123,2025-09-01,58600.0,11010.94,0.1879,47589.06,0.8121,60,Concessionária,2014,11,25,Servidor público,6328.2,73.0,Familiar,745.0,2,2,Não,0
P004124,2025-08-01,72500.0,41651.25,0.5745,30848.75,0.4255,48,Concessionária,2023,2,43,CLT,4740.0,24.0,Própria,469.0,4,5,Não,0
P004125,2025-09-01,50200.0,7610.32,0.1516,42589.68,0.8484,24,Revenda multimarca,2014,11,39,CLT,3779.13,105.0,Alugada,328.0,5,1,Não,0
P004126,2025-10-01,32100.0,7004.22,0.2182,25095.78,0.7818,48,Concessionária,2023,2,41,CLT,3857.55,10.0,Alugada,647.0,2,2,Não,0
P004127,2025-09-01,59900.0,2366.05,0.0395,57533.95,0.9605,24,Concessionária,2021,4,37,Servidor público,4150.94,98.0,Alugada,,2,5,Sim,0
P004128,2025-09-01,46800.0,17180.28,0.3671,29619.72,0.6329,24,Digital,2025,0,46,CLT,7865.44,,Própria,639.0,0,1,Não,0
P004129,2025-11-01,22000.0,11532.4,0.5242,10467.6,0.4758,36,Correspondente bancário,2015,10,58,CLT,4082.94,153.0,Alugada,,0,3,Não,0
P004130,2025-09-01,24100.0,8473.56,0.3516,15626.44,0.6484,36,Digital,2018,7,43,Autônomo,3254.67,11.0,Própria,613.0,1,0,Não,0
P004131,2025-07-01,24300.0,2607.39,0.1073,21692.61,0.8927,60,Concessionária,2020,5,29,CLT,2035.02,11.0,Alugada,450.0,4,3,Sim,0
P004132,2025-08-01,61000.0,6508.7,0.1067,54491.3,0.8933,60,Concessionária,2016,9,34,CLT,2870.02,,Alugada,420.0,0,1,Não,0
P004133,2025-12-01,27300.0,5197.92,0.1904,22102.08,0.8096,36,Revenda multimarca,2021,4,73,Aposentado,2007.16,60.0,Própria,505.0,3,1,Sim,0
P004134,2025-09-01,48500.0,4631.75,0.0955,43868.25,0.9045,36,Concessionária,2018,7,44,CLT,7270.81,160.0,Alugada,552.0,2,0,Não,0
P004135,2025-09-01,22000.0,7231.4,0.3287,14768.6,0.6713,36,Correspondente bancário,2022,3,32,Servidor público,3514.97,144.0,Alugada,317.0,5,4,Não,0
P004136,2025-11-01,125200.0,17490.44,0.1397,107709.56,0.8603,48,Concessionária,2023,2,48,CLT,21181.59,,Própria,713.0,0,1,Não,0
P004137,2025-11-01,43600.0,2197.44,0.0504,41402.56,0.9496,48,Revenda multimarca,2020,5,30,CLT,7009.23,,Alugada,580.0,1,2,Não,0
P004138,2025-09-01,43500.0,12145.2,0.2792,31354.8,0.7208,36,Concessionária,2019,6,41,CLT,3300.83,,Própria,581.0,0,2,Não,0
P004139,2025-09-01,31900.0,13260.83,0.4157,18639.17,0.5843,48,Digital,2017,8,33,CLT,1862.84,6.0,Própria,444.0,2,2,Não,0
P004140,2025-09-01,31800.0,3558.42,0.1119,28241.58,0.8881,36,Revenda multimarca,2016,9,28,CLT,2616.59,,Financiada,656.0,1,3,Não,0
P004141,2025-08-01,35400.0,10092.54,0.2851,25307.46,0.7149,24,Concessionária,2017,8,30,CLT,8409.27,88.0,Familiar,,4,2,Não,0
P004142,2025-09-01,22000.0,851.4,0.0387,21148.6,0.9613,48,Concessionária,2023,2,30,CLT,1600.0,69.0,Alugada,371.0,5,2,Não,0
P004143,2025-07-01,88400.0,8884.2,0.1005,79515.8,0.8995,24,Correspondente bancário,2024,1,32,CLT,6731.45,9.0,Própria,752.0,1,2,Não,0
P004144,2025-10-01,27600.0,16882.92,0.6117,10717.08,0.3883,48,Concessionária,2015,10,33,Servidor público,5571.79,48.0,Própria,455.0,1,2,Não,0
P004145,2025-08-01,45000.0,5769.0,0.1282,39231.0,0.8718,36,Correspondente bancário,2024,1,29,CLT,3617.85,26.0,Familiar,935.0,0,0,Não,0
P004146,2025-07-01,48300.0,5385.45,0.1115,42914.55,0.8885,60,Digital,2013,12,44,Servidor público,7867.27,76.0,Alugada,438.0,4,3,Não,0
P004147,2025-08-01,22000.0,3555.2,0.1616,18444.8,0.8384,24,Concessionária,2023,2,59,Autônomo,1600.0,8.0,Própria,393.0,5,1,Sim,0
P004148,2025-12-01,73300.0,11947.9,0.163,61352.1,0.837,48,Revenda multimarca,2024,1,35,Servidor público,11799.4,58.0,Familiar,515.0,2,1,Não,0
P004149,2025-08-01,54900.0,11863.89,0.2161,43036.11,0.7839,60,Revenda multimarca,2024,1,59,Autônomo,5126.43,68.0,Financiada,504.0,1,3,Não,0
P004150,2025-09-01,58300.0,21116.26,0.3622,37183.74,0.6378,60,Concessionária,2022,3,28,CLT,5318.24,31.0,Própria,,1,0,Não,0
P004151,2025-11-01,31000.0,1546.9,0.0499,29453.1,0.9501,48,Digital,2024,1,25,CLT,5564.99,53.0,Própria,506.0,1,3,Não,0
P004152,2025-10-01,22000.0,6855.2,0.3116,15144.8,0.6884,60,Digital,2024,1,40,CLT,1671.34,110.0,Familiar,192.0,5,3,Não,0
P004153,2025-08-01,33400.0,4495.64,0.1346,28904.36,0.8654,48,Revenda multimarca,2023,2,40,Autônomo,2447.42,29.0,Alugada,,5,5,Sim,0
P004154,2025-08-01,22000.0,10315.8,0.4689,11684.2,0.5311,48,Correspondente bancário,2019,6,34,CLT,,3.0,Financiada,566.0,2,2,Não,0
P004155,2025-11-01,25100.0,1849.87,0.0737,23250.13,0.9263,36,Concessionária,2021,4,38,CLT,2781.21,122.0,Financiada,587.0,1,4,Sim,0
P004156,2025-09-01,22700.0,13170.54,0.5802,9529.46,0.4198,36,Concessionária,2020,5,26,CLT,3555.13,96.0,Alugada,727.0,0,0,Não,0
P004157,2025-09-01,53700.0,8726.25,0.1625,44973.75,0.8375,60,Correspondente bancário,2022,3,35,CLT,7644.46,32.0,Própria,628.0,0,7,Sim,0
P004158,2025-11-01,34200.0,2653.92,0.0776,31546.08,0.9224,48,Concessionária,2021,4,40,CLT,2959.25,76.0,Alugada,562.0,1,4,Sim,0
P004159,2025-07-01,46100.0,4817.45,0.1045,41282.55,0.8955,36,Concessionária,2024,1,47,Servidor público,4596.66,47.0,Familiar,536.0,2,4,Não,0
P004160,2025-11-01,64300.0,23855.3,0.371,40444.7,0.629,24,Concessionária,2018,7,48,CLT,3408.84,52.0,Familiar,560.0,1,2,Não,0
P004161,2025-11-01,32200.0,8149.82,0.2531,24050.18,0.7469,36,Revenda multimarca,2021,4,52,CLT,6358.01,51.0,Própria,526.0,2,2,Sim,0
P004162,2025-08-01,51700.0,18198.4,0.352,33501.6,0.648,48,Revenda multimarca,2024,1,71,Aposentado,5018.04,23.0,Alugada,758.0,0,2,Não,0
P004163,2025-12-01,22000.0,6131.4,0.2787,15868.6,0.7213,60,Concessionária,2023,2,41,CLT,,40.0,Própria,551.0,0,2,Não,0
P004164,2025-12-01,102000.0,25000.2,0.2451,76999.8,0.7549,36,Concessionária,2024,1,30,Servidor público,25610.33,44.0,Alugada,902.0,0,1,Não,0
P004165,2025-10-01,23800.0,6649.72,0.2794,17150.28,0.7206,60,Revenda multimarca,2015,10,47,CLT,3683.99,39.0,Alugada,375.0,5,3,Sim,0
P004166,2025-10-01,133500.0,29263.2,0.2192,104236.8,0.7808,48,Correspondente bancário,2023,2,54,Aposentado,7734.27,68.0,Alugada,659.0,2,2,Não,0
P004167,2025-12-01,22000.0,473.0,0.0215,21527.0,0.9785,36,Digital,2023,2,30,CLT,2922.2,28.0,Própria,452.0,4,0,Não,0
P004168,2025-07-01,39800.0,13448.42,0.3379,26351.58,0.6621,48,Concessionária,2025,0,46,CLT,8850.55,24.0,Própria,484.0,4,1,Não,0
P004169,2025-10-01,23100.0,2439.36,0.1056,20660.64,0.8944,60,Concessionária,2022,3,42,Autônomo,11747.4,9.0,Financiada,522.0,2,1,Não,0
P004170,2025-09-01,40700.0,16748.05,0.4115,23951.95,0.5885,36,Revenda multimarca,2022,3,41,CLT,3703.3,113.0,Própria,354.0,5,2,Não,0
P004171,2025-07-01,31900.0,12322.97,0.3863,19577.03,0.6137,60,Revenda multimarca,2015,10,29,Autônomo,3529.05,1.0,Financiada,518.0,1,1,Sim,0
P004172,2025-12-01,29800.0,596.0,0.02,29204.0,0.98,48,Digital,2022,3,71,Aposentado,,,Financiada,,0,2,Não,0
P004173,2025-08-01,22000.0,4659.6,0.2118,17340.4,0.7882,36,Concessionária,2023,2,60,CLT,2530.36,19.0,Familiar,435.0,3,3,Sim,0
P004174,2025-10-01,40200.0,11167.56,0.2778,29032.44,0.7222,36,Revenda multimarca,2013,12,57,CLT,3303.01,14.0,Própria,540.0,2,2,Não,0
P004175,2025-12-01,42300.0,1725.84,0.0408,40574.16,0.9592,36,Concessionária,2024,1,42,Servidor público,8608.95,94.0,Própria,633.0,0,1,Sim,0
P004176,2025-12-01,22000.0,5728.8,0.2604,16271.2,0.7396,36,Revenda multimarca,2018,7,25,CLT,3083.92,,Própria,324.0,5,2,Não,0
P004177,2025-11-01,40000.0,10928.0,0.2732,29072.0,0.7268,48,Revenda multimarca,2020,5,29,Empresário,,54.0,Própria,741.0,0,2,Não,0
P004178,2025-12-01,28900.0,9037.03,0.3127,19862.97,0.6873,36,Concessionária,2019,6,38,Autônomo,3394.61,10.0,Alugada,604.0,2,1,Não,0
P004179,2025-09-01,50300.0,12383.86,0.2462,37916.14,0.7538,24,Concessionária,2021,4,41,CLT,4671.28,30.0,Própria,780.0,0,0,Sim,0
P004180,2025-08-01,30000.0,3048.0,0.1016,26952.0,0.8984,24,Concessionária,2017,8,35,CLT,3236.42,,Alugada,550.0,0,2,Não,0
P004181,2025-10-01,34800.0,11738.04,0.3373,23061.96,0.6627,48,Revenda multimarca,2025,0,33,Empresário,9552.1,,Financiada,784.0,1,1,Não,0
P004182,2025-07-01,22000.0,2710.4,0.1232,19289.6,0.8768,24,Concessionária,2019,6,29,CLT,1600.0,132.0,Própria,494.0,3,2,Não,0
P004183,2025-09-01,23800.0,9129.68,0.3836,14670.32,0.6164,36,Concessionária,2017,8,57,CLT,3712.77,40.0,Própria,380.0,1,2,Não,0
P004184,2025-07-01,22000.0,1799.6,0.0818,20200.4,0.9182,48,Digital,2021,4,44,CLT,3614.97,66.0,Familiar,,0,4,Não,0
P004185,2025-09-01,41600.0,8278.4,0.199,33321.6,0.801,24,Concessionária,2022,3,45,CLT,,32.0,Própria,528.0,1,5,Sim,0
P004186,2025-11-01,53000.0,10971.0,0.207,42029.0,0.793,24,Correspondente bancário,2021,4,42,CLT,3645.42,40.0,Própria,,0,0,Não,0
P004187,2025-09-01,41700.0,4149.15,0.0995,37550.85,0.9005,48,Concessionária,2019,6,26,CLT,7502.14,8.0,Alugada,918.0,0,2,Não,0
P004188,2025-09-01,38500.0,7003.15,0.1819,31496.85,0.8181,48,Revenda multimarca,2016,9,37,Autônomo,2648.59,13.0,Financiada,637.0,0,0,Não,0
P004189,2025-11-01,39500.0,12276.6,0.3108,27223.4,0.6892,36,Concessionária,2020,5,42,CLT,3677.34,15.0,Financiada,620.0,1,1,Não,0
P004190,2025-11-01,59400.0,8921.88,0.1502,50478.12,0.8498,60,Concessionária,2023,2,49,CLT,4039.04,15.0,Alugada,285.0,5,7,Sim,0
P004191,2025-08-01,22000.0,7796.8,0.3544,14203.2,0.6456,60,Revenda multimarca,2020,5,32,Autônomo,3220.81,6.0,Própria,823.0,0,1,Não,0
P004192,2025-09-01,22000.0,14258.2,0.6481,7741.8,0.3519,24,Revenda multimarca,2024,1,31,Autônomo,,119.0,Alugada,753.0,1,1,Não,0
P004193,2025-07-01,51600.0,13029.0,0.2525,38571.0,0.7475,48,Revenda multimarca,2019,6,65,Aposentado,7522.41,84.0,Familiar,700.0,2,1,Não,0
P004194,2025-10-01,37900.0,3952.97,0.1043,33947.03,0.8957,24,Correspondente bancário,2023,2,24,CLT,2465.69,54.0,Alugada,601.0,0,1,Não,0
P004195,2025-11-01,22000.0,8274.2,0.3761,13725.8,0.6239,60,Revenda multimarca,2022,3,75,Aposentado,3852.95,150.0,Própria,613.0,0,0,Não,0
P004196,2025-11-01,101900.0,22703.32,0.2228,79196.68,0.7772,60,Concessionária,2024,1,33,Servidor público,,104.0,Alugada,578.0,0,2,Não,0
P004197,2025-08-01,39500.0,4795.3,0.1214,34704.7,0.8786,48,Concessionária,2025,0,31,Empresário,12601.17,,Própria,501.0,0,1,Sim,0
P004198,2025-09-01,42200.0,4329.72,0.1026,37870.28,0.8974,48,Revenda multimarca,2024,1,64,Aposentado,3167.83,180.0,Própria,443.0,2,0,Não,0
P004199,2025-07-01,41100.0,4130.55,0.1005,36969.45,0.8995,24,Correspondente bancário,2013,12,45,CLT,5118.04,61.0,Própria,714.0,1,3,Não,0
P004200,2025-10-01,87800.0,23583.08,0.2686,64216.92,0.7314,48,Revenda multimarca,2020,5,35,Autônomo,,93.0,Financiada,603.0,0,0,Não,0
P004201,2025-10-01,33300.0,4532.13,0.1361,28767.87,0.8639,48,Revenda multimarca,2023,2,46,Autônomo,3628.88,46.0,Alugada,751.0,0,1,Não,0
P004202,2025-08-01,31900.0,6089.71,0.1909,25810.29,0.8091,36,Revenda multimarca,2022,3,30,Autônomo,1927.93,104.0,Familiar,619.0,1,0,Não,0
P004203,2025-12-01,50500.0,14104.65,0.2793,36395.35,0.7207,24,Digital,2016,9,44,Autônomo,3927.96,34.0,Alugada,635.0,0,1,Sim,0
P004204,2025-11-01,40000.0,3288.0,0.0822,36712.0,0.9178,36,Revenda multimarca,2019,6,31,CLT,3624.01,37.0,Própria,422.0,4,4,Não,0
P004205,2025-09-01,22000.0,4204.2,0.1911,17795.8,0.8089,24,Concessionária,2017,8,55,CLT,4121.15,20.0,Própria,605.0,1,0,Sim,0
P004206,2025-10-01,51700.0,7382.76,0.1428,44317.24,0.8572,60,Revenda multimarca,2022,3,39,Autônomo,3001.65,37.0,Financiada,364.0,4,5,Não,0
P004207,2025-09-01,90800.0,14736.84,0.1623,76063.16,0.8377,48,Concessionária,2021,4,61,CLT,6788.83,140.0,Própria,800.0,0,1,Não,0
P004208,2025-08-01,22000.0,3907.2,0.1776,18092.8,0.8224,36,Revenda multimarca,2013,12,37,CLT,1600.0,20.0,Alugada,245.0,5,6,Não,0
P004209,2025-08-01,59700.0,16990.62,0.2846,42709.38,0.7154,36,Correspondente bancário,2019,6,22,CLT,4264.36,48.0,Própria,639.0,2,1,Não,0
P004210,2025-11-01,51600.0,14319.0,0.2775,37281.0,0.7225,48,Concessionária,2020,5,48,CLT,5464.65,65.0,Própria,698.0,0,1,Não,0
P004211,2025-11-01,29500.0,7380.9,0.2502,22119.1,0.7498,48,Digital,2015,10,50,CLT,8248.71,24.0,Própria,354.0,5,1,Sim,0
P004212,2025-09-01,22900.0,8889.78,0.3882,14010.22,0.6118,48,Revenda multimarca,2020,5,40,CLT,4581.22,38.0,Própria,528.0,0,7,Não,0
P004213,2025-07-01,73800.0,18892.8,0.256,54907.2,0.744,48,Revenda multimarca,2024,1,45,Empresário,9501.53,,Familiar,355.0,2,2,Não,0
P004214,2025-07-01,33200.0,4999.92,0.1506,28200.08,0.8494,48,Concessionária,2023,2,41,Autônomo,5494.39,39.0,Familiar,580.0,4,2,Não,0
P004215,2025-12-01,36100.0,3916.85,0.1085,32183.15,0.8915,24,Revenda multimarca,2021,4,44,Autônomo,3725.46,12.0,Familiar,753.0,0,1,Não,0
P004216,2025-07-01,22000.0,5759.6,0.2618,16240.4,0.7382,60,Correspondente bancário,2022,3,39,CLT,2265.98,35.0,Própria,239.0,5,4,Não,0
P004217,2025-10-01,49200.0,22907.52,0.4656,26292.48,0.5344,60,Concessionária,2025,0,34,CLT,6447.12,84.0,Familiar,543.0,0,1,Não,0
P004218,2025-12-01,79500.0,20693.85,0.2603,58806.15,0.7397,36,Concessionária,2022,3,57,CLT,5454.09,3.0,Alugada,397.0,5,2,Não,0
P004219,2025-12-01,29700.0,6079.59,0.2047,23620.41,0.7953,48,Correspondente bancário,2016,9,42,Empresário,7216.4,48.0,Financiada,487.0,3,6,Sim,0
P004220,2025-12-01,27300.0,9658.74,0.3538,17641.26,0.6462,60,Digital,2023,2,35,Servidor público,2598.14,19.0,Alugada,,3,2,Não,0
P004221,2025-10-01,91100.0,20989.44,0.2304,70110.56,0.7696,36,Digital,2023,2,71,CLT,7691.46,30.0,Própria,532.0,2,4,Não,0
P004222,2025-09-01,56400.0,21031.56,0.3729,35368.44,0.6271,24,Concessionária,2021,4,22,Autônomo,2757.04,,Própria,816.0,0,1,Não,0
P004223,2025-08-01,26000.0,4589.0,0.1765,21411.0,0.8235,48,Revenda multimarca,2020,5,28,Servidor público,1600.0,120.0,Alugada,317.0,5,3,Sim,0
P004224,2025-08-01,35700.0,6836.55,0.1915,28863.45,0.8085,24,Concessionária,2024,1,40,CLT,8587.83,18.0,Familiar,606.0,1,1,Sim,0
P004225,2025-11-01,38500.0,2733.5,0.071,35766.5,0.929,60,Concessionária,2020,5,36,Servidor público,8495.39,54.0,Própria,559.0,0,2,Não,0
P004226,2025-07-01,56500.0,15158.95,0.2683,41341.05,0.7317,36,Correspondente bancário,2019,6,52,Autônomo,7414.51,30.0,Alugada,666.0,0,1,Não,0
P004227,2025-10-01,46300.0,13579.79,0.2933,32720.21,0.7067,48,Revenda multimarca,2022,3,47,Servidor público,8180.77,235.0,Alugada,591.0,0,1,Não,0
P004228,2025-11-01,39300.0,1909.98,0.0486,37390.02,0.9514,48,Concessionária,2019,6,75,Aposentado,3728.26,37.0,Própria,634.0,2,2,Sim,0
P004229,2025-11-01,28800.0,2387.52,0.0829,26412.48,0.9171,24,Revenda multimarca,2022,3,33,CLT,1600.0,24.0,Alugada,395.0,5,8,Sim,0
P004230,2025-07-01,22000.0,3913.8,0.1779,18086.2,0.8221,48,Concessionária,2022,3,35,Autônomo,1600.0,34.0,Própria,423.0,3,6,Não,0
P004231,2025-08-01,38000.0,11381.0,0.2995,26619.0,0.7005,48,Revenda multimarca,2020,5,53,Autônomo,,42.0,Financiada,595.0,4,1,Não,0
P004232,2025-10-01,63400.0,29614.14,0.4671,33785.86,0.5329,60,Concessionária,2024,1,64,Empresário,12521.44,46.0,Alugada,895.0,0,1,Não,0
P004233,2025-11-01,67100.0,30637.86,0.4566,36462.14,0.5434,36,Concessionária,2024,1,42,Empresário,20042.05,47.0,Alugada,632.0,0,1,Não,0
P004234,2025-08-01,44300.0,9856.75,0.2225,34443.25,0.7775,48,Correspondente bancário,2023,2,29,CLT,2844.59,27.0,Alugada,652.0,0,1,Não,0
P004235,2025-11-01,49000.0,15047.9,0.3071,33952.1,0.6929,36,Concessionária,2024,1,38,CLT,4716.65,6.0,Alugada,702.0,1,0,Não,0
P004236,2025-09-01,42700.0,12967.99,0.3037,29732.01,0.6963,48,Concessionária,2024,1,36,CLT,3964.43,72.0,Alugada,656.0,1,4,Não,0
P004237,2025-07-01,22000.0,1289.2,0.0586,20710.8,0.9414,48,Revenda multimarca,2023,2,35,Servidor público,2523.85,124.0,Alugada,416.0,5,1,Sim,0
P004238,2025-09-01,60500.0,5910.85,0.0977,54589.15,0.9023,24,Revenda multimarca,2014,11,29,Autônomo,7868.09,3.0,Alugada,393.0,5,1,Não,0
P004239,2025-09-01,53000.0,2194.2,0.0414,50805.8,0.9586,60,Concessionária,2022,3,31,CLT,5246.42,31.0,Própria,799.0,0,3,Não,0
P004240,2025-08-01,65800.0,5639.06,0.0857,60160.94,0.9143,36,Revenda multimarca,2023,2,26,Servidor público,11899.21,96.0,Alugada,774.0,0,7,Não,0
P004241,2025-08-01,46600.0,16538.34,0.3549,30061.66,0.6451,36,Concessionária,2021,4,31,Servidor público,2388.3,156.0,Própria,404.0,5,0,Não,0
P004242,2025-09-01,22000.0,7675.8,0.3489,14324.2,0.6511,60,Revenda multimarca,2020,5,32,Autônomo,,21.0,Própria,528.0,0,1,Não,0
P004243,2025-09-01,22000.0,4822.4,0.2192,17177.6,0.7808,36,Correspondente bancário,2022,3,33,CLT,1731.16,34.0,Própria,212.0,5,2,Sim,0
P004244,2025-07-01,65000.0,11570.0,0.178,53430.0,0.822,60,Concessionária,2020,5,42,Autônomo,3610.88,15.0,Própria,615.0,2,1,Não,0
P004245,2025-10-01,67700.0,23823.63,0.3519,43876.37,0.6481,60,Concessionária,2023,2,33,CLT,7573.15,180.0,Financiada,543.0,0,3,Não,0
P004246,2025-10-01,25000.0,3550.0,0.142,21450.0,0.858,48,Revenda multimarca,2020,5,40,CLT,4262.1,22.0,Alugada,289.0,5,4,Não,0
P004247,2025-09-01,71000.0,19681.2,0.2772,51318.8,0.7228,24,Digital,2023,2,24,Autônomo,6069.38,57.0,Familiar,627.0,2,2,Não,0
P004248,2025-08-01,31700.0,634.0,0.02,31066.0,0.98,60,Digital,2019,6,56,Autônomo,3320.99,8.0,Própria,466.0,2,2,Não,0
P004249,2025-10-01,22000.0,1586.2,0.0721,20413.8,0.9279,48,Concessionária,2019,6,34,Servidor público,3478.82,95.0,Alugada,501.0,3,0,Sim,0
P004250,2025-11-01,58500.0,14244.75,0.2435,44255.25,0.7565,48,Revenda multimarca,2024,1,42,CLT,3127.66,115.0,Própria,943.0,0,0,Não,0
P004251,2025-07-01,46000.0,5681.0,0.1235,40319.0,0.8765,36,Correspondente bancário,2021,4,63,Aposentado,6725.68,181.0,Própria,857.0,1,0,Não,0
P004252,2025-12-01,32500.0,9798.75,0.3015,22701.25,0.6985,36,Concessionária,2018,7,38,CLT,4042.75,12.0,Própria,524.0,1,2,Sim,0
P004253,2025-12-01,22500.0,2157.75,0.0959,20342.25,0.9041,36,Correspondente bancário,2017,8,30,Autônomo,,58.0,Alugada,286.0,5,6,Não,0
P004254,2025-08-01,43700.0,11724.71,0.2683,31975.29,0.7317,36,Revenda multimarca,2021,4,54,Empresário,10391.64,99.0,Própria,592.0,1,7,Não,0
P004255,2025-08-01,25500.0,10205.1,0.4002,15294.9,0.5998,24,Revenda multimarca,2018,7,34,CLT,3531.75,11.0,Financiada,,0,2,Não,0
P004256,2025-12-01,22000.0,7112.6,0.3233,14887.4,0.6767,60,Digital,2017,8,31,CLT,,17.0,Financiada,106.0,5,4,Sim,0
P004257,2025-09-01,22000.0,4725.6,0.2148,17274.4,0.7852,36,Correspondente bancário,2014,11,39,CLT,5109.33,72.0,Própria,543.0,0,2,Não,0
P004258,2025-10-01,35100.0,10122.84,0.2884,24977.16,0.7116,36,Concessionária,2021,4,28,CLT,5270.03,29.0,Própria,656.0,0,2,Não,0
P004259,2025-10-01,27300.0,5951.4,0.218,21348.6,0.782,48,Concessionária,2023,2,42,CLT,,,Familiar,633.0,0,1,Não,0
P004260,2025-07-01,24200.0,2313.52,0.0956,21886.48,0.9044,60,Digital,2023,2,40,Autônomo,2311.1,44.0,Própria,434.0,2,1,Sim,0
P004261,2025-08-01,63800.0,22859.54,0.3583,40940.46,0.6417,48,Concessionária,2020,5,42,Autônomo,,,Alugada,736.0,0,1,Não,0
P004262,2025-10-01,69700.0,34836.06,0.4998,34863.94,0.5002,36,Digital,2023,2,29,Autônomo,6698.87,12.0,Alugada,643.0,0,2,Não,0
P004263,2025-12-01,47600.0,21448.56,0.4506,26151.44,0.5494,36,Concessionária,2020,5,31,CLT,,23.0,Financiada,704.0,0,1,Não,0
P004264,2025-10-01,44500.0,8526.2,0.1916,35973.8,0.8084,48,Concessionária,2022,3,37,Empresário,13503.03,47.0,Própria,440.0,0,3,Sim,0
P004265,2025-09-01,48100.0,6305.91,0.1311,41794.09,0.8689,36,Digital,2024,1,31,Servidor público,7114.62,156.0,Própria,693.0,0,1,Não,0
P004266,2025-11-01,22000.0,2855.6,0.1298,19144.4,0.8702,36,Digital,2014,11,30,CLT,1903.51,40.0,Alugada,606.0,1,5,Não,0
P004267,2025-12-01,29100.0,13202.67,0.4537,15897.33,0.5463,24,Concessionária,2022,3,37,CLT,2945.65,98.0,Própria,430.0,4,3,Não,0
P004268,2025-12-01,48300.0,15383.55,0.3185,32916.45,0.6815,60,Revenda multimarca,2021,4,39,CLT,13495.11,1.0,Alugada,563.0,0,3,Não,0
P004269,2025-09-01,66500.0,3903.55,0.0587,62596.45,0.9413,24,Revenda multimarca,2024,1,30,Empresário,10892.64,45.0,Própria,527.0,4,0,Não,0
P004270,2025-09-01,26000.0,6383.0,0.2455,19617.0,0.7545,60,Digital,2022,3,22,CLT,1669.96,48.0,Própria,369.0,5,3,Não,0
P004271,2025-12-01,80100.0,23220.99,0.2899,56879.01,0.7101,24,Revenda multimarca,2020,5,44,Empresário,,71.0,Financiada,592.0,1,4,Não,0
P004272,2025-08-01,63700.0,16810.43,0.2639,46889.57,0.7361,48,Concessionária,2025,0,51,Servidor público,8960.77,319.0,Alugada,480.0,1,2,Não,0
P004273,2025-08-01,53500.0,9924.25,0.1855,43575.75,0.8145,48,Concessionária,2019,6,49,Autônomo,,1.0,Alugada,454.0,3,1,Não,0
P004274,2025-11-01,22000.0,4056.8,0.1844,17943.2,0.8156,48,Revenda multimarca,2020,5,50,Autônomo,2475.38,15.0,Alugada,242.0,5,1,Não,0
P004275,2025-12-01,27200.0,544.0,0.02,26656.0,0.98,48,Correspondente bancário,2022,3,41,CLT,1600.0,50.0,Familiar,373.0,5,2,Não,0
P004276,2025-12-01,35000.0,8127.0,0.2322,26873.0,0.7678,48,Revenda multimarca,2019,6,34,Servidor público,4263.52,56.0,Familiar,500.0,1,2,Não,0
P004277,2025-08-01,30400.0,8128.96,0.2674,22271.04,0.7326,36,Concessionária,2023,2,33,CLT,3749.84,39.0,Alugada,539.0,0,4,Não,0
P004278,2025-08-01,45400.0,18564.06,0.4089,26835.94,0.5911,24,Concessionária,2024,1,36,CLT,9747.15,120.0,Alugada,643.0,1,1,Sim,0
P004279,2025-09-01,42400.0,18418.56,0.4344,23981.44,0.5656,24,Concessionária,2021,4,75,Aposentado,8857.0,461.0,Alugada,715.0,0,0,Não,0
P004280,2025-07-01,50400.0,13134.24,0.2606,37265.76,0.7394,24,Correspondente bancário,2019,6,48,CLT,12110.42,22.0,Própria,480.0,0,2,Sim,0
P004281,2025-09-01,36500.0,1777.55,0.0487,34722.45,0.9513,48,Revenda multimarca,2014,11,35,CLT,2954.51,75.0,Alugada,318.0,3,5,Não,0
P004282,2025-08-01,29000.0,13456.0,0.464,15544.0,0.536,60,Concessionária,2022,3,34,CLT,1600.0,30.0,Própria,552.0,1,3,Não,0
P004283,2025-08-01,57600.0,8282.88,0.1438,49317.12,0.8562,60,Revenda multimarca,2018,7,68,Aposentado,2816.4,74.0,Alugada,679.0,0,2,Não,0
P004284,2025-08-01,66400.0,3246.96,0.0489,63153.04,0.9511,48,Digital,2019,6,33,CLT,6360.65,71.0,Alugada,705.0,0,1,Não,0
P004285,2025-11-01,73400.0,22922.82,0.3123,50477.18,0.6877,24,Revenda multimarca,2022,3,39,CLT,8395.58,121.0,Alugada,852.0,0,1,Não,0
P004286,2025-07-01,29200.0,2809.04,0.0962,26390.96,0.9038,60,Concessionária,2022,3,28,CLT,4182.61,70.0,Financiada,597.0,1,0,Não,0
P004287,2025-08-01,51800.0,2382.8,0.046,49417.2,0.954,36,Concessionária,2023,2,24,CLT,,49.0,Própria,588.0,1,1,Sim,0
P004288,2025-11-01,50900.0,5731.34,0.1126,45168.66,0.8874,60,Digital,2015,10,29,Autônomo,2843.81,26.0,Própria,644.0,0,1,Sim,0
P004289,2025-09-01,38200.0,6501.64,0.1702,31698.36,0.8298,48,Concessionária,2014,11,25,Empresário,3205.0,30.0,Alugada,486.0,2,1,Não,0
P004290,2025-10-01,62300.0,17344.32,0.2784,44955.68,0.7216,60,Concessionária,2024,1,45,Empresário,20328.47,16.0,Alugada,545.0,0,2,Não,0
P004291,2025-11-01,22500.0,1327.5,0.059,21172.5,0.941,48,Concessionária,2019,6,34,Autônomo,3630.2,,Própria,574.0,0,0,Não,0
P004292,2025-08-01,31600.0,1336.68,0.0423,30263.32,0.9577,24,Digital,2021,4,33,Servidor público,5376.11,158.0,Alugada,544.0,2,4,Não,0
P004293,2025-07-01,22000.0,2211.0,0.1005,19789.0,0.8995,60,Revenda multimarca,2017,8,33,CLT,2910.1,42.0,Própria,122.0,5,6,Sim,0
P004294,2025-10-01,68700.0,3366.3,0.049,65333.7,0.951,36,Correspondente bancário,2023,2,65,Aposentado,4854.0,162.0,Alugada,,3,0,Não,0
P004295,2025-10-01,47100.0,7498.32,0.1592,39601.68,0.8408,48,Revenda multimarca,2021,4,41,CLT,2143.11,37.0,Familiar,629.0,0,2,Não,0
P004296,2025-09-01,46700.0,17157.58,0.3674,29542.42,0.6326,36,Concessionária,2024,1,50,CLT,,,Própria,717.0,0,3,Sim,0
P004297,2025-09-01,22600.0,1620.42,0.0717,20979.58,0.9283,48,Concessionária,2024,1,52,Servidor público,5774.76,76.0,Alugada,344.0,5,1,Não,0
P004298,2025-10-01,35100.0,5433.48,0.1548,29666.52,0.8452,36,Digital,2022,3,46,Empresário,6983.88,95.0,Financiada,582.0,1,2,Não,0
P004299,2025-08-01,65800.0,21727.16,0.3302,44072.84,0.6698,60,Concessionária,2019,6,40,Empresário,5640.9,73.0,Alugada,387.0,2,2,Sim,0
P004300,2025-07-01,60800.0,2693.44,0.0443,58106.56,0.9557,48,Digital,2023,2,37,Servidor público,9315.91,44.0,Própria,468.0,4,1,Sim,0
P004301,2025-07-01,46100.0,1982.3,0.043,44117.7,0.957,36,Revenda multimarca,2019,6,24,CLT,9813.09,46.0,Alugada,523.0,0,1,Não,0
P004302,2025-11-01,26600.0,12161.52,0.4572,14438.48,0.5428,36,Concessionária,2017,8,34,Autônomo,3559.74,1.0,Própria,701.0,1,1,Não,0
P004303,2025-09-01,88800.0,7645.68,0.0861,81154.32,0.9139,36,Concessionária,2023,2,75,CLT,20185.43,26.0,Própria,569.0,1,0,Não,0
P004304,2025-07-01,33800.0,12069.98,0.3571,21730.02,0.6429,36,Correspondente bancário,2018,7,32,Servidor público,5683.39,161.0,Financiada,697.0,0,1,Não,0
P004305,2025-12-01,67000.0,19972.7,0.2981,47027.3,0.7019,36,Revenda multimarca,2013,12,25,CLT,,47.0,Familiar,648.0,1,4,Não,0
P004306,2025-12-01,89200.0,25011.68,0.2804,64188.32,0.7196,60,Concessionária,2024,1,41,Servidor público,14308.14,,Própria,727.0,0,0,Não,0
P004307,2025-08-01,65000.0,2060.5,0.0317,62939.5,0.9683,36,Revenda multimarca,2024,1,67,CLT,5417.8,76.0,Própria,383.0,1,0,Sim,0
P004308,2025-12-01,36500.0,7205.1,0.1974,29294.9,0.8026,36,Concessionária,2022,3,44,CLT,6210.02,24.0,Própria,980.0,0,1,Sim,0
P004309,2025-11-01,23100.0,1570.8,0.068,21529.2,0.932,36,Concessionária,2022,3,50,CLT,3377.3,26.0,Financiada,335.0,4,6,Não,0
P004310,2025-09-01,25300.0,2185.92,0.0864,23114.08,0.9136,60,Concessionária,2020,5,58,Autônomo,5161.05,14.0,Alugada,508.0,0,0,Não,0
P004311,2025-11-01,39300.0,5372.31,0.1367,33927.69,0.8633,60,Concessionária,2017,8,39,CLT,,71.0,Alugada,505.0,1,3,Não,0
P004312,2025-12-01,47400.0,15831.6,0.334,31568.4,0.666,48,Concessionária,2020,5,32,CLT,2566.48,41.0,Alugada,690.0,0,1,Não,0
P004313,2025-07-01,42900.0,4392.96,0.1024,38507.04,0.8976,48,Concessionária,2022,3,42,Autônomo,8713.4,60.0,Própria,581.0,2,1,Não,0
P004314,2025-09-01,22000.0,2389.2,0.1086,19610.8,0.8914,36,Revenda multimarca,2022,3,54,CLT,2386.8,10.0,Financiada,244.0,4,3,Sim,0
P004315,2025-08-01,75600.0,20510.28,0.2713,55089.72,0.7287,48,Revenda multimarca,2022,3,25,CLT,11567.5,54.0,Alugada,728.0,0,0,Não,0
P004316,2025-10-01,22000.0,3667.4,0.1667,18332.6,0.8333,60,Revenda multimarca,2022,3,29,CLT,,132.0,Alugada,,2,4,Sim,0
P004317,2025-07-01,51400.0,16489.12,0.3208,34910.88,0.6792,36,Revenda multimarca,2019,6,32,Servidor público,16358.79,121.0,Financiada,575.0,1,1,Sim,0
P004318,2025-07-01,41200.0,14939.12,0.3626,26260.88,0.6374,60,Revenda multimarca,2021,4,38,CLT,10380.3,126.0,Alugada,694.0,2,1,Sim,0
P004319,2025-08-01,46000.0,920.0,0.02,45080.0,0.98,48,Correspondente bancário,2024,1,33,CLT,5938.72,113.0,Alugada,213.0,5,7,Sim,0
P004320,2025-08-01,24000.0,6112.8,0.2547,17887.2,0.7453,60,Correspondente bancário,2013,12,58,Autônomo,,59.0,Alugada,478.0,4,1,Não,0
P004321,2025-12-01,22000.0,1953.6,0.0888,20046.4,0.9112,48,Revenda multimarca,2013,12,53,CLT,2075.35,85.0,Própria,291.0,5,3,Sim,0
P004322,2025-11-01,44200.0,19514.3,0.4415,24685.7,0.5585,24,Digital,2023,2,54,Autônomo,4177.41,74.0,Própria,526.0,2,4,Não,0
P004323,2025-11-01,71400.0,13830.18,0.1937,57569.82,0.8063,36,Digital,2022,3,31,Servidor público,6946.74,70.0,Familiar,454.0,4,3,Não,0
P004324,2025-10-01,22000.0,1260.6,0.0573,20739.4,0.9427,60,Revenda multimarca,2021,4,40,CLT,1600.0,44.0,Alugada,317.0,3,7,Sim,0
P004325,2025-07-01,22800.0,1283.64,0.0563,21516.36,0.9437,36,Revenda multimarca,2013,12,52,CLT,3504.77,26.0,Própria,646.0,2,2,Não,0
P004326,2025-12-01,103900.0,35305.22,0.3398,68594.78,0.6602,24,Digital,2024,1,26,Servidor público,10470.0,54.0,Própria,732.0,0,0,Não,0
P004327,2025-12-01,82100.0,27922.21,0.3401,54177.79,0.6599,36,Concessionária,2024,1,51,Autônomo,8747.43,12.0,Própria,847.0,0,0,Não,0
P004328,2025-10-01,34800.0,12047.76,0.3462,22752.24,0.6538,36,Revenda multimarca,2018,7,52,Aposentado,3959.0,224.0,Própria,,2,4,Não,0
P004329,2025-07-01,28100.0,3894.66,0.1386,24205.34,0.8614,60,Revenda multimarca,2020,5,31,CLT,3574.22,6.0,Própria,663.0,1,0,Sim,0
P004330,2025-07-01,27300.0,3944.85,0.1445,23355.15,0.8555,60,Concessionária,2018,7,24,Empresário,2285.24,56.0,Própria,230.0,5,4,Não,0
P004331,2025-07-01,22000.0,5119.4,0.2327,16880.6,0.7673,48,Concessionária,2021,4,35,CLT,4752.94,72.0,Própria,779.0,0,0,Não,0
P004332,2025-11-01,100400.0,23885.16,0.2379,76514.84,0.7621,24,Concessionária,2023,2,42,Servidor público,17596.0,92.0,Própria,1000.0,0,0,Não,0
P004333,2025-09-01,58200.0,11436.3,0.1965,46763.7,0.8035,60,Revenda multimarca,2021,4,28,CLT,2240.32,31.0,Alugada,643.0,1,0,Não,0
P004334,2025-09-01,30800.0,13644.4,0.443,17155.6,0.557,60,Concessionária,2025,0,25,Autônomo,4715.23,,Própria,755.0,2,1,Não,0
P004335,2025-09-01,51400.0,26959.3,0.5245,24440.7,0.4755,48,Correspondente bancário,2025,0,45,CLT,5061.32,36.0,Própria,715.0,0,0,Não,0
P004336,2025-09-01,37700.0,12135.63,0.3219,25564.37,0.6781,24,Revenda multimarca,2017,8,53,CLT,2366.49,44.0,Familiar,606.0,0,3,Não,0
P004337,2025-08-01,41700.0,3135.84,0.0752,38564.16,0.9248,36,Revenda multimarca,2023,2,33,CLT,3664.89,67.0,Financiada,603.0,2,0,Não,0
P004338,2025-07-01,22000.0,7838.6,0.3563,14161.4,0.6437,60,Concessionária,2019,6,33,CLT,3740.81,17.0,Financiada,733.0,0,1,Não,0
P004339,2025-11-01,26700.0,918.48,0.0344,25781.52,0.9656,60,Concessionária,2022,3,63,Autônomo,,45.0,Própria,624.0,0,2,Não,0
P004340,2025-08-01,34800.0,3326.88,0.0956,31473.12,0.9044,60,Revenda multimarca,2020,5,74,CLT,4419.44,60.0,Própria,324.0,5,5,Não,0
P004341,2025-07-01,29400.0,4827.48,0.1642,24572.52,0.8358,48,Concessionária,2023,2,53,Autônomo,3436.45,66.0,Própria,444.0,1,1,Não,0
P004342,2025-07-01,27300.0,8550.36,0.3132,18749.64,0.6868,48,Revenda multimarca,2019,6,47,CLT,3031.67,,Familiar,522.0,2,1,Não,0
P004343,2025-10-01,37400.0,27750.8,0.742,9649.2,0.258,24,Concessionária,2024,1,51,CLT,8271.98,48.0,Familiar,554.0,2,2,Não,0
P004344,2025-12-01,33600.0,2016.0,0.06,31584.0,0.94,24,Concessionária,2023,2,39,Autônomo,4838.91,49.0,Própria,444.0,0,3,Sim,0
P004345,2025-09-01,26500.0,8856.3,0.3342,17643.7,0.6658,48,Digital,2020,5,32,CLT,3802.77,22.0,Própria,443.0,0,1,Não,0
P004346,2025-11-01,22000.0,4419.8,0.2009,17580.2,0.7991,48,Concessionária,2022,3,75,Aposentado,2200.59,,Alugada,394.0,2,4,Sim,0
P004347,2025-10-01,56600.0,4573.28,0.0808,52026.72,0.9192,48,Revenda multimarca,2019,6,45,CLT,5329.36,39.0,Própria,631.0,0,0,Não,0
P004348,2025-11-01,69000.0,1787.1,0.0259,67212.9,0.9741,24,Concessionária,2020,5,32,Servidor público,12144.61,60.0,Própria,594.0,1,3,Não,0
P004349,2025-11-01,69300.0,7006.23,0.1011,62293.77,0.8989,48,Digital,2016,9,31,Autônomo,4538.4,,Própria,617.0,0,1,Não,0
P004350,2025-07-01,72000.0,3499.2,0.0486,68500.8,0.9514,24,Correspondente bancário,2018,7,36,CLT,5087.16,9.0,Financiada,576.0,0,1,Não,0
P004351,2025-08-01,31400.0,3658.1,0.1165,27741.9,0.8835,24,Concessionária,2022,3,36,CLT,2423.68,,Familiar,447.0,1,5,Não,0
P004352,2025-08-01,22000.0,440.0,0.02,21560.0,0.98,60,Digital,2024,1,29,CLT,2475.68,52.0,Própria,432.0,5,4,Não,0
P004353,2025-10-01,37800.0,4630.5,0.1225,33169.5,0.8775,60,Correspondente bancário,2015,10,40,Autônomo,1600.0,69.0,Alugada,532.0,2,1,Sim,0
P004354,2025-12-01,39500.0,18209.5,0.461,21290.5,0.539,36,Correspondente bancário,2022,3,75,CLT,3646.53,46.0,Própria,,1,1,Não,0
P004355,2025-07-01,40800.0,15030.72,0.3684,25769.28,0.6316,36,Digital,2023,2,26,CLT,,39.0,Própria,816.0,2,0,Não,0
P004356,2025-08-01,22000.0,3163.6,0.1438,18836.4,0.8562,60,Concessionária,2015,10,71,Aposentado,2064.85,155.0,Financiada,342.0,3,3,Não,0
P004357,2025-11-01,45600.0,15782.16,0.3461,29817.84,0.6539,48,Concessionária,2023,2,26,Autônomo,2220.86,96.0,Própria,881.0,2,2,Não,0
P004358,2025-09-01,63700.0,4248.79,0.0667,59451.21,0.9333,60,Concessionária,2019,6,26,Autônomo,4109.65,53.0,Alugada,681.0,0,0,Não,0
P004359,2025-10-01,29500.0,7212.75,0.2445,22287.25,0.7555,60,Revenda multimarca,2020,5,34,CLT,2781.23,144.0,Alugada,513.0,0,2,Não,0
P004360,2025-12-01,22000.0,5744.2,0.2611,16255.8,0.7389,48,Correspondente bancário,2013,12,28,CLT,2002.78,5.0,Alugada,451.0,5,6,Não,0
P004361,2025-12-01,42300.0,5418.63,0.1281,36881.37,0.8719,60,Revenda multimarca,2020,5,57,Servidor público,4021.38,115.0,Financiada,563.0,2,3,Não,0
P004362,2025-10-01,41400.0,11198.7,0.2705,30201.3,0.7295,60,Correspondente bancário,2023,2,32,CLT,3245.65,151.0,Própria,,0,1,Não,0
P004363,2025-09-01,34000.0,4148.0,0.122,29852.0,0.878,48,Digital,2023,2,22,CLT,2884.1,48.0,Familiar,320.0,3,0,Sim,0
P004364,2025-07-01,29100.0,3666.6,0.126,25433.4,0.874,24,Concessionária,2018,7,29,CLT,2505.6,46.0,Própria,560.0,3,2,Sim,0
P004365,2025-07-01,34500.0,2722.05,0.0789,31777.95,0.9211,48,Digital,2022,3,25,Autônomo,2989.68,26.0,Alugada,690.0,0,3,Não,0
P004366,2025-12-01,23400.0,732.42,0.0313,22667.58,0.9687,36,Concessionária,2020,5,32,Autônomo,2254.55,51.0,Alugada,537.0,1,2,Não,0
P004367,2025-09-01,54300.0,11468.16,0.2112,42831.84,0.7888,24,Concessionária,2024,1,52,CLT,7407.58,43.0,Própria,669.0,2,1,Não,0
P004368,2025-11-01,32300.0,4848.23,0.1501,27451.77,0.8499,48,Digital,2024,1,74,Autônomo,5964.46,65.0,Financiada,483.0,3,2,Não,0
P004369,2025-07-01,53300.0,19113.38,0.3586,34186.62,0.6414,60,Digital,2022,3,68,Aposentado,15628.94,219.0,Financiada,690.0,0,1,Não,0
P004370,2025-12-01,22000.0,3698.2,0.1681,18301.8,0.8319,36,Concessionária,2013,12,56,CLT,1872.21,80.0,Alugada,394.0,5,2,Não,0
P004371,2025-11-01,78200.0,24828.5,0.3175,53371.5,0.6825,36,Concessionária,2024,1,53,Empresário,13846.51,50.0,Familiar,916.0,0,0,Não,0
P004372,2025-07-01,31600.0,16845.96,0.5331,14754.04,0.4669,60,Revenda multimarca,2018,7,49,CLT,3986.62,98.0,Alugada,598.0,0,1,Não,0
P004373,2025-08-01,64900.0,5886.43,0.0907,59013.57,0.9093,48,Correspondente bancário,2022,3,28,CLT,2665.79,21.0,Familiar,475.0,1,4,Não,0
P004374,2025-12-01,78100.0,2288.33,0.0293,75811.67,0.9707,60,Concessionária,2020,5,35,CLT,8280.83,17.0,Própria,506.0,0,1,Não,0
P004375,2025-10-01,41100.0,18519.66,0.4506,22580.34,0.5494,48,Concessionária,2022,3,33,Servidor público,6559.87,59.0,Familiar,592.0,2,3,Sim,0
P004376,2025-12-01,22000.0,2618.0,0.119,19382.0,0.881,36,Concessionária,2019,6,27,CLT,4711.93,33.0,Própria,595.0,1,3,Não,0
P004377,2025-11-01,27300.0,1594.32,0.0584,25705.68,0.9416,24,Concessionária,2023,2,37,Empresário,,,Familiar,529.0,2,2,Sim,0
P004378,2025-07-01,39200.0,17255.84,0.4402,21944.16,0.5598,60,Correspondente bancário,2014,11,25,Autônomo,3189.05,84.0,Alugada,195.0,5,5,Sim,0
P004379,2025-09-01,57200.0,8803.08,0.1539,48396.92,0.8461,24,Revenda multimarca,2014,11,52,CLT,4095.91,37.0,Financiada,548.0,2,5,Não,0
P004380,2025-10-01,55800.0,2159.46,0.0387,53640.54,0.9613,36,Revenda multimarca,2021,4,31,CLT,6049.78,71.0,Financiada,619.0,1,4,Não,0
P004381,2025-08-01,28200.0,5546.94,0.1967,22653.06,0.8033,60,Concessionária,2017,8,75,Aposentado,2877.37,154.0,Alugada,639.0,0,2,Não,0
P004382,2025-08-01,85000.0,15691.0,0.1846,69309.0,0.8154,36,Concessionária,2024,1,34,Empresário,4482.67,,Financiada,629.0,1,2,Não,0
P004383,2025-10-01,55100.0,27412.25,0.4975,27687.75,0.5025,24,Correspondente bancário,2023,2,32,CLT,8090.16,66.0,Própria,,0,0,Não,0
P004384,2025-10-01,87800.0,29755.42,0.3389,58044.58,0.6611,36,Concessionária,2023,2,41,CLT,11765.9,39.0,Alugada,687.0,0,2,Não,0
P004385,2025-10-01,43000.0,2631.6,0.0612,40368.4,0.9388,60,Revenda multimarca,2023,2,35,CLT,6659.51,35.0,Própria,515.0,1,3,Sim,0
P004386,2025-11-01,22000.0,6109.4,0.2777,15890.6,0.7223,48,Correspondente bancário,2013,12,57,Aposentado,3265.04,,Financiada,345.0,3,2,Não,0
P004387,2025-09-01,43600.0,4865.76,0.1116,38734.24,0.8884,24,Concessionária,2017,8,32,Empresário,7814.46,79.0,Própria,535.0,2,2,Não,0
P004388,2025-09-01,42600.0,6666.9,0.1565,35933.1,0.8435,48,Digital,2021,4,32,CLT,3453.63,35.0,Familiar,563.0,0,3,Não,0
P004389,2025-09-01,43800.0,24558.66,0.5607,19241.34,0.4393,36,Digital,2022,3,30,CLT,,118.0,Alugada,592.0,2,0,Não,0
P004390,2025-12-01,23000.0,763.6,0.0332,22236.4,0.9668,60,Correspondente bancário,2013,12,38,Empresário,3632.39,18.0,Própria,295.0,5,5,Sim,0
P004391,2025-08-01,40000.0,2980.0,0.0745,37020.0,0.9255,48,Concessionária,2023,2,43,Autônomo,3326.2,,Financiada,648.0,0,1,Não,0
P004392,2025-07-01,25900.0,1756.02,0.0678,24143.98,0.9322,24,Concessionária,2025,0,25,CLT,1600.0,84.0,Alugada,312.0,5,5,Sim,0
P004393,2025-07-01,27300.0,3033.03,0.1111,24266.97,0.8889,48,Concessionária,2023,2,42,CLT,4530.78,10.0,Financiada,552.0,2,1,Não,0
P004394,2025-11-01,22000.0,1929.4,0.0877,20070.6,0.9123,48,Correspondente bancário,2020,5,38,Autônomo,1600.0,,Financiada,80.0,5,7,Sim,0
P004395,2025-10-01,50900.0,20762.11,0.4079,30137.89,0.5921,36,Revenda multimarca,2021,4,36,Autônomo,7595.13,30.0,Própria,567.0,1,0,Não,0
P004396,2025-08-01,27900.0,4832.28,0.1732,23067.72,0.8268,36,Concessionária,2025,0,62,Aposentado,5997.44,261.0,Própria,332.0,5,0,Não,0
P004397,2025-08-01,54500.0,8480.2,0.1556,46019.8,0.8444,36,Concessionária,2015,10,24,CLT,,31.0,Alugada,370.0,4,1,Não,0
P004398,2025-08-01,22000.0,550.0,0.025,21450.0,0.975,48,Concessionária,2013,12,41,CLT,,12.0,Alugada,192.0,5,3,Sim,0
P004399,2025-09-01,31800.0,6515.82,0.2049,25284.18,0.7951,36,Correspondente bancário,2022,3,44,CLT,1600.0,21.0,Alugada,602.0,1,1,Não,0
P004400,2025-12-01,57100.0,11391.45,0.1995,45708.55,0.8005,24,Revenda multimarca,2019,6,41,Servidor público,4870.89,11.0,Financiada,690.0,0,4,Não,0
P004401,2025-12-01,22000.0,4045.8,0.1839,17954.2,0.8161,60,Concessionária,2022,3,41,CLT,1785.22,125.0,Financiada,,1,4,Não,0
P004402,2025-10-01,22000.0,7794.6,0.3543,14205.4,0.6457,60,Revenda multimarca,2018,7,75,Aposentado,2855.6,290.0,Financiada,481.0,0,4,Não,0
P004403,2025-08-01,61400.0,5268.12,0.0858,56131.88,0.9142,60,Concessionária,2024,1,33,Autônomo,7047.61,33.0,Alugada,,2,1,Não,0
P004404,2025-07-01,24200.0,2148.96,0.0888,22051.04,0.9112,60,Correspondente bancário,2021,4,38,CLT,2097.36,105.0,Alugada,445.0,5,4,Sim,0
P004405,2025-08-01,37500.0,8182.5,0.2182,29317.5,0.7818,36,Revenda multimarca,2021,4,47,Autônomo,3204.95,53.0,Alugada,542.0,0,0,Sim,0
P004406,2025-08-01,22200.0,7175.04,0.3232,15024.96,0.6768,48,Concessionária,2020,5,31,CLT,,67.0,Familiar,499.0,0,2,Não,0
P004407,2025-09-01,38900.0,6068.4,0.156,32831.6,0.844,60,Concessionária,2023,2,53,Aposentado,7812.23,,Familiar,730.0,0,4,Não,0
P004408,2025-11-01,47100.0,11996.37,0.2547,35103.63,0.7453,48,Digital,2024,1,30,CLT,11881.94,11.0,Própria,862.0,0,0,Não,0
P004409,2025-10-01,54100.0,13795.5,0.255,40304.5,0.745,24,Concessionária,2021,4,66,CLT,7152.52,,Familiar,761.0,1,0,Não,0
P004410,2025-11-01,58000.0,16205.2,0.2794,41794.8,0.7206,36,Concessionária,2024,1,52,Servidor público,7285.61,35.0,Própria,588.0,1,1,Não,0
P004411,2025-11-01,22000.0,3025.0,0.1375,18975.0,0.8625,24,Correspondente bancário,2017,8,50,CLT,1663.54,72.0,Familiar,443.0,4,3,Sim,0
P004412,2025-12-01,22000.0,2774.2,0.1261,19225.8,0.8739,48,Revenda multimarca,2020,5,29,CLT,6146.42,82.0,Própria,710.0,0,1,Não,0
P004413,2025-07-01,22000.0,1940.4,0.0882,20059.6,0.9118,36,Digital,2022,3,30,CLT,3111.95,,Financiada,432.0,1,3,Sim,0
P004414,2025-07-01,51800.0,24314.92,0.4694,27485.08,0.5306,60,Concessionária,2019,6,49,CLT,4371.49,42.0,Alugada,569.0,0,0,Não,0
P004415,2025-09-01,45600.0,10907.52,0.2392,34692.48,0.7608,24,Concessionária,2021,4,42,CLT,3525.97,36.0,Própria,460.0,3,9,Sim,0
P004416,2025-10-01,37300.0,775.84,0.0208,36524.16,0.9792,36,Correspondente bancário,2018,7,51,CLT,4084.77,107.0,Própria,547.0,0,2,Não,0
P004417,2025-10-01,43400.0,2855.72,0.0658,40544.28,0.9342,24,Concessionária,2024,1,50,CLT,3746.09,63.0,Alugada,604.0,0,0,Não,0
P004418,2025-10-01,38700.0,2770.92,0.0716,35929.08,0.9284,48,Concessionária,2025,0,30,CLT,4559.94,124.0,Financiada,640.0,1,0,Não,0
P004419,2025-08-01,78800.0,4940.76,0.0627,73859.24,0.9373,36,Concessionária,2023,2,34,Servidor público,8146.38,83.0,Financiada,492.0,2,2,Não,0
P004420,2025-10-01,34500.0,5644.2,0.1636,28855.8,0.8364,48,Correspondente bancário,2022,3,52,Autônomo,5631.68,42.0,Própria,524.0,0,3,Sim,0
P004421,2025-07-01,38000.0,7284.6,0.1917,30715.4,0.8083,24,Correspondente bancário,2019,6,22,Autônomo,3642.65,48.0,Própria,824.0,0,0,Não,0
P004422,2025-10-01,29100.0,14654.76,0.5036,14445.24,0.4964,60,Concessionária,2013,12,57,Aposentado,,206.0,Própria,485.0,2,3,Não,0
P004423,2025-07-01,98400.0,15930.96,0.1619,82469.04,0.8381,60,Digital,2020,5,49,Servidor público,9602.5,77.0,Financiada,700.0,0,2,Não,0
P004424,2025-12-01,23700.0,2391.33,0.1009,21308.67,0.8991,48,Revenda multimarca,2016,9,50,Servidor público,3460.39,73.0,Alugada,609.0,0,1,Não,0
P004425,2025-08-01,32300.0,7587.27,0.2349,24712.73,0.7651,36,Concessionária,2020,5,29,CLT,7004.72,43.0,Alugada,666.0,0,1,Não,0
P004426,2025-12-01,22900.0,5315.09,0.2321,17584.91,0.7679,48,Concessionária,2024,1,58,CLT,7919.26,57.0,Alugada,849.0,0,1,Não,0
P004427,2025-10-01,54300.0,8177.58,0.1506,46122.42,0.8494,36,Digital,2024,1,27,Autônomo,5325.27,36.0,Familiar,519.0,5,1,Sim,0
P004428,2025-08-01,24900.0,8555.64,0.3436,16344.36,0.6564,36,Concessionária,2013,12,25,CLT,1657.42,34.0,Financiada,352.0,5,3,Não,0
P004429,2025-08-01,76800.0,21880.32,0.2849,54919.68,0.7151,60,Revenda multimarca,2024,1,42,Empresário,11563.54,76.0,Financiada,913.0,0,1,Não,0
P004430,2025-12-01,22400.0,8086.4,0.361,14313.6,0.639,60,Digital,2022,3,39,CLT,8686.27,,Própria,488.0,4,2,Sim,0
P004431,2025-07-01,22000.0,4309.8,0.1959,17690.2,0.8041,48,Digital,2017,8,21,Empresário,2262.35,24.0,Própria,264.0,5,3,Sim,0
P004432,2025-11-01,31300.0,12235.17,0.3909,19064.83,0.6091,48,Revenda multimarca,2022,3,53,Autônomo,7703.4,,Própria,783.0,0,3,Não,0
P004433,2025-08-01,30200.0,2524.72,0.0836,27675.28,0.9164,36,Revenda multimarca,2013,12,31,CLT,3375.73,86.0,Própria,400.0,1,2,Não,0
P004434,2025-08-01,45600.0,4021.92,0.0882,41578.08,0.9118,48,Revenda multimarca,2020,5,38,CLT,9174.5,82.0,Financiada,668.0,0,1,Não,0
P004435,2025-09-01,34200.0,15670.44,0.4582,18529.56,0.5418,36,Concessionária,2025,0,37,CLT,,79.0,Própria,654.0,0,4,Não,0
P004436,2025-08-01,27300.0,4157.79,0.1523,23142.21,0.8477,60,Concessionária,2022,3,46,CLT,5508.36,61.0,Alugada,835.0,0,2,Não,0
P004437,2025-08-01,22000.0,4450.6,0.2023,17549.4,0.7977,24,Revenda multimarca,2015,10,42,Autônomo,1600.0,17.0,Alugada,228.0,5,3,Não,0
P004438,2025-10-01,22000.0,3898.4,0.1772,18101.6,0.8228,48,Revenda multimarca,2021,4,47,CLT,2000.95,56.0,Familiar,428.0,3,2,Não,0
P004439,2025-07-01,55300.0,1990.8,0.036,53309.2,0.964,36,Concessionária,2023,2,53,CLT,4081.84,39.0,Alugada,335.0,5,4,Não,0
P004440,2025-10-01,31000.0,3565.0,0.115,27435.0,0.885,24,Concessionária,2021,4,29,CLT,3011.89,63.0,Própria,673.0,2,0,Não,0
P004441,2025-08-01,44000.0,8725.2,0.1983,35274.8,0.8017,36,Revenda multimarca,2013,12,27,Autônomo,3400.0,45.0,Familiar,667.0,0,8,Não,0
P004442,2025-09-01,43900.0,10039.93,0.2287,33860.07,0.7713,60,Correspondente bancário,2024,1,37,Autônomo,,23.0,Familiar,737.0,0,0,Não,0
P004443,2025-11-01,38200.0,14114.9,0.3695,24085.1,0.6305,36,Revenda multimarca,2013,12,33,Autônomo,1600.0,12.0,Familiar,358.0,4,6,Não,0
P004444,2025-11-01,45500.0,16989.7,0.3734,28510.3,0.6266,36,Revenda multimarca,2019,6,65,CLT,4442.92,10.0,Financiada,493.0,5,0,Sim,0
P004445,2025-11-01,32100.0,11764.65,0.3665,20335.35,0.6335,36,Digital,2023,2,63,CLT,3396.72,13.0,Alugada,474.0,2,1,Não,0
P004446,2025-08-01,22000.0,5343.8,0.2429,16656.2,0.7571,36,Concessionária,2023,2,44,Autônomo,1600.0,51.0,Familiar,489.0,2,4,Sim,0
P004447,2025-12-01,65200.0,9049.76,0.1388,56150.24,0.8612,60,Digital,2020,5,54,CLT,10164.12,31.0,Própria,509.0,1,0,Não,0
P004448,2025-08-01,22000.0,1498.2,0.0681,20501.8,0.9319,60,Concessionária,2019,6,30,CLT,,9.0,Alugada,482.0,5,4,Não,0
P004449,2025-07-01,22000.0,1108.8,0.0504,20891.2,0.9496,48,Concessionária,2023,2,36,CLT,1600.0,77.0,Alugada,632.0,4,1,Sim,0
P004450,2025-12-01,41000.0,7605.5,0.1855,33394.5,0.8145,24,Digital,2021,4,55,Empresário,,12.0,Própria,483.0,2,1,Não,0
P004451,2025-07-01,22000.0,440.0,0.02,21560.0,0.98,24,Digital,2020,5,39,CLT,2274.89,30.0,Própria,599.0,3,3,Sim,0
P004452,2025-12-01,22000.0,2809.4,0.1277,19190.6,0.8723,48,Revenda multimarca,2020,5,69,CLT,1837.79,29.0,Própria,131.0,5,12,Sim,0
P004453,2025-10-01,33800.0,12651.34,0.3743,21148.66,0.6257,48,Concessionária,2024,1,42,Autônomo,3504.52,19.0,Familiar,544.0,0,0,Não,0
P004454,2025-07-01,53200.0,36793.12,0.6916,16406.88,0.3084,48,Revenda multimarca,2013,12,31,CLT,1600.0,87.0,Financiada,314.0,3,2,Não,0
P004455,2025-10-01,42400.0,14216.72,0.3353,28183.28,0.6647,60,Correspondente bancário,2022,3,75,Autônomo,2392.34,,Financiada,542.0,0,0,Sim,0
P004456,2025-11-01,22000.0,440.0,0.02,21560.0,0.98,60,Concessionária,2021,4,48,CLT,1600.0,49.0,Financiada,385.0,2,3,Sim,0
P004457,2025-11-01,42100.0,3153.29,0.0749,38946.71,0.9251,48,Correspondente bancário,2023,2,31,CLT,,7.0,Alugada,469.0,1,2,Sim,0
P004458,2025-12-01,54300.0,19895.52,0.3664,34404.48,0.6336,24,Concessionária,2025,0,32,CLT,19548.54,13.0,Própria,880.0,1,0,Não,0
P004459,2025-07-01,125800.0,14869.56,0.1182,110930.44,0.8818,36,Concessionária,2021,4,75,CLT,7794.19,69.0,Própria,632.0,0,3,Sim,0
P004460,2025-11-01,53300.0,8096.27,0.1519,45203.73,0.8481,36,Correspondente bancário,2024,1,71,CLT,10262.5,,Própria,852.0,0,0,Sim,0
P004461,2025-11-01,90500.0,20471.1,0.2262,70028.9,0.7738,60,Revenda multimarca,2023,2,35,Autônomo,9540.17,41.0,Financiada,399.0,2,1,Sim,0
P004462,2025-10-01,63400.0,21790.58,0.3437,41609.42,0.6563,48,Digital,2023,2,34,CLT,6101.15,66.0,Alugada,574.0,0,3,Sim,0
P004463,2025-08-01,39000.0,780.0,0.02,38220.0,0.98,36,Revenda multimarca,2021,4,32,Autônomo,1600.0,25.0,Alugada,491.0,2,4,Sim,0
P004464,2025-12-01,50400.0,33233.76,0.6594,17166.24,0.3406,48,Revenda multimarca,2016,9,37,Empresário,6656.57,23.0,Alugada,648.0,1,1,Não,0
P004465,2025-08-01,58800.0,15599.64,0.2653,43200.36,0.7347,48,Correspondente bancário,2023,2,33,CLT,9844.15,6.0,Alugada,532.0,0,2,Sim,0
P004466,2025-08-01,29000.0,13435.7,0.4633,15564.3,0.5367,60,Concessionária,2013,12,36,Autônomo,3452.72,,Financiada,617.0,2,3,Sim,0
P004467,2025-10-01,34500.0,9766.95,0.2831,24733.05,0.7169,48,Correspondente bancário,2024,1,28,CLT,7448.97,53.0,Financiada,398.0,5,2,Não,0
P004468,2025-07-01,22000.0,3080.0,0.14,18920.0,0.86,48,Concessionária,2021,4,35,CLT,2045.6,45.0,Alugada,339.0,5,0,Sim,0
P004469,2025-10-01,32000.0,4131.2,0.1291,27868.8,0.8709,36,Concessionária,2023,2,38,Servidor público,8757.05,103.0,Familiar,486.0,1,0,Não,0
P004470,2025-11-01,82600.0,29793.82,0.3607,52806.18,0.6393,36,Revenda multimarca,2021,4,24,CLT,9115.78,26.0,Familiar,613.0,0,3,Não,0
P004471,2025-08-01,22000.0,2714.8,0.1234,19285.2,0.8766,60,Revenda multimarca,2022,3,54,Autônomo,1600.0,51.0,Familiar,276.0,3,5,Sim,0
P004472,2025-12-01,22000.0,563.2,0.0256,21436.8,0.9744,36,Digital,2013,12,29,CLT,1600.0,35.0,Financiada,507.0,1,1,Sim,0
P004473,2025-08-01,91200.0,31582.56,0.3463,59617.44,0.6537,24,Concessionária,2022,3,49,CLT,2899.97,12.0,Própria,534.0,0,2,Sim,0
P004474,2025-12-01,40000.0,3056.0,0.0764,36944.0,0.9236,60,Concessionária,2018,7,38,CLT,5356.23,50.0,Própria,607.0,1,2,Não,0
P004475,2025-09-01,59800.0,11906.18,0.1991,47893.82,0.8009,24,Concessionária,2023,2,75,Autônomo,10546.78,26.0,Familiar,689.0,0,3,Não,0
P004476,2025-12-01,32700.0,5948.13,0.1819,26751.87,0.8181,24,Correspondente bancário,2024,1,33,CLT,4217.13,,Alugada,630.0,0,2,Não,0
P004477,2025-10-01,48900.0,5457.24,0.1116,43442.76,0.8884,48,Revenda multimarca,2013,12,38,Autônomo,,37.0,Alugada,,5,2,Sim,0
P004478,2025-09-01,42100.0,12444.76,0.2956,29655.24,0.7044,48,Revenda multimarca,2018,7,30,Autônomo,4325.45,1.0,Alugada,594.0,0,1,Sim,0
P004479,2025-10-01,22000.0,440.0,0.02,21560.0,0.98,48,Correspondente bancário,2022,3,23,CLT,1600.0,15.0,Alugada,311.0,5,1,Sim,0
P004480,2025-09-01,34900.0,14057.72,0.4028,20842.28,0.5972,48,Digital,2022,3,37,CLT,1678.65,45.0,Alugada,679.0,0,1,Não,0
P004481,2025-11-01,31500.0,14786.1,0.4694,16713.9,0.5306,60,Revenda multimarca,2019,6,36,Autônomo,,124.0,Alugada,626.0,1,2,Não,0
P004482,2025-09-01,43600.0,5737.76,0.1316,37862.24,0.8684,36,Revenda multimarca,2020,5,52,CLT,7769.04,42.0,Financiada,768.0,0,0,Sim,0
P004483,2025-11-01,35400.0,5940.12,0.1678,29459.88,0.8322,36,Concessionária,2021,4,26,Autônomo,5046.83,73.0,Familiar,456.0,3,1,Não,0
P004484,2025-10-01,32200.0,2659.72,0.0826,29540.28,0.9174,24,Revenda multimarca,2013,12,28,CLT,2672.7,21.0,Familiar,,1,6,Não,0
P004485,2025-11-01,86700.0,65025.0,0.75,21675.0,0.25,24,Concessionária,2016,9,46,CLT,,21.0,Própria,656.0,1,1,Não,0
P004486,2025-11-01,141500.0,77046.75,0.5445,64453.25,0.4555,48,Concessionária,2024,1,29,Autônomo,4601.55,12.0,Alugada,827.0,0,1,Não,0
P004487,2025-08-01,40700.0,1872.2,0.046,38827.8,0.954,24,Correspondente bancário,2023,2,45,CLT,6015.13,30.0,Familiar,736.0,1,4,Não,0
P004488,2025-07-01,39200.0,13073.2,0.3335,26126.8,0.6665,48,Digital,2020,5,45,Autônomo,3290.04,19.0,Alugada,858.0,0,1,Não,0
P004489,2025-09-01,56900.0,13627.55,0.2395,43272.45,0.7605,48,Revenda multimarca,2022,3,55,Servidor público,18648.7,38.0,Financiada,789.0,1,2,Não,0
P004490,2025-11-01,32600.0,5401.82,0.1657,27198.18,0.8343,36,Revenda multimarca,2021,4,50,Empresário,3979.88,12.0,Alugada,469.0,2,2,Não,0
P004491,2025-08-01,38100.0,10408.92,0.2732,27691.08,0.7268,60,Revenda multimarca,2024,1,36,Empresário,10858.15,15.0,Própria,572.0,0,3,Não,0
P004492,2025-08-01,49200.0,10863.36,0.2208,38336.64,0.7792,60,Revenda multimarca,2023,2,42,Autônomo,1600.0,17.0,Própria,668.0,0,2,Não,0
P004493,2025-09-01,97000.0,46375.7,0.4781,50624.3,0.5219,60,Concessionária,2022,3,43,Autônomo,4439.85,30.0,Alugada,632.0,1,0,Não,0
P004494,2025-08-01,32100.0,11950.83,0.3723,20149.17,0.6277,36,Correspondente bancário,2020,5,30,CLT,2892.94,41.0,Alugada,566.0,1,1,Sim,0
P004495,2025-10-01,38900.0,5772.76,0.1484,33127.24,0.8516,48,Concessionária,2019,6,43,CLT,3155.33,52.0,Financiada,642.0,1,2,Não,0
P004496,2025-10-01,176000.0,27332.8,0.1553,148667.2,0.8447,60,Revenda multimarca,2021,4,29,Empresário,12007.24,,Financiada,648.0,0,1,Não,0
P004497,2025-07-01,29700.0,8223.93,0.2769,21476.07,0.7231,48,Revenda multimarca,2022,3,37,Autônomo,2670.93,114.0,Alugada,501.0,1,2,Não,0
P004498,2025-10-01,47100.0,4319.07,0.0917,42780.93,0.9083,60,Revenda multimarca,2024,1,49,Empresário,12204.33,40.0,Própria,493.0,1,1,Sim,0
P004499,2025-12-01,22000.0,3357.2,0.1526,18642.8,0.8474,60,Revenda multimarca,2014,11,55,Autônomo,1600.0,,Própria,495.0,1,1,Não,0
P004500,2025-11-01,70700.0,42999.74,0.6082,27700.26,0.3918,48,Digital,2024,1,37,CLT,4350.37,,Familiar,792.0,0,0,Não,0
P004501,2025-10-01,22000.0,1702.8,0.0774,20297.2,0.9226,36,Concessionária,2020,5,31,CLT,3475.45,,Financiada,400.0,5,2,Sim,0
P004502,2025-07-01,23200.0,8519.04,0.3672,14680.96,0.6328,48,Concessionária,2017,8,29,Autônomo,2763.01,17.0,Alugada,415.0,2,1,Não,0
P004503,2025-12-01,68100.0,1865.94,0.0274,66234.06,0.9726,36,Correspondente bancário,2024,1,32,CLT,8669.97,22.0,Alugada,460.0,2,2,Sim,0
P004504,2025-11-01,23200.0,501.12,0.0216,22698.88,0.9784,60,Correspondente bancário,2023,2,35,Autônomo,1600.0,17.0,Alugada,326.0,2,2,Sim,0
P004505,2025-07-01,37300.0,5046.69,0.1353,32253.31,0.8647,60,Correspondente bancário,2020,5,57,Aposentado,2374.09,79.0,Alugada,427.0,3,2,Sim,0
P004506,2025-11-01,45700.0,15981.29,0.3497,29718.71,0.6503,24,Revenda multimarca,2017,8,54,Aposentado,7709.43,10.0,Financiada,615.0,1,1,Não,0
P004507,2025-12-01,22000.0,6560.4,0.2982,15439.6,0.7018,48,Revenda multimarca,2022,3,57,CLT,9708.29,,Alugada,344.0,1,0,Não,0
P004508,2025-10-01,22000.0,6996.0,0.318,15004.0,0.682,36,Digital,2021,4,37,CLT,2850.55,172.0,Própria,573.0,0,7,Não,0
P004509,2025-11-01,70200.0,12888.72,0.1836,57311.28,0.8164,24,Revenda multimarca,2022,3,30,CLT,7016.31,34.0,Familiar,474.0,1,0,Não,0
P004510,2025-07-01,67100.0,11635.14,0.1734,55464.86,0.8266,24,Revenda multimarca,2022,3,39,CLT,4395.47,13.0,Própria,411.0,5,5,Sim,0
P004511,2025-07-01,48400.0,4041.4,0.0835,44358.6,0.9165,60,Revenda multimarca,2020,5,53,Autônomo,5086.28,31.0,Financiada,499.0,2,3,Sim,0
P004512,2025-11-01,30300.0,2599.74,0.0858,27700.26,0.9142,36,Digital,2013,12,27,CLT,2964.51,32.0,Própria,551.0,0,5,Não,0
P004513,2025-12-01,22000.0,4730.0,0.215,17270.0,0.785,36,Correspondente bancário,2016,9,67,CLT,,2.0,Familiar,306.0,3,0,Não,0
P004514,2025-11-01,131400.0,15636.6,0.119,115763.4,0.881,60,Digital,2024,1,46,Servidor público,10335.98,61.0,Familiar,658.0,0,1,Não,0
P004515,2025-12-01,32900.0,3421.6,0.104,29478.4,0.896,60,Concessionária,2013,12,42,CLT,3461.07,21.0,Alugada,594.0,1,0,Não,0
P004516,2025-09-01,47500.0,17309.0,0.3644,30191.0,0.6356,36,Concessionária,2021,4,28,CLT,4056.1,79.0,Própria,700.0,0,3,Não,0
P004517,2025-08-01,72400.0,17600.44,0.2431,54799.56,0.7569,48,Concessionária,2020,5,32,CLT,5817.25,,Própria,722.0,0,1,Não,0
P004518,2025-08-01,27000.0,16645.5,0.6165,10354.5,0.3835,24,Digital,2021,4,37,Autônomo,2725.89,24.0,Financiada,656.0,1,1,Não,0
P004519,2025-08-01,133700.0,23798.6,0.178,109901.4,0.822,60,Concessionária,2024,1,27,Servidor público,18967.16,87.0,Própria,736.0,0,1,Não,0
P004520,2025-11-01,46600.0,6635.84,0.1424,39964.16,0.8576,48,Revenda multimarca,2023,2,28,CLT,5704.63,30.0,Própria,,0,0,Não,0
P004521,2025-10-01,30000.0,4389.0,0.1463,25611.0,0.8537,24,Revenda multimarca,2025,0,42,Empresário,6552.19,45.0,Financiada,221.0,5,5,Sim,0
P004522,2025-09-01,22000.0,1555.4,0.0707,20444.6,0.9293,36,Correspondente bancário,2022,3,63,Aposentado,2112.14,90.0,Financiada,530.0,2,2,Não,0
P004523,2025-11-01,30700.0,3862.06,0.1258,26837.94,0.8742,48,Concessionária,2021,4,66,CLT,,,Financiada,333.0,5,1,Não,0
P004524,2025-08-01,62700.0,4501.86,0.0718,58198.14,0.9282,60,Revenda multimarca,2023,2,39,CLT,2870.09,99.0,Alugada,310.0,4,2,Não,0
P004525,2025-08-01,22000.0,9389.6,0.4268,12610.4,0.5732,48,Concessionária,2024,1,24,CLT,2171.23,15.0,Própria,670.0,0,0,Não,0
P004526,2025-08-01,39400.0,8865.0,0.225,30535.0,0.775,24,Concessionária,2014,11,45,CLT,2990.65,136.0,Alugada,747.0,0,1,Não,0
P004527,2025-10-01,71600.0,13382.04,0.1869,58217.96,0.8131,24,Concessionária,2023,2,38,CLT,12693.6,48.0,Financiada,551.0,0,1,Não,0
P004528,2025-11-01,42200.0,23201.56,0.5498,18998.44,0.4502,36,Digital,2023,2,43,Servidor público,7102.19,191.0,Financiada,769.0,0,0,Não,0
P004529,2025-11-01,22000.0,4268.0,0.194,17732.0,0.806,60,Revenda multimarca,2019,6,31,CLT,1600.0,41.0,Própria,410.0,3,2,Sim,0
P004530,2025-08-01,41500.0,8030.25,0.1935,33469.75,0.8065,60,Digital,2025,0,25,CLT,13234.96,47.0,Alugada,,0,1,Não,0
P004531,2025-09-01,25400.0,5913.12,0.2328,19486.88,0.7672,48,Concessionária,2021,4,42,CLT,3665.37,42.0,Financiada,457.0,3,2,Sim,0
P004532,2025-08-01,22000.0,829.4,0.0377,21170.6,0.9623,48,Correspondente bancário,2016,9,48,CLT,,,Familiar,145.0,5,8,Sim,0
P004533,2025-08-01,31000.0,6181.4,0.1994,24818.6,0.8006,60,Concessionária,2020,5,24,Empresário,2963.08,23.0,Financiada,308.0,3,3,Não,0
P004534,2025-08-01,57400.0,24429.44,0.4256,32970.56,0.5744,36,Concessionária,2024,1,41,Servidor público,5787.16,65.0,Alugada,667.0,0,3,Não,0
P004535,2025-08-01,78100.0,39143.72,0.5012,38956.28,0.4988,36,Revenda multimarca,2022,3,35,CLT,8775.99,73.0,Alugada,763.0,0,1,Não,0
P004536,2025-12-01,46200.0,10210.2,0.221,35989.8,0.779,60,Digital,2013,12,38,CLT,3480.06,78.0,Alugada,887.0,1,0,Não,0
P004537,2025-12-01,63400.0,6301.96,0.0994,57098.04,0.9006,48,Revenda multimarca,2022,3,55,Servidor público,11335.89,18.0,Alugada,355.0,4,3,Não,0
P004538,2025-11-01,35000.0,7987.0,0.2282,27013.0,0.7718,48,Concessionária,2020,5,26,Autônomo,3499.08,28.0,Alugada,830.0,0,2,Não,0
P004539,2025-11-01,62600.0,11687.42,0.1867,50912.58,0.8133,60,Revenda multimarca,2013,12,48,CLT,9551.26,3.0,Financiada,459.0,2,3,Não,0
P004540,2025-07-01,42300.0,12436.2,0.294,29863.8,0.706,60,Concessionária,2015,10,33,Autônomo,1657.57,39.0,Financiada,526.0,3,2,Não,0
P004541,2025-09-01,32900.0,11442.62,0.3478,21457.38,0.6522,60,Concessionária,2022,3,46,CLT,4602.66,176.0,Familiar,530.0,0,7,Não,0
P004542,2025-10-01,32400.0,19184.04,0.5921,13215.96,0.4079,24,Digital,2024,1,26,CLT,6455.74,10.0,Alugada,757.0,0,2,Sim,0
P004543,2025-07-01,25300.0,2373.14,0.0938,22926.86,0.9062,60,Concessionária,2022,3,37,Autônomo,1600.0,5.0,Própria,415.0,4,4,Sim,0
P004544,2025-11-01,27500.0,5318.5,0.1934,22181.5,0.8066,60,Concessionária,2019,6,34,Empresário,2461.07,44.0,Familiar,419.0,2,2,Não,0
P004545,2025-08-01,52500.0,6231.75,0.1187,46268.25,0.8813,60,Correspondente bancário,2022,3,36,CLT,3623.69,80.0,Própria,502.0,0,4,Não,0
P004546,2025-09-01,28000.0,9156.0,0.327,18844.0,0.673,36,Concessionária,2023,2,36,CLT,7107.18,40.0,Alugada,561.0,2,2,Não,0
P004547,2025-11-01,39700.0,14339.64,0.3612,25360.36,0.6388,48,Digital,2023,2,41,CLT,3473.63,56.0,Familiar,718.0,0,1,Não,0
P004548,2025-11-01,41200.0,2673.88,0.0649,38526.12,0.9351,24,Concessionária,2016,9,24,Autônomo,1806.55,34.0,Financiada,563.0,3,1,Sim,0
P004549,2025-11-01,47200.0,12262.56,0.2598,34937.44,0.7402,48,Concessionária,2022,3,40,Autônomo,4247.15,31.0,Alugada,696.0,1,0,Não,0
P004550,2025-08-01,28200.0,3361.44,0.1192,24838.56,0.8808,48,Revenda multimarca,2024,1,33,Autônomo,3600.5,4.0,Familiar,345.0,4,1,Não,0
P004551,2025-10-01,54600.0,1092.0,0.02,53508.0,0.98,48,Digital,2021,4,36,CLT,7264.59,89.0,Alugada,557.0,1,0,Sim,0
P004552,2025-09-01,49300.0,3840.47,0.0779,45459.53,0.9221,24,Concessionária,2023,2,25,CLT,4454.84,33.0,Alugada,734.0,1,2,Não,0
P004553,2025-11-01,33800.0,17555.72,0.5194,16244.28,0.4806,36,Correspondente bancário,2023,2,49,CLT,4217.68,20.0,Própria,595.0,1,1,Sim,0
P004554,2025-09-01,27800.0,4628.7,0.1665,23171.3,0.8335,36,Correspondente bancário,2023,2,35,Autônomo,2947.96,33.0,Própria,739.0,0,1,Não,0
P004555,2025-09-01,22000.0,1320.0,0.06,20680.0,0.94,48,Revenda multimarca,2020,5,27,Autônomo,1730.74,25.0,Financiada,428.0,5,2,Sim,0
P004556,2025-12-01,46100.0,3452.89,0.0749,42647.11,0.9251,24,Revenda multimarca,2023,2,75,Aposentado,5674.82,112.0,Própria,549.0,3,1,Não,0
P004557,2025-08-01,94800.0,29207.88,0.3081,65592.12,0.6919,36,Digital,2018,7,51,CLT,5110.26,19.0,Familiar,567.0,2,2,Não,0
P004558,2025-11-01,40900.0,8875.3,0.217,32024.7,0.783,36,Revenda multimarca,2022,3,48,Autônomo,3446.98,8.0,Própria,548.0,0,1,Não,0
P004559,2025-07-01,45500.0,4099.55,0.0901,41400.45,0.9099,48,Revenda multimarca,2020,5,65,Aposentado,4085.04,296.0,Financiada,515.0,2,1,Não,0
P004560,2025-11-01,34200.0,1703.16,0.0498,32496.84,0.9502,36,Concessionária,2021,4,40,CLT,4247.37,130.0,Própria,690.0,1,1,Não,0
P004561,2025-09-01,128100.0,40812.66,0.3186,87287.34,0.6814,48,Digital,2022,3,37,Empresário,19997.84,10.0,Alugada,664.0,0,3,Não,0
P004562,2025-07-01,33800.0,9616.1,0.2845,24183.9,0.7155,60,Concessionária,2018,7,57,Servidor público,3907.48,24.0,Própria,608.0,0,1,Não,0
P004563,2025-09-01,69000.0,11212.5,0.1625,57787.5,0.8375,48,Correspondente bancário,2017,8,24,CLT,6497.31,56.0,Familiar,486.0,3,4,Não,0
P004564,2025-10-01,37600.0,9723.36,0.2586,27876.64,0.7414,48,Concessionária,2022,3,62,Autônomo,4563.5,58.0,Própria,566.0,1,2,Não,0
P004565,2025-12-01,56800.0,20771.76,0.3657,36028.24,0.6343,24,Digital,2023,2,57,CLT,6410.01,42.0,Própria,791.0,0,0,Não,0
P004566,2025-08-01,22000.0,1302.4,0.0592,20697.6,0.9408,24,Digital,2024,1,45,Autônomo,3311.23,,Própria,300.0,5,3,Não,0
P004567,2025-10-01,22000.0,4133.8,0.1879,17866.2,0.8121,24,Concessionária,2022,3,25,CLT,2427.44,38.0,Própria,620.0,2,2,Não,0
P004568,2025-11-01,48200.0,8637.44,0.1792,39562.56,0.8208,60,Digital,2024,1,36,Empresário,3308.07,86.0,Financiada,710.0,0,2,Não,0
P004569,2025-07-01,29700.0,4802.49,0.1617,24897.51,0.8383,24,Concessionária,2018,7,29,CLT,1909.78,,Alugada,388.0,2,1,Não,0
P004570,2025-10-01,45500.0,21539.7,0.4734,23960.3,0.5266,24,Concessionária,2024,1,54,Autônomo,11145.61,18.0,Própria,705.0,0,0,Sim,0
P004571,2025-08-01,32000.0,2275.2,0.0711,29724.8,0.9289,60,Revenda multimarca,2024,1,36,CLT,6484.82,112.0,Alugada,736.0,1,1,Sim,0
P004572,2025-09-01,22000.0,1753.4,0.0797,20246.6,0.9203,60,Concessionária,2020,5,36,Autônomo,1600.0,17.0,Própria,595.0,0,2,Sim,0
P004573,2025-08-01,22000.0,7713.2,0.3506,14286.8,0.6494,60,Digital,2022,3,30,Autônomo,1680.25,35.0,Alugada,617.0,2,2,Não,0
P004574,2025-07-01,31300.0,5533.84,0.1768,25766.16,0.8232,48,Revenda multimarca,2015,10,60,Autônomo,,38.0,Própria,661.0,0,4,Sim,0
P004575,2025-09-01,69500.0,3829.45,0.0551,65670.55,0.9449,36,Concessionária,2025,0,56,Servidor público,28799.36,40.0,Financiada,772.0,0,0,Não,0
P004576,2025-11-01,25000.0,547.5,0.0219,24452.5,0.9781,60,Revenda multimarca,2022,3,75,CLT,2533.71,39.0,Própria,300.0,5,1,Sim,0
P004577,2025-07-01,22300.0,3012.73,0.1351,19287.27,0.8649,36,Concessionária,2023,2,48,CLT,6535.05,34.0,Familiar,759.0,0,0,Não,0
P004578,2025-10-01,82500.0,17242.5,0.209,65257.5,0.791,48,Digital,2020,5,45,CLT,7051.6,7.0,Familiar,597.0,1,0,Não,0
P004579,2025-10-01,22000.0,2642.2,0.1201,19357.8,0.8799,48,Revenda multimarca,2020,5,57,Autônomo,1600.0,,Familiar,403.0,5,4,Sim,0
P004580,2025-11-01,55400.0,20702.98,0.3737,34697.02,0.6263,48,Revenda multimarca,2023,2,71,CLT,7157.93,164.0,Familiar,,1,2,Não,0
P004581,2025-09-01,22000.0,3491.4,0.1587,18508.6,0.8413,60,Correspondente bancário,2022,3,38,CLT,1600.0,24.0,Alugada,315.0,5,2,Não,0
P004582,2025-10-01,36500.0,2934.6,0.0804,33565.4,0.9196,24,Concessionária,2022,3,38,Servidor público,8696.21,95.0,Alugada,563.0,2,3,Sim,0
P004583,2025-12-01,22000.0,5313.0,0.2415,16687.0,0.7585,48,Revenda multimarca,2015,10,42,CLT,2474.73,17.0,Própria,390.0,5,4,Não,0
P004584,2025-09-01,29400.0,7388.22,0.2513,22011.78,0.7487,48,Digital,2022,3,33,CLT,3003.27,42.0,Própria,325.0,5,6,Sim,0
P004585,2025-10-01,22000.0,2851.2,0.1296,19148.8,0.8704,48,Concessionária,2021,4,72,Aposentado,1847.47,97.0,Alugada,367.0,4,1,Não,0
P004586,2025-11-01,27900.0,1939.05,0.0695,25960.95,0.9305,36,Digital,2022,3,39,CLT,1600.0,13.0,Familiar,352.0,5,3,Sim,0
P004587,2025-11-01,73100.0,27931.51,0.3821,45168.49,0.6179,48,Concessionária,2023,2,27,CLT,3600.42,108.0,Própria,,0,0,Não,0
P004588,2025-10-01,31600.0,10440.64,0.3304,21159.36,0.6696,60,Revenda multimarca,2019,6,38,Autônomo,1995.48,8.0,Familiar,373.0,5,3,Sim,0
P004589,2025-10-01,25500.0,2292.45,0.0899,23207.55,0.9101,24,Digital,2019,6,40,CLT,2500.24,20.0,Alugada,387.0,5,4,Sim,0
P004590,2025-12-01,25900.0,6291.11,0.2429,19608.89,0.7571,48,Digital,2015,10,41,Empresário,8184.26,,Própria,494.0,0,0,Não,0
P004591,2025-11-01,23900.0,13068.52,0.5468,10831.48,0.4532,48,Revenda multimarca,2016,9,28,Autônomo,1600.0,22.0,Própria,217.0,5,2,Sim,0
P004592,2025-09-01,43100.0,12550.72,0.2912,30549.28,0.7088,60,Revenda multimarca,2023,2,35,Servidor público,8830.44,6.0,Familiar,501.0,1,2,Não,0
P004593,2025-09-01,51700.0,18591.32,0.3596,33108.68,0.6404,24,Revenda multimarca,2022,3,53,CLT,2520.36,125.0,Financiada,733.0,2,2,Não,0
P004594,2025-07-01,29900.0,3124.55,0.1045,26775.45,0.8955,60,Digital,2018,7,49,Empresário,3478.84,25.0,Própria,319.0,5,0,Sim,0
P004595,2025-12-01,22000.0,1804.0,0.082,20196.0,0.918,60,Digital,2013,12,30,Autônomo,2278.71,,Financiada,,1,1,Não,0
P004596,2025-12-01,36800.0,16972.16,0.4612,19827.84,0.5388,60,Concessionária,2024,1,42,Empresário,4430.37,58.0,Alugada,465.0,1,3,Não,0
P004597,2025-07-01,41800.0,11256.74,0.2693,30543.26,0.7307,60,Concessionária,2023,2,31,Empresário,7309.74,,Alugada,880.0,1,2,Não,0
P004598,2025-08-01,151200.0,64048.32,0.4236,87151.68,0.5764,48,Revenda multimarca,2022,3,45,CLT,4156.57,5.0,Própria,422.0,2,2,Não,0
P004599,2025-10-01,23500.0,3188.95,0.1357,20311.05,0.8643,60,Concessionária,2018,7,32,CLT,,92.0,Própria,516.0,2,1,Não,0
P004600,2025-10-01,36400.0,1466.92,0.0403,34933.08,0.9597,60,Revenda multimarca,2018,7,31,Autônomo,3695.45,73.0,Própria,521.0,0,0,Não,0
P004601,2025-09-01,79400.0,8487.86,0.1069,70912.14,0.8931,60,Revenda multimarca,2022,3,75,Servidor público,6146.75,,Própria,752.0,0,0,Não,0
P004602,2025-12-01,43500.0,18278.7,0.4202,25221.3,0.5798,36,Concessionária,2024,1,75,Aposentado,14169.41,174.0,Própria,983.0,0,1,Não,0
P004603,2025-07-01,41100.0,1615.23,0.0393,39484.77,0.9607,48,Digital,2022,3,49,CLT,2082.62,23.0,Própria,514.0,2,2,Sim,0
P004604,2025-07-01,22000.0,12320.0,0.56,9680.0,0.44,36,Concessionária,2024,1,31,Autônomo,2407.74,20.0,Alugada,717.0,0,2,Não,0
P004605,2025-07-01,47300.0,8329.53,0.1761,38970.47,0.8239,36,Digital,2019,6,35,CLT,3307.83,95.0,Alugada,712.0,2,2,Não,0
P004606,2025-10-01,32000.0,5555.2,0.1736,26444.8,0.8264,36,Revenda multimarca,2024,1,26,CLT,3231.88,42.0,Familiar,481.0,2,1,Sim,0
P004607,2025-12-01,62300.0,7395.01,0.1187,54904.99,0.8813,60,Revenda multimarca,2022,3,34,Servidor público,4537.76,23.0,Financiada,815.0,0,0,Não,0
P004608,2025-09-01,25100.0,8667.03,0.3453,16432.97,0.6547,24,Concessionária,2018,7,57,CLT,,,Alugada,422.0,5,2,Não,0
P004609,2025-12-01,25300.0,5201.68,0.2056,20098.32,0.7944,36,Correspondente bancário,2020,5,71,Aposentado,4018.22,21.0,Financiada,728.0,0,2,Não,0
P004610,2025-12-01,36400.0,7669.48,0.2107,28730.52,0.7893,36,Concessionária,2022,3,31,Autônomo,2000.49,86.0,Financiada,634.0,0,2,Não,0
P004611,2025-11-01,45400.0,6519.44,0.1436,38880.56,0.8564,36,Concessionária,2018,7,39,CLT,4501.43,55.0,Própria,609.0,1,1,Não,0
P004612,2025-08-01,59800.0,23931.96,0.4002,35868.04,0.5998,60,Concessionária,2024,1,48,Servidor público,5697.24,86.0,Alugada,570.0,0,1,Não,0
P004613,2025-11-01,35100.0,6430.32,0.1832,28669.68,0.8168,36,Revenda multimarca,2022,3,30,CLT,5447.83,14.0,Alugada,496.0,2,1,Não,0
P004614,2025-08-01,23200.0,3923.12,0.1691,19276.88,0.8309,36,Concessionária,2014,11,40,CLT,,30.0,Financiada,581.0,3,4,Sim,0
P004615,2025-11-01,73300.0,17012.93,0.2321,56287.07,0.7679,60,Digital,2024,1,40,Empresário,15951.44,87.0,Alugada,680.0,1,0,Não,0
P004616,2025-12-01,33800.0,763.88,0.0226,33036.12,0.9774,48,Concessionária,2021,4,30,Autônomo,2618.15,15.0,Familiar,757.0,3,0,Sim,0
P004617,2025-07-01,58500.0,17023.5,0.291,41476.5,0.709,24,Concessionária,2021,4,26,CLT,9241.56,14.0,Própria,926.0,1,0,Não,0
P004618,2025-10-01,30500.0,3955.85,0.1297,26544.15,0.8703,24,Revenda multimarca,2019,6,75,CLT,6103.91,,Financiada,342.0,5,4,Sim,0
P004619,2025-09-01,43800.0,18974.16,0.4332,24825.84,0.5668,36,Concessionária,2018,7,30,Autônomo,2726.92,,Própria,464.0,2,1,Sim,0
P004620,2025-10-01,28300.0,2266.83,0.0801,26033.17,0.9199,60,Concessionária,2020,5,34,Autônomo,3326.86,36.0,Alugada,450.0,5,2,Não,0
P004621,2025-12-01,64200.0,6342.96,0.0988,57857.04,0.9012,48,Digital,2024,1,30,Autônomo,5509.56,38.0,Alugada,588.0,1,2,Não,0
P004622,2025-12-01,22000.0,1966.8,0.0894,20033.2,0.9106,48,Revenda multimarca,2013,12,30,CLT,1600.0,63.0,Alugada,292.0,5,2,Sim,0
P004623,2025-12-01,79300.0,27263.34,0.3438,52036.66,0.6562,36,Digital,2024,1,49,CLT,28099.62,26.0,Alugada,922.0,0,2,Não,0
P004624,2025-10-01,22000.0,2164.8,0.0984,19835.2,0.9016,60,Correspondente bancário,2024,1,48,CLT,3355.49,55.0,Própria,723.0,0,0,Não,0
P004625,2025-12-01,35400.0,2414.28,0.0682,32985.72,0.9318,36,Concessionária,2022,3,45,CLT,9003.18,31.0,Alugada,596.0,1,2,Não,0
P004626,2025-10-01,52200.0,3591.36,0.0688,48608.64,0.9312,24,Concessionária,2023,2,43,Autônomo,2637.57,22.0,Financiada,554.0,0,3,Não,0
P004627,2025-10-01,60800.0,13996.16,0.2302,46803.84,0.7698,60,Concessionária,2019,6,38,Servidor público,,32.0,Alugada,673.0,2,1,Não,0
P004628,2025-11-01,51100.0,11410.63,0.2233,39689.37,0.7767,24,Revenda multimarca,2020,5,33,Servidor público,4431.48,180.0,Própria,,0,0,Não,0
P004629,2025-10-01,69800.0,32540.76,0.4662,37259.24,0.5338,48,Concessionária,2021,4,36,Autônomo,12381.01,9.0,Própria,661.0,1,1,Não,0
P004630,2025-09-01,43600.0,6644.64,0.1524,36955.36,0.8476,60,Revenda multimarca,2014,11,29,Autônomo,1600.0,56.0,Familiar,507.0,2,1,Não,0
P004631,2025-07-01,67000.0,13487.1,0.2013,53512.9,0.7987,24,Digital,2022,3,36,CLT,9781.83,51.0,Alugada,834.0,0,2,Não,0
P004632,2025-07-01,39900.0,9823.38,0.2462,30076.62,0.7538,36,Revenda multimarca,2021,4,38,CLT,3837.59,152.0,Alugada,684.0,0,1,Não,0
P004633,2025-09-01,26900.0,3262.97,0.1213,23637.03,0.8787,48,Concessionária,2022,3,36,CLT,1600.0,98.0,Financiada,409.0,4,2,Sim,0
P004634,2025-09-01,64400.0,11759.44,0.1826,52640.56,0.8174,48,Concessionária,2023,2,35,CLT,12031.91,8.0,Familiar,705.0,2,1,Sim,0
P004635,2025-11-01,65800.0,30406.18,0.4621,35393.82,0.5379,60,Digital,2023,2,32,Autônomo,7495.81,,Financiada,,0,2,Não,0
P004636,2025-10-01,22000.0,3927.0,0.1785,18073.0,0.8215,24,Concessionária,2023,2,27,CLT,1600.0,25.0,Financiada,157.0,5,4,Sim,0
P004637,2025-11-01,47400.0,948.0,0.02,46452.0,0.98,48,Digital,2023,2,49,CLT,4084.2,,Própria,491.0,3,1,Não,0
P004638,2025-07-01,46500.0,5049.9,0.1086,41450.1,0.8914,60,Revenda multimarca,2022,3,31,Autônomo,9583.44,22.0,Alugada,742.0,0,0,Não,0
P004639,2025-11-01,27600.0,4501.56,0.1631,23098.44,0.8369,48,Correspondente bancário,2022,3,44,CLT,,42.0,Alugada,547.0,1,3,Não,0
P004640,2025-07-01,39100.0,12300.86,0.3146,26799.14,0.6854,36,Concessionária,2019,6,30,Autônomo,6611.04,18.0,Própria,928.0,0,2,Não,0
P004641,2025-12-01,55800.0,17387.28,0.3116,38412.72,0.6884,60,Revenda multimarca,2021,4,46,Autônomo,4962.54,51.0,Alugada,862.0,0,0,Não,0
P004642,2025-09-01,22000.0,1115.4,0.0507,20884.6,0.9493,36,Concessionária,2017,8,32,CLT,,67.0,Própria,281.0,5,4,Sim,0
P004643,2025-10-01,28100.0,5409.25,0.1925,22690.75,0.8075,24,Concessionária,2024,1,32,CLT,3247.52,,Familiar,487.0,4,3,Não,0
P004644,2025-11-01,56700.0,6265.35,0.1105,50434.65,0.8895,60,Concessionária,2013,12,36,Empresário,2374.13,6.0,Familiar,258.0,5,1,Sim,0
P004645,2025-09-01,43600.0,6099.64,0.1399,37500.36,0.8601,24,Concessionária,2019,6,29,CLT,2568.45,16.0,Alugada,368.0,1,0,Não,0
P004646,2025-12-01,37900.0,7557.26,0.1994,30342.74,0.8006,48,Digital,2020,5,42,Autônomo,3601.88,38.0,Própria,593.0,1,1,Não,0
P004647,2025-09-01,48400.0,12917.96,0.2669,35482.04,0.7331,36,Revenda multimarca,2024,1,44,Servidor público,5390.63,101.0,Própria,601.0,2,1,Sim,0
P004648,2025-08-01,79900.0,13886.62,0.1738,66013.38,0.8262,48,Correspondente bancário,2020,5,34,Empresário,8144.45,20.0,Alugada,547.0,2,3,Sim,0
P004649,2025-09-01,22000.0,2131.8,0.0969,19868.2,0.9031,48,Concessionária,2013,12,31,CLT,1959.98,34.0,Financiada,287.0,5,3,Sim,0
P004650,2025-09-01,95700.0,16441.26,0.1718,79258.74,0.8282,24,Digital,2024,1,25,Empresário,9499.97,42.0,Própria,672.0,2,2,Não,0
P004651,2025-08-01,46100.0,17591.76,0.3816,28508.24,0.6184,36,Concessionária,2024,1,25,Autônomo,4002.43,44.0,Familiar,624.0,2,0,Não,0
P004652,2025-07-01,30100.0,10321.29,0.3429,19778.71,0.6571,48,Concessionária,2021,4,46,Empresário,4476.56,27.0,Própria,469.0,1,2,Não,0
P004653,2025-11-01,37900.0,8629.83,0.2277,29270.17,0.7723,48,Correspondente bancário,2023,2,67,CLT,4566.75,132.0,Alugada,291.0,5,2,Não,0
P004654,2025-12-01,31100.0,11503.89,0.3699,19596.11,0.6301,48,Correspondente bancário,2021,4,75,Servidor público,3359.04,55.0,Alugada,480.0,2,0,Sim,0
P004655,2025-09-01,34600.0,9238.2,0.267,25361.8,0.733,24,Revenda multimarca,2017,8,28,CLT,1600.0,46.0,Familiar,358.0,5,3,Sim,0
P004656,2025-11-01,22000.0,3445.2,0.1566,18554.8,0.8434,48,Revenda multimarca,2022,3,35,Autônomo,2984.05,41.0,Financiada,388.0,4,2,Sim,0
P004657,2025-09-01,86700.0,16776.45,0.1935,69923.55,0.8065,60,Revenda multimarca,2022,3,32,Empresário,4704.47,102.0,Própria,647.0,0,1,Não,0
P004658,2025-11-01,69000.0,35417.7,0.5133,33582.3,0.4867,36,Concessionária,2023,2,24,Autônomo,3868.63,72.0,Alugada,517.0,2,0,Não,0
P004659,2025-09-01,28200.0,3262.74,0.1157,24937.26,0.8843,60,Correspondente bancário,2022,3,24,Autônomo,1600.0,11.0,Familiar,658.0,1,1,Não,0
P004660,2025-11-01,68400.0,16354.44,0.2391,52045.56,0.7609,48,Concessionária,2013,12,31,CLT,3001.32,,Financiada,600.0,0,5,Não,0
P004661,2025-10-01,29800.0,3266.08,0.1096,26533.92,0.8904,60,Revenda multimarca,2014,11,58,Aposentado,3004.89,88.0,Financiada,453.0,1,0,Sim,0
P004662,2025-09-01,29600.0,7962.4,0.269,21637.6,0.731,24,Digital,2022,3,34,Autônomo,2618.93,28.0,Própria,625.0,2,1,Sim,0
P004663,2025-09-01,45600.0,6899.28,0.1513,38700.72,0.8487,24,Concessionária,2017,8,39,CLT,4680.28,27.0,Financiada,837.0,0,0,Não,0
P004664,2025-11-01,60600.0,5454.0,0.09,55146.0,0.91,60,Revenda multimarca,2018,7,67,CLT,,80.0,Familiar,633.0,2,2,Sim,0
P004665,2025-07-01,44400.0,5403.48,0.1217,38996.52,0.8783,36,Concessionária,2022,3,40,Servidor público,4694.14,54.0,Própria,287.0,5,0,Sim,0
P004666,2025-08-01,38100.0,1352.55,0.0355,36747.45,0.9645,36,Concessionária,2023,2,27,CLT,4862.11,108.0,Alugada,588.0,0,0,Não,0
P004667,2025-08-01,22000.0,921.8,0.0419,21078.2,0.9581,48,Correspondente bancário,2016,9,33,Autônomo,2963.99,78.0,Própria,218.0,5,2,Sim,0
P004668,2025-07-01,50800.0,25836.88,0.5086,24963.12,0.4914,36,Correspondente bancário,2024,1,36,Servidor público,3422.93,27.0,Financiada,684.0,0,1,Não,0
P004669,2025-08-01,30300.0,7874.97,0.2599,22425.03,0.7401,36,Revenda multimarca,2018,7,48,CLT,7120.84,27.0,Financiada,,1,0,Sim,0
P004670,2025-07-01,37900.0,4964.9,0.131,32935.1,0.869,60,Digital,2022,3,31,CLT,5181.44,79.0,Alugada,648.0,0,1,Não,0
P004671,2025-07-01,22000.0,12856.8,0.5844,9143.2,0.4156,48,Correspondente bancário,2017,8,48,Servidor público,5519.62,79.0,Financiada,756.0,0,0,Não,0
P004672,2025-10-01,22000.0,2349.6,0.1068,19650.4,0.8932,36,Correspondente bancário,2022,3,49,CLT,3893.39,,Própria,598.0,2,1,Não,0
P004673,2025-10-01,22000.0,3940.2,0.1791,18059.8,0.8209,60,Concessionária,2020,5,54,Aposentado,1827.55,196.0,Alugada,369.0,5,2,Sim,0
P004674,2025-09-01,59300.0,18466.02,0.3114,40833.98,0.6886,48,Revenda multimarca,2022,3,24,CLT,3146.5,72.0,Alugada,,0,0,Não,0
P004675,2025-07-01,74200.0,34005.86,0.4583,40194.14,0.5417,60,Correspondente bancário,2021,4,26,CLT,8723.03,46.0,Financiada,688.0,1,0,Não,0
P004676,2025-11-01,22000.0,4166.8,0.1894,17833.2,0.8106,60,Concessionária,2019,6,30,CLT,,43.0,Própria,311.0,3,4,Não,0
P004677,2025-11-01,37900.0,10392.18,0.2742,27507.82,0.7258,36,Concessionária,2022,3,27,CLT,3912.4,0.0,Própria,856.0,0,1,Não,0
P004678,2025-11-01,56900.0,7852.2,0.138,49047.8,0.862,48,Revenda multimarca,2016,9,36,Autônomo,3819.42,16.0,Alugada,459.0,1,2,Não,0
P004679,2025-12-01,37000.0,7248.3,0.1959,29751.7,0.8041,48,Concessionária,2017,8,23,CLT,3299.32,53.0,Alugada,522.0,2,3,Não,0
P004680,2025-09-01,28400.0,11152.68,0.3927,17247.32,0.6073,60,Digital,2021,4,37,Autônomo,5269.88,8.0,Financiada,447.0,1,2,Não,0
P004681,2025-09-01,56500.0,19368.2,0.3428,37131.8,0.6572,36,Revenda multimarca,2023,2,53,CLT,2847.37,62.0,Alugada,312.0,5,5,Sim,0
P004682,2025-11-01,32500.0,4595.5,0.1414,27904.5,0.8586,60,Revenda multimarca,2019,6,26,CLT,,15.0,Alugada,,2,1,Não,0
P004683,2025-08-01,40100.0,15422.46,0.3846,24677.54,0.6154,48,Digital,2018,7,38,Autônomo,3633.09,93.0,Própria,537.0,1,2,Não,0
P004684,2025-09-01,29000.0,6020.4,0.2076,22979.6,0.7924,48,Concessionária,2017,8,58,Autônomo,2055.38,94.0,Financiada,474.0,2,3,Não,0
P004685,2025-11-01,42600.0,15800.34,0.3709,26799.66,0.6291,48,Digital,2022,3,35,CLT,5071.7,72.0,Própria,696.0,1,0,Não,0
P004686,2025-09-01,38200.0,25322.78,0.6629,12877.22,0.3371,48,Concessionária,2020,5,31,CLT,6899.24,105.0,Própria,913.0,0,0,Não,0
P004687,2025-10-01,25400.0,5158.74,0.2031,20241.26,0.7969,48,Concessionária,2024,1,25,Autônomo,1600.0,66.0,Própria,337.0,5,2,Sim,0
P004688,2025-12-01,50500.0,11473.6,0.2272,39026.4,0.7728,36,Concessionária,2022,3,29,CLT,,132.0,Alugada,396.0,4,1,Não,0
P004689,2025-10-01,72000.0,19432.8,0.2699,52567.2,0.7301,60,Concessionária,2024,1,31,Servidor público,17840.36,12.0,Familiar,460.0,0,2,Não,0
P004690,2025-12-01,48300.0,2811.06,0.0582,45488.94,0.9418,60,Digital,2025,0,63,Aposentado,,24.0,Própria,431.0,0,3,Não,0
P004691,2025-08-01,22000.0,4276.8,0.1944,17723.2,0.8056,36,Revenda multimarca,2013,12,30,Autônomo,1867.68,50.0,Alugada,426.0,5,1,Não,0
P004692,2025-10-01,48400.0,12109.68,0.2502,36290.32,0.7498,36,Concessionária,2019,6,75,CLT,10351.7,161.0,Financiada,658.0,1,2,Não,0
P004693,2025-08-01,49200.0,13156.08,0.2674,36043.92,0.7326,36,Concessionária,2023,2,29,CLT,5963.56,132.0,Alugada,580.0,0,3,Sim,0
P004694,2025-12-01,24700.0,5088.2,0.206,19611.8,0.794,48,Correspondente bancário,2023,2,33,CLT,3408.37,,Alugada,364.0,5,3,Sim,0
P004695,2025-09-01,37500.0,10218.75,0.2725,27281.25,0.7275,48,Concessionária,2024,1,29,CLT,3887.28,66.0,Alugada,614.0,0,1,Não,0
P004696,2025-09-01,32200.0,9727.62,0.3021,22472.38,0.6979,36,Concessionária,2013,12,46,CLT,2968.82,,Própria,,0,3,Não,0
P004697,2025-07-01,25300.0,6479.33,0.2561,18820.67,0.7439,48,Digital,2022,3,44,CLT,5748.37,23.0,Familiar,564.0,2,3,Não,0
P004698,2025-10-01,31600.0,4730.52,0.1497,26869.48,0.8503,24,Revenda multimarca,2020,5,52,CLT,3350.87,35.0,Própria,560.0,1,1,Não,0
P004699,2025-10-01,143500.0,33722.5,0.235,109777.5,0.765,60,Concessionária,2024,1,60,Empresário,25738.44,22.0,Própria,858.0,2,3,Não,0
P004700,2025-08-01,23200.0,1104.32,0.0476,22095.68,0.9524,24,Concessionária,2022,3,27,Autônomo,,23.0,Própria,505.0,4,1,Não,0
P004701,2025-10-01,26800.0,750.4,0.028,26049.6,0.972,36,Concessionária,2024,1,35,CLT,3329.59,4.0,Familiar,612.0,0,2,Sim,0
P004702,2025-11-01,49000.0,8506.4,0.1736,40493.6,0.8264,48,Revenda multimarca,2017,8,50,CLT,5595.4,30.0,Alugada,403.0,2,3,Não,0
P004703,2025-11-01,22400.0,1809.92,0.0808,20590.08,0.9192,48,Concessionária,2023,2,32,CLT,2434.71,5.0,Alugada,555.0,3,1,Não,0
P004704,2025-07-01,25700.0,12197.22,0.4746,13502.78,0.5254,60,Concessionária,2018,7,47,CLT,2181.32,78.0,Própria,,1,4,Não,0
P004705,2025-10-01,83100.0,20351.19,0.2449,62748.81,0.7551,24,Concessionária,2021,4,29,Empresário,7477.64,16.0,Própria,479.0,3,2,Sim,0
P004706,2025-08-01,41500.0,7171.2,0.1728,34328.8,0.8272,48,Concessionária,2017,8,71,Aposentado,5270.13,34.0,Própria,662.0,0,2,Não,0
P004707,2025-11-01,44000.0,3352.8,0.0762,40647.2,0.9238,36,Concessionária,2013,12,31,CLT,1600.0,56.0,Alugada,333.0,4,4,Sim,0
P004708,2025-10-01,34100.0,6973.45,0.2045,27126.55,0.7955,24,Concessionária,2024,1,35,CLT,,54.0,Financiada,647.0,0,2,Não,0
P004709,2025-07-01,24800.0,3925.84,0.1583,20874.16,0.8417,60,Concessionária,2017,8,28,Autônomo,2977.46,34.0,Alugada,531.0,3,1,Não,0
P004710,2025-11-01,31600.0,12169.16,0.3851,19430.84,0.6149,60,Revenda multimarca,2017,8,30,CLT,1600.0,3.0,Financiada,474.0,2,0,Sim,0
P004711,2025-11-01,68800.0,10891.04,0.1583,57908.96,0.8417,48,Correspondente bancário,2022,3,40,Servidor público,10925.84,219.0,Própria,684.0,1,0,Não,0
P004712,2025-10-01,36200.0,10193.92,0.2816,26006.08,0.7184,60,Digital,2023,2,35,Servidor público,4989.16,13.0,Financiada,618.0,0,1,Não,0
P004713,2025-11-01,27600.0,5031.48,0.1823,22568.52,0.8177,36,Concessionária,2023,2,29,CLT,3983.15,8.0,Familiar,346.0,3,4,Não,0
P004714,2025-11-01,39100.0,2787.83,0.0713,36312.17,0.9287,36,Concessionária,2022,3,33,Empresário,7574.81,66.0,Familiar,584.0,4,4,Não,0
P004715,2025-08-01,42500.0,9473.25,0.2229,33026.75,0.7771,36,Correspondente bancário,2021,4,49,Empresário,2369.5,89.0,Própria,397.0,2,0,Não,0
P004716,2025-09-01,31000.0,3515.4,0.1134,27484.6,0.8866,48,Revenda multimarca,2013,12,35,CLT,1606.11,45.0,Familiar,782.0,1,1,Não,0
P004717,2025-08-01,22000.0,1606.0,0.073,20394.0,0.927,36,Correspondente bancário,2022,3,27,Autônomo,2502.08,59.0,Familiar,,5,7,Não,0
P004718,2025-12-01,24300.0,7690.95,0.3165,16609.05,0.6835,60,Revenda multimarca,2013,12,31,CLT,1888.7,,Familiar,,5,2,Não,0
P004719,2025-08-01,23800.0,1125.74,0.0473,22674.26,0.9527,60,Revenda multimarca,2013,12,25,CLT,1600.0,40.0,Própria,401.0,4,1,Sim,0
P004720,2025-12-01,22000.0,440.0,0.02,21560.0,0.98,48,Revenda multimarca,2022,3,41,CLT,,114.0,Alugada,289.0,5,4,Sim,0
P004721,2025-07-01,40300.0,16982.42,0.4214,23317.58,0.5786,36,Digital,2019,6,37,Empresário,7994.98,93.0,Alugada,716.0,1,0,Não,0
P004722,2025-11-01,43000.0,2390.8,0.0556,40609.2,0.9444,24,Digital,2023,2,59,CLT,7550.17,12.0,Alugada,451.0,2,1,Sim,0
P004723,2025-07-01,60400.0,14888.6,0.2465,45511.4,0.7535,24,Correspondente bancário,2021,4,54,Autônomo,18142.67,8.0,Familiar,756.0,0,1,Não,0
P004724,2025-10-01,31900.0,9739.07,0.3053,22160.93,0.6947,36,Digital,2024,1,36,Autônomo,8226.53,38.0,Alugada,635.0,2,0,Não,0
P004725,2025-09-01,27800.0,5120.76,0.1842,22679.24,0.8158,36,Concessionária,2023,2,67,Empresário,7486.05,60.0,Própria,484.0,1,4,Sim,0
P004726,2025-08-01,53700.0,1074.0,0.02,52626.0,0.98,36,Revenda multimarca,2023,2,48,Empresário,12601.88,98.0,Financiada,249.0,5,3,Não,0
P004727,2025-12-01,48100.0,6378.06,0.1326,41721.94,0.8674,36,Revenda multimarca,2024,1,50,Autônomo,4428.01,42.0,Própria,569.0,4,3,Não,0
P004728,2025-08-01,44500.0,15566.1,0.3498,28933.9,0.6502,60,Revenda multimarca,2018,7,37,CLT,3734.24,12.0,Financiada,533.0,1,5,Não,0
P004729,2025-09-01,36400.0,5256.16,0.1444,31143.84,0.8556,48,Revenda multimarca,2019,6,31,Empresário,9006.56,64.0,Própria,536.0,1,1,Não,0
P004730,2025-08-01,22000.0,2384.8,0.1084,19615.2,0.8916,36,Concessionária,2013,12,26,Servidor público,1854.69,27.0,Própria,463.0,4,0,Não,0
P004731,2025-11-01,59600.0,9351.24,0.1569,50248.76,0.8431,36,Revenda multimarca,2021,4,38,Servidor público,6144.81,,Familiar,550.0,1,1,Sim,0
P004732,2025-12-01,41200.0,7576.68,0.1839,33623.32,0.8161,36,Concessionária,2015,10,59,CLT,2560.77,,Familiar,369.0,5,0,Não,0
P004733,2025-07-01,35100.0,12207.78,0.3478,22892.22,0.6522,60,Concessionária,2018,7,43,CLT,3154.36,29.0,Própria,667.0,2,0,Não,0
P004734,2025-12-01,42800.0,4553.92,0.1064,38246.08,0.8936,48,Digital,2018,7,25,Servidor público,3262.28,28.0,Familiar,435.0,2,1,Sim,0
P004735,2025-11-01,57200.0,4524.52,0.0791,52675.48,0.9209,60,Concessionária,2020,5,45,Autônomo,7014.05,21.0,Financiada,620.0,0,1,Sim,0
P004736,2025-10-01,23400.0,1462.5,0.0625,21937.5,0.9375,24,Revenda multimarca,2023,2,34,CLT,4937.28,17.0,Familiar,616.0,0,5,Não,0
P004737,2025-10-01,22000.0,4261.4,0.1937,17738.6,0.8063,36,Digital,2020,5,67,Autônomo,2766.89,23.0,Alugada,406.0,5,0,Não,0
P004738,2025-11-01,22000.0,6186.4,0.2812,15813.6,0.7188,48,Revenda multimarca,2023,2,37,CLT,3119.94,,Familiar,472.0,2,3,Sim,0
P004739,2025-08-01,24500.0,4755.45,0.1941,19744.55,0.8059,60,Revenda multimarca,2019,6,28,Autônomo,1600.0,22.0,Própria,439.0,1,1,Não,0
P004740,2025-12-01,45500.0,8831.55,0.1941,36668.45,0.8059,36,Concessionária,2020,5,30,CLT,6722.0,55.0,Financiada,,0,1,Não,0
P004741,2025-07-01,41000.0,14596.0,0.356,26404.0,0.644,48,Concessionária,2023,2,75,Aposentado,8860.09,,Familiar,633.0,2,1,Não,0
P004742,2025-12-01,30800.0,4610.76,0.1497,26189.24,0.8503,48,Concessionária,2023,2,44,CLT,7240.61,4.0,Financiada,544.0,1,0,Não,0
P004743,2025-07-01,56000.0,12213.6,0.2181,43786.4,0.7819,36,Concessionária,2024,1,59,CLT,5350.97,32.0,Própria,595.0,1,1,Não,0
P004744,2025-10-01,35700.0,5836.95,0.1635,29863.05,0.8365,24,Concessionária,2018,7,68,Autônomo,3738.06,12.0,Própria,577.0,2,0,Não,0
P004745,2025-12-01,73700.0,19552.61,0.2653,54147.39,0.7347,36,Revenda multimarca,2022,3,41,Servidor público,8902.09,41.0,Financiada,649.0,2,5,Não,0
P004746,2025-10-01,66100.0,8130.3,0.123,57969.7,0.877,48,Concessionária,2023,2,29,CLT,6858.74,45.0,Familiar,833.0,0,2,Não,0
P004747,2025-07-01,47600.0,10262.56,0.2156,37337.44,0.7844,48,Correspondente bancário,2020,5,30,Empresário,4483.97,27.0,Alugada,571.0,0,0,Não,0
P004748,2025-11-01,41200.0,7494.28,0.1819,33705.72,0.8181,24,Revenda multimarca,2020,5,31,CLT,1600.0,74.0,Alugada,537.0,2,2,Não,0
P004749,2025-12-01,22000.0,3856.6,0.1753,18143.4,0.8247,24,Digital,2022,3,35,CLT,6757.63,57.0,Própria,619.0,2,1,Sim,0
P004750,2025-07-01,42500.0,9834.5,0.2314,32665.5,0.7686,24,Concessionária,2022,3,34,CLT,2145.94,,Financiada,493.0,1,1,Não,0
P004751,2025-10-01,80100.0,13649.04,0.1704,66450.96,0.8296,48,Concessionária,2024,1,43,Servidor público,8676.28,31.0,Própria,782.0,0,0,Não,0
P004752,2025-08-01,67900.0,7312.83,0.1077,60587.17,0.8923,48,Concessionária,2021,4,26,Servidor público,4487.65,96.0,Financiada,,1,3,Sim,0
P004753,2025-09-01,84600.0,35396.64,0.4184,49203.36,0.5816,60,Correspondente bancário,2024,1,38,Empresário,8674.35,,Própria,528.0,1,2,Não,0
P004754,2025-10-01,44400.0,5994.0,0.135,38406.0,0.865,36,Concessionária,2018,7,42,Autônomo,3535.46,11.0,Familiar,458.0,2,6,Não,0
P004755,2025-12-01,79800.0,19479.18,0.2441,60320.82,0.7559,48,Concessionária,2019,6,60,Empresário,8224.05,22.0,Alugada,597.0,2,0,Não,0
P004756,2025-07-01,73600.0,16412.8,0.223,57187.2,0.777,24,Concessionária,2019,6,29,CLT,4410.38,20.0,Alugada,300.0,5,2,Não,0
P004757,2025-07-01,43400.0,17728.9,0.4085,25671.1,0.5915,60,Concessionária,2018,7,28,CLT,3316.89,117.0,Própria,690.0,1,1,Não,0
P004758,2025-12-01,28600.0,4124.12,0.1442,24475.88,0.8558,48,Concessionária,2021,4,75,Autônomo,,33.0,Financiada,512.0,5,3,Não,0
P004759,2025-09-01,35200.0,7522.24,0.2137,27677.76,0.7863,24,Concessionária,2023,2,75,Autônomo,4167.43,65.0,Alugada,710.0,5,1,Não,0
P004760,2025-10-01,50100.0,5971.92,0.1192,44128.08,0.8808,36,Digital,2021,4,33,CLT,3830.94,45.0,Alugada,618.0,0,2,Sim,0
P004761,2025-10-01,46500.0,11085.6,0.2384,35414.4,0.7616,60,Digital,2023,2,47,CLT,7216.0,18.0,Própria,706.0,1,4,Sim,0
P004762,2025-10-01,33500.0,9798.75,0.2925,23701.25,0.7075,48,Revenda multimarca,2023,2,28,CLT,4375.17,7.0,Alugada,652.0,0,2,Não,0
P004763,2025-11-01,44400.0,11561.76,0.2604,32838.24,0.7396,36,Correspondente bancário,2023,2,40,CLT,3710.08,35.0,Familiar,585.0,0,0,Não,0
P004764,2025-07-01,39100.0,6029.22,0.1542,33070.78,0.8458,48,Concessionária,2024,1,75,Empresário,4584.4,34.0,Alugada,371.0,1,1,Sim,0
P004765,2025-11-01,34200.0,11179.98,0.3269,23020.02,0.6731,24,Revenda multimarca,2020,5,37,Servidor público,,191.0,Própria,562.0,1,2,Não,0
P004766,2025-08-01,28500.0,12522.9,0.4394,15977.1,0.5606,24,Revenda multimarca,2022,3,48,Servidor público,7624.16,15.0,Alugada,725.0,0,1,Não,0
P004767,2025-08-01,36400.0,4280.64,0.1176,32119.36,0.8824,48,Revenda multimarca,2017,8,23,CLT,2364.47,42.0,Alugada,575.0,0,2,Sim,0
P004768,2025-07-01,25700.0,5191.4,0.202,20508.6,0.798,48,Revenda multimarca,2021,4,43,CLT,2240.84,113.0,Alugada,328.0,5,5,Não,0
P004769,2025-09-01,30900.0,13648.53,0.4417,17251.47,0.5583,60,Digital,2021,4,33,Autônomo,1600.0,14.0,Financiada,371.0,2,2,Não,0
P004770,2025-09-01,29600.0,6882.0,0.2325,22718.0,0.7675,60,Concessionária,2022,3,48,CLT,3754.3,154.0,Própria,442.0,1,2,Não,0
P004771,2025-07-01,34000.0,6823.8,0.2007,27176.2,0.7993,36,Concessionária,2022,3,39,CLT,1909.96,47.0,Alugada,692.0,0,1,Não,0
P004772,2025-11-01,22000.0,6626.4,0.3012,15373.6,0.6988,36,Concessionária,2021,4,35,CLT,2506.4,40.0,Familiar,497.0,3,1,Não,0
P004773,2025-08-01,22000.0,3702.6,0.1683,18297.4,0.8317,60,Concessionária,2022,3,35,Autônomo,3884.37,22.0,Familiar,605.0,0,1,Não,0
P004774,2025-11-01,64600.0,6220.98,0.0963,58379.02,0.9037,36,Revenda multimarca,2024,1,31,CLT,12778.42,45.0,Familiar,453.0,5,1,Não,0
P004775,2025-12-01,25100.0,983.92,0.0392,24116.08,0.9608,60,Concessionária,2016,9,30,CLT,1764.56,37.0,Própria,295.0,5,0,Sim,0
P004776,2025-12-01,96700.0,26950.29,0.2787,69749.71,0.7213,60,Digital,2023,2,40,CLT,5254.39,55.0,Familiar,742.0,0,0,Sim,0
P004777,2025-07-01,34900.0,11363.44,0.3256,23536.56,0.6744,60,Concessionária,2024,1,34,CLT,3659.73,148.0,Própria,509.0,3,0,Sim,0
P004778,2025-09-01,40800.0,816.0,0.02,39984.0,0.98,36,Concessionária,2020,5,45,Empresário,4873.2,45.0,Alugada,680.0,1,2,Sim,0
P004779,2025-09-01,34000.0,1060.8,0.0312,32939.2,0.9688,48,Concessionária,2019,6,53,Aposentado,4191.73,165.0,Financiada,501.0,2,1,Não,0
P004780,2025-12-01,36600.0,4476.18,0.1223,32123.82,0.8777,48,Concessionária,2021,4,42,CLT,1600.0,89.0,Própria,335.0,5,3,Não,0
P004781,2025-12-01,22000.0,752.4,0.0342,21247.6,0.9658,48,Concessionária,2022,3,51,Servidor público,4325.43,40.0,Alugada,,5,7,Sim,0
P004782,2025-12-01,40600.0,3049.06,0.0751,37550.94,0.9249,24,Revenda multimarca,2024,1,40,CLT,2407.04,20.0,Familiar,465.0,1,2,Não,0
P004783,2025-10-01,53200.0,2096.08,0.0394,51103.92,0.9606,48,Revenda multimarca,2024,1,30,CLT,2888.81,45.0,Alugada,548.0,0,2,Sim,0
P004784,2025-07-01,55200.0,16802.88,0.3044,38397.12,0.6956,24,Digital,2025,0,50,Autônomo,5709.63,110.0,Financiada,790.0,0,0,Não,0
P004785,2025-07-01,58400.0,6599.2,0.113,51800.8,0.887,36,Concessionária,2024,1,75,Empresário,16075.85,35.0,Alugada,748.0,0,1,Não,0
P004786,2025-09-01,38800.0,10817.44,0.2788,27982.56,0.7212,48,Concessionária,2019,6,65,Aposentado,1600.0,,Financiada,314.0,5,9,Não,0
P004787,2025-11-01,48800.0,11248.4,0.2305,37551.6,0.7695,60,Revenda multimarca,2022,3,75,CLT,5347.79,86.0,Própria,481.0,2,7,Não,0
P004788,2025-08-01,44800.0,27216.0,0.6075,17584.0,0.3925,48,Digital,2020,5,24,CLT,9572.04,72.0,Familiar,643.0,0,0,Não,0
P004789,2025-08-01,34800.0,11595.36,0.3332,23204.64,0.6668,36,Revenda multimarca,2019,6,40,Autônomo,3864.81,,Financiada,744.0,0,3,Não,0
P004790,2025-08-01,52800.0,4947.36,0.0937,47852.64,0.9063,24,Revenda multimarca,2022,3,33,CLT,4135.3,61.0,Financiada,532.0,2,1,Não,0
P004791,2025-12-01,59100.0,8510.4,0.144,50589.6,0.856,60,Revenda multimarca,2021,4,43,Empresário,4202.13,57.0,Própria,552.0,0,3,Não,0
P004792,2025-08-01,79600.0,31243.0,0.3925,48357.0,0.6075,36,Revenda multimarca,2024,1,54,CLT,8339.83,37.0,Familiar,790.0,0,1,Não,0
P004793,2025-10-01,27600.0,7888.08,0.2858,19711.92,0.7142,36,Correspondente bancário,2024,1,30,CLT,1600.0,61.0,Alugada,616.0,0,2,Não,0
P004794,2025-11-01,46700.0,3633.26,0.0778,43066.74,0.9222,36,Revenda multimarca,2023,2,41,Autônomo,3775.47,25.0,Familiar,458.0,0,2,Sim,0
P004795,2025-09-01,50700.0,16330.47,0.3221,34369.53,0.6779,24,Concessionária,2023,2,62,Empresário,13421.82,3.0,Alugada,665.0,0,1,Não,0
P004796,2025-10-01,49100.0,7482.84,0.1524,41617.16,0.8476,24,Concessionária,2023,2,26,CLT,5857.75,32.0,Própria,500.0,2,2,Não,0
P004797,2025-08-01,22000.0,3443.0,0.1565,18557.0,0.8435,60,Correspondente bancário,2021,4,33,Autônomo,2904.89,9.0,Própria,,0,0,Não,0
P004798,2025-07-01,33800.0,2835.82,0.0839,30964.18,0.9161,60,Revenda multimarca,2024,1,39,CLT,1600.0,34.0,Alugada,432.0,5,5,Não,0
P004799,2025-10-01,104200.0,8815.32,0.0846,95384.68,0.9154,36,Concessionária,2024,1,34,CLT,9420.99,58.0,Própria,711.0,0,0,Não,0
P004800,2025-10-01,31600.0,11341.24,0.3589,20258.76,0.6411,48,Correspondente bancário,2019,6,62,Servidor público,2960.05,158.0,Alugada,424.0,5,3,Sim,0
P004801,2025-12-01,49100.0,4649.77,0.0947,44450.23,0.9053,48,Digital,2022,3,42,CLT,5505.53,7.0,Financiada,648.0,0,2,Não,0
P004802,2025-10-01,35600.0,6119.64,0.1719,29480.36,0.8281,24,Correspondente bancário,2016,9,25,Autônomo,1600.0,24.0,Alugada,452.0,2,2,Sim,0
P004803,2025-09-01,56200.0,18675.26,0.3323,37524.74,0.6677,36,Correspondente bancário,2024,1,37,CLT,3126.45,26.0,Alugada,605.0,1,3,Não,0
P004804,2025-09-01,25000.0,4895.0,0.1958,20105.0,0.8042,60,Digital,2022,3,35,CLT,2477.67,27.0,Própria,423.0,5,3,Não,0
P004805,2025-11-01,42800.0,13610.4,0.318,29189.6,0.682,48,Concessionária,2021,4,37,Autônomo,6407.06,15.0,Própria,757.0,2,0,Não,0
P004806,2025-12-01,54200.0,7539.22,0.1391,46660.78,0.8609,48,Concessionária,2013,12,53,Autônomo,6907.28,86.0,Própria,582.0,0,2,Sim,0
P004807,2025-12-01,32800.0,7153.68,0.2181,25646.32,0.7819,48,Concessionária,2015,10,38,CLT,5273.53,62.0,Familiar,453.0,2,2,Não,0
P004808,2025-09-01,53400.0,28013.64,0.5246,25386.36,0.4754,48,Revenda multimarca,2022,3,33,Autônomo,7426.45,10.0,Alugada,693.0,1,0,Não,0
P004809,2025-11-01,29100.0,1568.49,0.0539,27531.51,0.9461,48,Digital,2019,6,34,CLT,4189.28,79.0,Própria,592.0,2,0,Sim,0
P004810,2025-08-01,29500.0,6728.95,0.2281,22771.05,0.7719,60,Concessionária,2019,6,55,Empresário,6068.84,61.0,Alugada,663.0,0,2,Sim,0
P004811,2025-12-01,45900.0,11011.41,0.2399,34888.59,0.7601,48,Concessionária,2020,5,39,CLT,3402.12,,Alugada,604.0,2,3,Sim,0
P004812,2025-09-01,51600.0,8452.08,0.1638,43147.92,0.8362,36,Digital,2017,8,24,CLT,3843.56,18.0,Própria,876.0,1,1,Não,0
P004813,2025-09-01,54200.0,10959.24,0.2022,43240.76,0.7978,60,Concessionária,2019,6,28,Servidor público,8356.51,118.0,Própria,710.0,0,4,Sim,0
P004814,2025-10-01,22000.0,6833.2,0.3106,15166.8,0.6894,36,Revenda multimarca,2015,10,34,Autônomo,1636.63,6.0,Financiada,550.0,1,1,Não,0
P004815,2025-07-01,26900.0,7392.12,0.2748,19507.88,0.7252,48,Digital,2016,9,23,CLT,4264.81,36.0,Alugada,588.0,0,3,Não,0
P004816,2025-10-01,28100.0,8803.73,0.3133,19296.27,0.6867,48,Correspondente bancário,2024,1,36,CLT,3904.09,,Financiada,419.0,0,0,Não,0
P004817,2025-07-01,36900.0,6188.13,0.1677,30711.87,0.8323,36,Revenda multimarca,2013,12,58,Autônomo,2023.0,,Financiada,490.0,0,0,Sim,0
P004818,2025-07-01,37800.0,6225.66,0.1647,31574.34,0.8353,48,Revenda multimarca,2018,7,34,CLT,2270.8,47.0,Familiar,489.0,5,0,Não,0
P004819,2025-09-01,22000.0,10865.8,0.4939,11134.2,0.5061,36,Concessionária,2018,7,29,CLT,1600.0,132.0,Alugada,688.0,0,1,Não,0
P004820,2025-11-01,40700.0,11021.56,0.2708,29678.44,0.7292,48,Concessionária,2015,10,26,CLT,2038.5,52.0,Própria,539.0,1,1,Não,0
P004821,2025-08-01,38500.0,28875.0,0.75,9625.0,0.25,36,Revenda multimarca,2018,7,53,Autônomo,1600.0,37.0,Própria,320.0,5,6,Não,0
P004822,2025-09-01,44300.0,2604.84,0.0588,41695.16,0.9412,60,Revenda multimarca,2017,8,64,CLT,,74.0,Familiar,576.0,1,5,Não,0
P004823,2025-07-01,52900.0,3316.83,0.0627,49583.17,0.9373,24,Correspondente bancário,2016,9,44,Autônomo,4733.89,26.0,Familiar,601.0,1,3,Sim,0
P004824,2025-09-01,97600.0,26498.4,0.2715,71101.6,0.7285,48,Revenda multimarca,2024,1,30,CLT,,71.0,Alugada,612.0,0,3,Não,0
P004825,2025-10-01,66800.0,3507.0,0.0525,63293.0,0.9475,36,Digital,2015,10,31,CLT,5107.25,22.0,Financiada,,0,3,Não,0
P004826,2025-07-01,23000.0,5037.0,0.219,17963.0,0.781,36,Concessionária,2017,8,46,CLT,2964.98,32.0,Alugada,554.0,2,6,Sim,0
P004827,2025-07-01,32000.0,976.0,0.0305,31024.0,0.9695,36,Concessionária,2023,2,34,Empresário,8576.47,29.0,Própria,536.0,3,3,Sim,0
P004828,2025-12-01,36800.0,4298.24,0.1168,32501.76,0.8832,60,Revenda multimarca,2023,2,29,Autônomo,3807.01,3.0,Própria,268.0,5,2,Não,0
P004829,2025-07-01,22100.0,1971.32,0.0892,20128.68,0.9108,36,Revenda multimarca,2017,8,32,CLT,1600.0,153.0,Própria,252.0,5,1,Não,0
P004830,2025-12-01,23600.0,6128.92,0.2597,17471.08,0.7403,24,Correspondente bancário,2015,10,37,CLT,,47.0,Própria,417.0,5,5,Sim,0
P004831,2025-09-01,31800.0,9117.06,0.2867,22682.94,0.7133,60,Concessionária,2023,2,65,Aposentado,,170.0,Própria,621.0,1,2,Não,0
P004832,2025-09-01,50200.0,1004.0,0.02,49196.0,0.98,36,Revenda multimarca,2023,2,51,CLT,,65.0,Familiar,564.0,0,3,Não,0
P004833,2025-08-01,44400.0,3094.68,0.0697,41305.32,0.9303,36,Revenda multimarca,2024,1,32,CLT,4134.47,36.0,Familiar,528.0,1,1,Não,0
P004834,2025-10-01,72200.0,17465.18,0.2419,54734.82,0.7581,24,Revenda multimarca,2020,5,37,CLT,8112.84,64.0,Própria,837.0,0,1,Sim,0
P004835,2025-07-01,40000.0,17352.0,0.4338,22648.0,0.5662,24,Revenda multimarca,2013,12,37,Autônomo,1871.06,,Financiada,436.0,4,2,Não,0
P004836,2025-09-01,50300.0,14888.8,0.296,35411.2,0.704,36,Revenda multimarca,2023,2,48,Autônomo,4884.39,15.0,Alugada,663.0,0,1,Não,0
P004837,2025-12-01,31600.0,6907.76,0.2186,24692.24,0.7814,60,Concessionária,2017,8,40,Autônomo,3710.34,37.0,Financiada,782.0,0,0,Sim,0
P004838,2025-09-01,44900.0,7228.9,0.161,37671.1,0.839,24,Revenda multimarca,2020,5,52,CLT,,6.0,Financiada,743.0,0,1,Não,0
P004839,2025-12-01,39100.0,9290.16,0.2376,29809.84,0.7624,48,Digital,2018,7,35,CLT,2080.61,,Financiada,643.0,0,4,Não,0
P004840,2025-07-01,36300.0,11009.79,0.3033,25290.21,0.6967,36,Concessionária,2024,1,29,CLT,3324.29,132.0,Alugada,449.0,3,2,Não,0
P004841,2025-09-01,35400.0,7288.86,0.2059,28111.14,0.7941,24,Concessionária,2016,9,44,CLT,7556.44,20.0,Alugada,747.0,1,1,Não,0
P004842,2025-11-01,24600.0,2939.7,0.1195,21660.3,0.8805,60,Digital,2023,2,38,CLT,4321.01,77.0,Familiar,640.0,1,1,Não,0
P004843,2025-10-01,29100.0,3107.88,0.1068,25992.12,0.8932,24,Digital,2022,3,27,CLT,2885.17,16.0,Própria,690.0,1,0,Não,0
P004844,2025-10-01,49000.0,10486.0,0.214,38514.0,0.786,48,Digital,2017,8,46,Servidor público,7245.23,,Alugada,727.0,0,3,Não,0
P004845,2025-10-01,22000.0,5929.0,0.2695,16071.0,0.7305,24,Concessionária,2022,3,27,CLT,1600.0,49.0,Familiar,439.0,5,1,Sim,0
P004846,2025-09-01,22000.0,5247.0,0.2385,16753.0,0.7615,60,Concessionária,2019,6,30,CLT,2535.17,61.0,Financiada,466.0,2,0,Sim,0
P004847,2025-12-01,29800.0,6010.66,0.2017,23789.34,0.7983,24,Revenda multimarca,2024,1,32,CLT,2593.33,14.0,Familiar,701.0,1,2,Não,0
P004848,2025-07-01,51500.0,12890.45,0.2503,38609.55,0.7497,60,Digital,2019,6,51,Empresário,8814.08,17.0,Familiar,662.0,0,1,Não,0
P004849,2025-09-01,61500.0,34599.9,0.5626,26900.1,0.4374,48,Concessionária,2024,1,43,CLT,13368.98,8.0,Própria,757.0,0,1,Não,0
P004850,2025-08-01,42200.0,844.0,0.02,41356.0,0.98,60,Digital,2024,1,26,Empresário,3064.95,13.0,Alugada,,3,1,Sim,0
P004851,2025-09-01,29000.0,10706.8,0.3692,18293.2,0.6308,48,Concessionária,2022,3,44,Servidor público,11298.03,57.0,Alugada,505.0,0,2,Não,0
P004852,2025-11-01,38100.0,5871.21,0.1541,32228.79,0.8459,24,Correspondente bancário,2023,2,32,CLT,3288.77,32.0,Familiar,490.0,2,0,Não,0
P004853,2025-07-01,67400.0,1698.48,0.0252,65701.52,0.9748,48,Revenda multimarca,2022,3,43,Empresário,14119.09,10.0,Própria,361.0,5,8,Não,0
P004854,2025-07-01,43900.0,10395.52,0.2368,33504.48,0.7632,36,Revenda multimarca,2022,3,44,Autônomo,,44.0,Própria,304.0,3,4,Não,0
P004855,2025-07-01,22000.0,5682.6,0.2583,16317.4,0.7417,48,Concessionária,2024,1,36,Autônomo,2017.26,28.0,Alugada,460.0,2,3,Não,0
P004856,2025-08-01,22000.0,2919.4,0.1327,19080.6,0.8673,60,Concessionária,2020,5,29,CLT,2140.3,2.0,Própria,501.0,1,2,Não,0
P004857,2025-09-01,36500.0,10716.4,0.2936,25783.6,0.7064,36,Digital,2022,3,26,Empresário,5933.91,55.0,Familiar,783.0,0,0,Não,0
P004858,2025-07-01,53100.0,18436.32,0.3472,34663.68,0.6528,48,Concessionária,2023,2,24,Empresário,9329.05,47.0,Própria,638.0,1,1,Não,0
P004859,2025-12-01,52700.0,20131.4,0.382,32568.6,0.618,24,Concessionária,2017,8,38,CLT,7512.74,,Financiada,696.0,0,2,Não,0
P004860,2025-09-01,43400.0,8015.98,0.1847,35384.02,0.8153,60,Concessionária,2021,4,39,Autônomo,3477.29,25.0,Própria,371.0,1,3,Não,0
P004861,2025-08-01,22000.0,6930.0,0.315,15070.0,0.685,48,Correspondente bancário,2016,9,40,Autônomo,1600.0,48.0,Alugada,535.0,4,3,Sim,0
P004862,2025-09-01,59400.0,3890.7,0.0655,55509.3,0.9345,48,Digital,2018,7,35,Servidor público,,18.0,Financiada,498.0,3,2,Não,0
P004863,2025-10-01,41400.0,5961.6,0.144,35438.4,0.856,24,Revenda multimarca,2017,8,46,CLT,2704.16,22.0,Própria,598.0,1,6,Não,0
P004864,2025-07-01,22000.0,6956.4,0.3162,15043.6,0.6838,24,Revenda multimarca,2013,12,36,Autônomo,1600.0,14.0,Familiar,357.0,5,1,Não,0
P004865,2025-11-01,22000.0,1784.2,0.0811,20215.8,0.9189,60,Concessionária,2023,2,34,CLT,1600.0,86.0,Alugada,418.0,5,7,Não,0
P004866,2025-11-01,50100.0,12555.06,0.2506,37544.94,0.7494,60,Correspondente bancário,2021,4,49,Autônomo,,6.0,Financiada,319.0,5,7,Sim,0
P004867,2025-11-01,43400.0,3819.2,0.088,39580.8,0.912,48,Concessionária,2021,4,31,Servidor público,5809.01,11.0,Própria,749.0,1,1,Não,0
P004868,2025-10-01,48600.0,23789.7,0.4895,24810.3,0.5105,48,Concessionária,2018,7,32,Autônomo,2092.8,88.0,Alugada,,1,3,Não,0
P004869,2025-10-01,22000.0,567.6,0.0258,21432.4,0.9742,48,Revenda multimarca,2020,5,24,CLT,1992.05,28.0,Familiar,404.0,1,2,Não,0
P004870,2025-07-01,30500.0,6841.15,0.2243,23658.85,0.7757,24,Concessionária,2019,6,30,CLT,3573.69,55.0,Própria,475.0,4,3,Não,0
P004871,2025-07-01,22000.0,4019.4,0.1827,17980.6,0.8173,48,Revenda multimarca,2021,4,23,Servidor público,4641.16,60.0,Própria,681.0,1,1,Não,0
P004872,2025-08-01,22000.0,6580.2,0.2991,15419.8,0.7009,24,Revenda multimarca,2021,4,46,CLT,,64.0,Familiar,384.0,5,1,Não,0
P004873,2025-12-01,103300.0,23108.21,0.2237,80191.79,0.7763,48,Concessionária,2020,5,37,Servidor público,10585.29,228.0,Familiar,530.0,0,3,Não,0
P004874,2025-11-01,51000.0,6828.9,0.1339,44171.1,0.8661,24,Digital,2024,1,28,CLT,8585.81,21.0,Própria,593.0,0,2,Não,0
P004875,2025-09-01,55800.0,12850.74,0.2303,42949.26,0.7697,60,Digital,2013,12,34,CLT,1750.15,47.0,Familiar,348.0,2,5,Sim,0
P004876,2025-11-01,28800.0,1877.76,0.0652,26922.24,0.9348,36,Concessionária,2020,5,71,Aposentado,2717.02,39.0,Alugada,330.0,1,5,Sim,0
P004877,2025-08-01,37000.0,6604.5,0.1785,30395.5,0.8215,36,Revenda multimarca,2018,7,46,CLT,4069.95,71.0,Própria,465.0,0,2,Não,0
P004878,2025-08-01,37200.0,11721.72,0.3151,25478.28,0.6849,24,Correspondente bancário,2023,2,33,Autônomo,4350.03,16.0,Própria,591.0,1,2,Não,0
P004879,2025-09-01,29700.0,4404.51,0.1483,25295.49,0.8517,48,Correspondente bancário,2013,12,26,CLT,6450.2,24.0,Própria,343.0,1,2,Não,0
P004880,2025-07-01,49200.0,7079.88,0.1439,42120.12,0.8561,48,Revenda multimarca,2018,7,33,Empresário,4147.19,,Própria,425.0,1,3,Não,0
P004881,2025-09-01,43800.0,7800.78,0.1781,35999.22,0.8219,60,Concessionária,2019,6,25,CLT,3066.62,55.0,Própria,467.0,4,0,Não,0
P004882,2025-09-01,32300.0,8378.62,0.2594,23921.38,0.7406,60,Revenda multimarca,2024,1,41,Autônomo,,,Própria,451.0,2,2,Não,0
P004883,2025-07-01,22000.0,1284.8,0.0584,20715.2,0.9416,24,Correspondente bancário,2023,2,29,Autônomo,1602.68,15.0,Alugada,281.0,5,6,Sim,0
P004884,2025-12-01,57800.0,21859.96,0.3782,35940.04,0.6218,36,Concessionária,2020,5,34,Servidor público,6142.71,37.0,Familiar,526.0,1,2,Não,0
P004885,2025-11-01,41700.0,12526.68,0.3004,29173.32,0.6996,48,Revenda multimarca,2023,2,49,Servidor público,12013.67,,Alugada,415.0,0,1,Não,0
P004886,2025-09-01,22000.0,9088.2,0.4131,12911.8,0.5869,60,Correspondente bancário,2023,2,33,Autônomo,1600.0,11.0,Familiar,167.0,5,6,Sim,0
P004887,2025-08-01,47400.0,6787.68,0.1432,40612.32,0.8568,48,Concessionária,2021,4,32,CLT,3095.55,144.0,Própria,754.0,0,0,Sim,0
P004888,2025-12-01,39800.0,7036.64,0.1768,32763.36,0.8232,36,Revenda multimarca,2018,7,36,Autônomo,2333.5,6.0,Familiar,490.0,3,0,Não,0
P004889,2025-07-01,61500.0,14311.05,0.2327,47188.95,0.7673,60,Revenda multimarca,2024,1,46,Servidor público,5635.16,111.0,Financiada,363.0,2,6,Não,0
P004890,2025-12-01,126800.0,44646.28,0.3521,82153.72,0.6479,24,Correspondente bancário,2023,2,43,CLT,21073.26,38.0,Financiada,732.0,0,0,Não,0
P004891,2025-09-01,97800.0,9780.0,0.1,88020.0,0.9,48,Concessionária,2025,0,34,CLT,15332.37,113.0,Familiar,792.0,0,0,Não,0
P004892,2025-08-01,31400.0,5127.62,0.1633,26272.38,0.8367,36,Digital,2025,0,31,CLT,3289.26,126.0,Própria,486.0,0,3,Não,0
P004893,2025-10-01,23600.0,5173.12,0.2192,18426.88,0.7808,36,Correspondente bancário,2024,1,52,CLT,3002.55,,Própria,378.0,4,2,Não,0
P004894,2025-09-01,30600.0,5202.0,0.17,25398.0,0.83,60,Concessionária,2023,2,36,Servidor público,3801.45,159.0,Alugada,634.0,2,4,Não,0
P004895,2025-10-01,37600.0,9193.2,0.2445,28406.8,0.7555,48,Digital,2022,3,38,Autônomo,3375.11,37.0,Própria,550.0,1,3,Não,0
P004896,2025-09-01,22000.0,3742.2,0.1701,18257.8,0.8299,24,Digital,2024,1,45,CLT,1600.0,34.0,Familiar,428.0,1,0,Não,0
P004897,2025-07-01,22000.0,3588.2,0.1631,18411.8,0.8369,24,Revenda multimarca,2018,7,24,CLT,1600.0,72.0,Alugada,325.0,5,5,Não,0
P004898,2025-12-01,23400.0,3315.78,0.1417,20084.22,0.8583,24,Concessionária,2024,1,25,CLT,4240.96,8.0,Familiar,439.0,2,3,Não,0
P004899,2025-08-01,57100.0,3209.02,0.0562,53890.98,0.9438,36,Concessionária,2021,4,75,Aposentado,5714.58,130.0,Financiada,429.0,1,3,Não,0
P004900,2025-11-01,34500.0,6955.2,0.2016,27544.8,0.7984,36,Concessionária,2024,1,26,Servidor público,2806.49,16.0,Própria,681.0,1,2,Não,0
P004901,2025-12-01,56100.0,21469.47,0.3827,34630.53,0.6173,60,Concessionária,2023,2,58,Empresário,,5.0,Alugada,542.0,5,1,Sim,0
P004902,2025-11-01,64600.0,16847.68,0.2608,47752.32,0.7392,36,Concessionária,2024,1,30,CLT,6971.24,36.0,Alugada,698.0,0,1,Não,0
P004903,2025-07-01,69600.0,20170.08,0.2898,49429.92,0.7102,60,Concessionária,2022,3,34,Servidor público,8063.78,,Familiar,881.0,0,1,Não,0
P004904,2025-10-01,22000.0,3322.0,0.151,18678.0,0.849,60,Revenda multimarca,2021,4,39,Autônomo,1600.0,46.0,Própria,550.0,1,1,Não,0
P004905,2025-10-01,25600.0,512.0,0.02,25088.0,0.98,48,Revenda multimarca,2020,5,22,CLT,3459.62,,Familiar,389.0,5,6,Sim,0
P004906,2025-08-01,58100.0,25819.64,0.4444,32280.36,0.5556,48,Digital,2022,3,37,Servidor público,6809.69,86.0,Própria,653.0,0,1,Não,0
P004907,2025-08-01,31400.0,1259.14,0.0401,30140.86,0.9599,36,Digital,2016,9,25,Autônomo,2826.44,31.0,Financiada,545.0,0,1,Não,0
P004908,2025-08-01,25400.0,3335.02,0.1313,22064.98,0.8687,24,Concessionária,2023,2,43,CLT,2725.91,10.0,Financiada,641.0,1,1,Não,0
P004909,2025-12-01,22800.0,3205.68,0.1406,19594.32,0.8594,48,Concessionária,2018,7,43,CLT,2674.87,,Familiar,402.0,1,0,Não,0
P004910,2025-07-01,23600.0,4498.16,0.1906,19101.84,0.8094,48,Digital,2013,12,40,Autônomo,2492.7,61.0,Alugada,496.0,1,1,Não,0
P004911,2025-08-01,66800.0,8109.52,0.1214,58690.48,0.8786,48,Digital,2024,1,31,CLT,6912.27,15.0,Própria,948.0,0,0,Não,0
P004912,2025-12-01,26500.0,3521.85,0.1329,22978.15,0.8671,60,Concessionária,2021,4,51,CLT,7586.76,,Alugada,656.0,0,2,Não,0
P004913,2025-10-01,46400.0,4185.28,0.0902,42214.72,0.9098,60,Concessionária,2023,2,39,Autônomo,,100.0,Familiar,576.0,0,1,Não,0
P004914,2025-08-01,23400.0,7719.66,0.3299,15680.34,0.6701,48,Revenda multimarca,2024,1,57,CLT,4006.11,33.0,Familiar,413.0,1,2,Não,0
P004915,2025-07-01,22000.0,9611.8,0.4369,12388.2,0.5631,36,Concessionária,2014,11,29,CLT,1779.46,57.0,Própria,637.0,0,1,Não,0
P004916,2025-11-01,44200.0,7478.64,0.1692,36721.36,0.8308,48,Digital,2019,6,65,Aposentado,1967.85,37.0,Familiar,426.0,2,0,Não,0
P004917,2025-10-01,94200.0,16079.94,0.1707,78120.06,0.8293,60,Concessionária,2023,2,30,CLT,6087.68,37.0,Financiada,826.0,0,0,Não,0
P004918,2025-07-01,33600.0,6575.52,0.1957,27024.48,0.8043,36,Revenda multimarca,2023,2,68,Aposentado,3200.76,,Financiada,362.0,3,2,Sim,0
P004919,2025-08-01,26300.0,1283.44,0.0488,25016.56,0.9512,48,Revenda multimarca,2021,4,34,CLT,1600.0,162.0,Própria,380.0,4,4,Sim,0
P004920,2025-08-01,53700.0,19525.32,0.3636,34174.68,0.6364,48,Digital,2023,2,28,Autônomo,5604.72,57.0,Própria,784.0,0,1,Não,0
P004921,2025-12-01,26500.0,7250.4,0.2736,19249.6,0.7264,24,Revenda multimarca,2014,11,33,Autônomo,1600.0,10.0,Própria,365.0,3,1,Não,0
P004922,2025-10-01,31900.0,8759.74,0.2746,23140.26,0.7254,48,Revenda multimarca,2021,4,26,CLT,3025.16,20.0,Familiar,551.0,5,0,Não,0
P004923,2025-07-01,30700.0,3819.08,0.1244,26880.92,0.8756,36,Revenda multimarca,2021,4,60,CLT,3515.25,74.0,Alugada,514.0,2,0,Não,0
P004924,2025-11-01,48000.0,5942.4,0.1238,42057.6,0.8762,60,Revenda multimarca,2018,7,25,Servidor público,7858.89,74.0,Própria,405.0,0,2,Não,0
P004925,2025-07-01,22000.0,4287.8,0.1949,17712.2,0.8051,48,Revenda multimarca,2021,4,36,CLT,,13.0,Alugada,241.0,5,6,Sim,0
P004926,2025-09-01,22000.0,7845.2,0.3566,14154.8,0.6434,60,Concessionária,2020,5,38,Autônomo,1600.0,176.0,Financiada,338.0,2,3,Não,0
P004927,2025-12-01,52300.0,16835.37,0.3219,35464.63,0.6781,60,Revenda multimarca,2020,5,67,Aposentado,8619.53,135.0,Própria,586.0,0,2,Não,0
P004928,2025-09-01,102200.0,18815.02,0.1841,83384.98,0.8159,60,Concessionária,2022,3,29,CLT,,79.0,Própria,536.0,1,1,Não,0
P004929,2025-11-01,27200.0,4088.16,0.1503,23111.84,0.8497,24,Correspondente bancário,2022,3,24,CLT,4869.0,49.0,Familiar,723.0,2,0,Não,0
P004930,2025-07-01,37600.0,6632.64,0.1764,30967.36,0.8236,60,Concessionária,2023,2,29,CLT,2707.63,132.0,Alugada,587.0,1,3,Não,0
P004931,2025-12-01,22000.0,2963.4,0.1347,19036.6,0.8653,48,Correspondente bancário,2015,10,60,Autônomo,2308.25,34.0,Alugada,186.0,5,7,Sim,0
P004932,2025-07-01,34300.0,9898.98,0.2886,24401.02,0.7114,24,Concessionária,2021,4,61,Autônomo,5114.75,,Financiada,540.0,3,2,Não,0
P004933,2025-07-01,25500.0,7270.05,0.2851,18229.95,0.7149,48,Digital,2023,2,45,CLT,,3.0,Própria,458.0,2,0,Sim,0
P004934,2025-10-01,32800.0,7317.68,0.2231,25482.32,0.7769,36,Correspondente bancário,2021,4,27,Autônomo,5066.32,92.0,Financiada,710.0,1,0,Sim,0
P004935,2025-07-01,38200.0,6234.24,0.1632,31965.76,0.8368,36,Concessionária,2021,4,56,Empresário,13723.74,,Própria,456.0,4,8,Sim,0
P004936,2025-09-01,47900.0,12056.43,0.2517,35843.57,0.7483,48,Concessionária,2015,10,24,CLT,3983.61,9.0,Familiar,727.0,0,2,Não,0
P004937,2025-12-01,60200.0,11179.14,0.1857,49020.86,0.8143,24,Revenda multimarca,2023,2,33,Autônomo,4476.38,12.0,Alugada,,1,2,Não,0
P004938,2025-07-01,28600.0,6952.66,0.2431,21647.34,0.7569,48,Correspondente bancário,2022,3,75,Aposentado,2947.36,198.0,Alugada,554.0,2,1,Não,0
P004939,2025-10-01,55900.0,20291.7,0.363,35608.3,0.637,24,Revenda multimarca,2024,1,44,Autônomo,9029.31,58.0,Familiar,817.0,0,0,Não,0
P004940,2025-09-01,45600.0,5969.04,0.1309,39630.96,0.8691,60,Concessionária,2024,1,40,CLT,,20.0,Alugada,456.0,3,0,Sim,0
P004941,2025-09-01,36400.0,10443.16,0.2869,25956.84,0.7131,24,Concessionária,2013,12,24,Servidor público,,32.0,Alugada,603.0,0,1,Não,0
P004942,2025-10-01,69800.0,29022.84,0.4158,40777.16,0.5842,48,Digital,2023,2,25,CLT,6134.37,28.0,Alugada,565.0,1,0,Não,0
P004943,2025-08-01,28200.0,5019.6,0.178,23180.4,0.822,48,Concessionária,2013,12,44,Servidor público,2540.1,145.0,Própria,458.0,1,3,Sim,0
P004944,2025-08-01,24600.0,2152.5,0.0875,22447.5,0.9125,24,Concessionária,2014,11,47,Autônomo,1926.57,9.0,Financiada,578.0,0,0,Não,0
P004945,2025-11-01,50900.0,12786.08,0.2512,38113.92,0.7488,36,Revenda multimarca,2022,3,50,Empresário,9290.18,30.0,Familiar,557.0,2,2,Não,0
P004946,2025-09-01,22000.0,6723.2,0.3056,15276.8,0.6944,36,Concessionária,2021,4,32,CLT,1687.48,,Própria,416.0,2,2,Não,0
P004947,2025-09-01,83800.0,42679.34,0.5093,41120.66,0.4907,24,Revenda multimarca,2025,0,42,Empresário,31234.32,,Própria,799.0,1,2,Não,0
P004948,2025-10-01,38900.0,7566.05,0.1945,31333.95,0.8055,60,Revenda multimarca,2025,0,33,CLT,8154.39,,Financiada,510.0,0,5,Não,0
P004949,2025-10-01,22000.0,1346.4,0.0612,20653.6,0.9388,60,Digital,2021,4,31,CLT,3231.5,46.0,Familiar,622.0,1,2,Sim,0
P004950,2025-10-01,42100.0,9139.91,0.2171,32960.09,0.7829,48,Revenda multimarca,2023,2,24,Autônomo,6417.95,34.0,Própria,871.0,0,0,Não,0
P004951,2025-07-01,22000.0,754.6,0.0343,21245.4,0.9657,60,Correspondente bancário,2021,4,40,CLT,3219.71,56.0,Financiada,406.0,4,3,Sim,0
P004952,2025-09-01,37400.0,10887.14,0.2911,26512.86,0.7089,36,Correspondente bancário,2023,2,59,Servidor público,4531.59,252.0,Própria,558.0,0,2,Não,0
P004953,2025-07-01,39700.0,1699.16,0.0428,38000.84,0.9572,36,Revenda multimarca,2021,4,41,CLT,4944.23,1.0,Própria,624.0,3,1,Sim,0
P004954,2025-07-01,37600.0,11701.12,0.3112,25898.88,0.6888,24,Digital,2022,3,47,CLT,3914.24,,Alugada,574.0,1,3,Não,0
P004955,2025-12-01,34000.0,1995.8,0.0587,32004.2,0.9413,48,Revenda multimarca,2023,2,40,Autônomo,1917.45,40.0,Alugada,729.0,1,5,Não,0
P004956,2025-09-01,22000.0,4983.0,0.2265,17017.0,0.7735,60,Revenda multimarca,2024,1,32,CLT,1600.0,40.0,Financiada,415.0,2,2,Não,0
P004957,2025-09-01,31100.0,4232.71,0.1361,26867.29,0.8639,48,Correspondente bancário,2023,2,50,Empresário,4809.56,33.0,Alugada,572.0,1,3,Não,0
P004958,2025-07-01,27100.0,7560.9,0.279,19539.1,0.721,36,Concessionária,2024,1,46,Autônomo,3953.53,52.0,Familiar,546.0,0,0,Não,0
P004959,2025-08-01,44900.0,1584.97,0.0353,43315.03,0.9647,24,Concessionária,2023,2,48,CLT,6923.5,57.0,Própria,712.0,0,1,Não,0
P004960,2025-12-01,47600.0,8729.84,0.1834,38870.16,0.8166,24,Revenda multimarca,2020,5,66,Autônomo,4318.3,,Própria,516.0,0,0,Sim,0
P004961,2025-11-01,22000.0,5572.6,0.2533,16427.4,0.7467,24,Concessionária,2023,2,43,Autônomo,2965.23,4.0,Familiar,695.0,0,1,Não,0
P004962,2025-11-01,58800.0,13171.2,0.224,45628.8,0.776,60,Concessionária,2021,4,30,Empresário,,5.0,Familiar,807.0,0,1,Não,0
P004963,2025-12-01,33700.0,3177.91,0.0943,30522.09,0.9057,48,Digital,2020,5,61,Autônomo,3516.89,,Própria,631.0,1,0,Não,0
P004964,2025-12-01,44900.0,2999.32,0.0668,41900.68,0.9332,24,Revenda multimarca,2019,6,49,Empresário,6125.8,78.0,Alugada,628.0,0,1,Não,0
P004965,2025-11-01,35400.0,4973.7,0.1405,30426.3,0.8595,36,Concessionária,2023,2,28,CLT,1786.66,37.0,Própria,559.0,2,1,Não,0
P004966,2025-12-01,40800.0,5834.4,0.143,34965.6,0.857,60,Revenda multimarca,2019,6,38,Autônomo,6411.98,74.0,Alugada,730.0,0,0,Não,0
P004967,2025-07-01,56800.0,12762.96,0.2247,44037.04,0.7753,60,Concessionária,2021,4,75,Aposentado,3932.64,348.0,Própria,623.0,0,2,Não,0
P004968,2025-12-01,25500.0,7560.75,0.2965,17939.25,0.7035,48,Concessionária,2024,1,38,CLT,3147.63,52.0,Financiada,880.0,0,0,Não,0
P004969,2025-08-01,26900.0,2340.3,0.087,24559.7,0.913,48,Revenda multimarca,2018,7,24,CLT,2748.87,31.0,Alugada,392.0,2,4,Sim,0
P004970,2025-10-01,24500.0,7771.4,0.3172,16728.6,0.6828,60,Correspondente bancário,2015,10,40,CLT,3874.19,41.0,Familiar,647.0,1,1,Não,0
P004971,2025-07-01,81600.0,4422.72,0.0542,77177.28,0.9458,60,Revenda multimarca,2022,3,37,Servidor público,2881.43,156.0,Própria,302.0,4,4,Sim,0
P004972,2025-11-01,23100.0,2905.98,0.1258,20194.02,0.8742,24,Concessionária,2020,5,34,Autônomo,1805.35,32.0,Financiada,592.0,0,0,Não,0
P004973,2025-10-01,99300.0,17010.09,0.1713,82289.91,0.8287,48,Revenda multimarca,2015,10,43,CLT,5860.55,24.0,Própria,555.0,1,2,Sim,0
P004974,2025-09-01,23600.0,4432.08,0.1878,19167.92,0.8122,36,Concessionária,2022,3,35,CLT,4782.39,66.0,Própria,589.0,0,2,Não,0
P004975,2025-07-01,49800.0,15831.42,0.3179,33968.58,0.6821,60,Concessionária,2023,2,27,CLT,12994.34,32.0,Alugada,906.0,0,0,Não,0
P004976,2025-08-01,95600.0,13785.52,0.1442,81814.48,0.8558,24,Concessionária,2024,1,29,CLT,6787.07,48.0,Financiada,823.0,1,1,Não,0
P004977,2025-10-01,28000.0,6557.6,0.2342,21442.4,0.7658,48,Concessionária,2020,5,49,CLT,2641.97,38.0,Própria,379.0,0,2,Não,0
P004978,2025-07-01,46500.0,2306.4,0.0496,44193.6,0.9504,24,Concessionária,2020,5,32,CLT,7235.83,21.0,Própria,464.0,0,2,Não,0
P004979,2025-07-01,41300.0,5307.05,0.1285,35992.95,0.8715,60,Revenda multimarca,2013,12,27,Servidor público,3275.43,,Alugada,458.0,2,2,Sim,0
P004980,2025-12-01,56500.0,7446.7,0.1318,49053.3,0.8682,36,Concessionária,2022,3,38,CLT,10093.57,26.0,Alugada,606.0,0,0,Não,0
P004981,2025-10-01,82400.0,7399.52,0.0898,75000.48,0.9102,60,Concessionária,2023,2,29,Empresário,7693.87,18.0,Financiada,588.0,0,0,Não,0
P004982,2025-09-01,22000.0,5979.6,0.2718,16020.4,0.7282,36,Revenda multimarca,2015,10,28,Empresário,4693.29,27.0,Alugada,361.0,5,1,Não,0
P004983,2025-12-01,49900.0,5688.6,0.114,44211.4,0.886,36,Digital,2023,2,36,CLT,5764.94,125.0,Financiada,600.0,0,2,Sim,0
P004984,2025-11-01,22000.0,9697.6,0.4408,12302.4,0.5592,36,Revenda multimarca,2020,5,26,Autônomo,1600.0,56.0,Própria,695.0,2,3,Não,0
P004985,2025-09-01,73900.0,55425.0,0.75,18475.0,0.25,36,Concessionária,2023,2,32,Servidor público,18112.67,134.0,Familiar,749.0,0,3,Não,0
P004986,2025-09-01,29200.0,4511.4,0.1545,24688.6,0.8455,60,Correspondente bancário,2023,2,26,CLT,3600.79,96.0,Financiada,668.0,1,1,Não,0
P004987,2025-11-01,48200.0,6714.26,0.1393,41485.74,0.8607,60,Concessionária,2024,1,58,Autônomo,3000.03,117.0,Própria,572.0,1,0,Não,0
P004988,2025-07-01,27100.0,6615.11,0.2441,20484.89,0.7559,60,Digital,2016,9,36,Autônomo,2221.05,12.0,Alugada,550.0,3,1,Não,0
P004989,2025-08-01,120700.0,10778.51,0.0893,109921.49,0.9107,36,Digital,2018,7,41,Servidor público,10906.65,,Própria,577.0,0,0,Sim,0
P004990,2025-11-01,31700.0,2713.52,0.0856,28986.48,0.9144,60,Revenda multimarca,2023,2,43,CLT,1600.0,101.0,Familiar,524.0,5,1,Sim,0
P004991,2025-07-01,56300.0,9312.02,0.1654,46987.98,0.8346,48,Concessionária,2016,9,48,Servidor público,,38.0,Própria,369.0,4,3,Sim,0
P004992,2025-12-01,40200.0,10801.74,0.2687,29398.26,0.7313,60,Digital,2023,2,32,Servidor público,3391.47,39.0,Financiada,414.0,2,4,Sim,0
P004993,2025-11-01,30200.0,2428.08,0.0804,27771.92,0.9196,60,Concessionária,2021,4,34,Autônomo,3756.78,42.0,Alugada,360.0,5,1,Não,0
P004994,2025-09-01,68200.0,7447.44,0.1092,60752.56,0.8908,36,Concessionária,2022,3,38,Autônomo,3099.79,107.0,Familiar,596.0,0,2,Não,0
P004995,2025-09-01,30100.0,19625.2,0.652,10474.8,0.348,36,Digital,2019,6,25,CLT,3832.27,4.0,Própria,,5,0,Não,0
P004996,2025-09-01,30100.0,3184.58,0.1058,26915.42,0.8942,60,Correspondente bancário,2021,4,37,CLT,,18.0,Financiada,518.0,1,2,Não,0
P004997,2025-10-01,22000.0,1293.6,0.0588,20706.4,0.9412,60,Revenda multimarca,2023,2,39,Empresário,1832.46,47.0,Própria,413.0,1,4,Não,0
P004998,2025-07-01,22000.0,9134.4,0.4152,12865.6,0.5848,36,Digital,2021,4,29,Empresário,4166.62,3.0,Própria,707.0,1,2,Não,0
P004999,2025-09-01,22000.0,6287.6,0.2858,15712.4,0.7142,60,Digital,2014,11,44,Autônomo,2872.98,33.0,Alugada,522.0,3,1,Sim,0
P005000,2025-07-01,38500.0,10360.35,0.2691,28139.65,0.7309,48,Digital,2021,4,62,CLT,2803.46,31.0,Própria,342.0,4,1,Não,0
